$date
	Thu Oct  8 10:21:05 2026
$end
$version
	Icarus Verilog
$end
$timescale
	1ps
$end
$scope module tb_single_cycle $end
$var wire 32 ! wb [31:0] $end
$var wire 1 " rw $end
$var wire 32 # probe_imm [31:0] $end
$var wire 32 $ pc [31:0] $end
$var wire 1 % mw $end
$var wire 32 & ins [31:0] $end
$var wire 1 ' fault $end
$var wire 1 ( bt $end
$var wire 32 ) alu [31:0] $end
$var reg 1 * clk $end
$var reg 32 + probe_ins [31:0] $end
$var reg 1 , reset $end
$var reg 256 - row [255:0] $end
$var integer 32 . i [31:0] $end
$scope module dut $end
$var wire 1 ( BranchTaken $end
$var wire 1 * clk $end
$var wire 1 ' fault $end
$var wire 1 , reset $end
$var wire 1 / zero $end
$var wire 32 0 writeback [31:0] $end
$var wire 1 1 use_imm $end
$var wire 32 2 target [31:0] $end
$var wire 32 3 next_pc [31:0] $end
$var wire 1 4 mem_to_reg $end
$var wire 1 5 mem_read $end
$var wire 1 6 mem_ok $end
$var wire 32 7 load_data [31:0] $end
$var wire 1 8 legal $end
$var wire 1 9 jump $end
$var wire 32 : instruction [31:0] $end
$var wire 32 ; imm [31:0] $end
$var wire 1 < if_ok $end
$var wire 1 = branch $end
$var wire 32 > b [31:0] $end
$var wire 4 ? alu_op [3:0] $end
$var wire 32 @ alu_b [31:0] $end
$var wire 32 A a [31:0] $end
$var wire 1 " RegWrite $end
$var wire 1 % MemWrite $end
$var wire 32 B ALU_Out [31:0] $end
$var parameter 32 C DMEM_WORDS $end
$var parameter 32 D IMEM_WORDS $end
$var parameter 168 E PROGRAM_FILE $end
$var reg 32 F PC [31:0] $end
$scope module alu $end
$var wire 32 G b [31:0] $end
$var wire 1 / zero $end
$var wire 4 H op [3:0] $end
$var wire 32 I a [31:0] $end
$var reg 32 J result [31:0] $end
$upscope $end
$scope module cu $end
$var wire 32 K ins [31:0] $end
$var reg 1 = branch $end
$var reg 1 9 jump $end
$var reg 1 8 legal $end
$var reg 1 5 mr $end
$var reg 1 4 mtr $end
$var reg 1 % mw $end
$var reg 4 L op [3:0] $end
$var reg 1 " rw $end
$var reg 1 1 src $end
$upscope $end
$scope module dmem $end
$var wire 32 M address [31:0] $end
$var wire 1 * clk $end
$var wire 1 5 re $end
$var wire 1 , reset $end
$var wire 1 6 valid $end
$var wire 1 N we $end
$var wire 32 O wd [31:0] $end
$var wire 32 P data [31:0] $end
$var parameter 32 Q WORDS $end
$var integer 32 R i [31:0] $end
$upscope $end
$scope module ig $end
$var wire 32 S ins [31:0] $end
$var reg 32 T imm [31:0] $end
$upscope $end
$scope module imem $end
$var wire 32 U address [31:0] $end
$var wire 1 < valid $end
$var wire 32 V instruction [31:0] $end
$var parameter 168 W PROGRAM_FILE $end
$var parameter 32 X WORDS $end
$upscope $end
$scope module rf $end
$var wire 1 * clk $end
$var wire 5 Y rd [4:0] $end
$var wire 1 , reset $end
$var wire 5 Z rs1 [4:0] $end
$var wire 5 [ rs2 [4:0] $end
$var wire 32 \ wd [31:0] $end
$var wire 1 ] we $end
$var wire 32 ^ b [31:0] $end
$var wire 32 _ a [31:0] $end
$var integer 32 ` i [31:0] $end
$upscope $end
$upscope $end
$scope module probe $end
$var wire 32 a ins [31:0] $end
$var reg 32 b imm [31:0] $end
$upscope $end
$scope task check_fault $end
$var reg 32 c bad [31:0] $end
$upscope $end
$upscope $end
$enddefinitions $end
$comment Show the parameter values. $end
$dumpall
b100000000 X
b11100110110100101101101001011110111000001110010011011110110011101110010011000010110110101110011001011110110010001100101011011010110111100101110011010000110010101111000 W
b1000000 Q
b11100110110100101101101001011110111000001110010011011110110011101110010011000010110110101110011001011110110010001100101011011010110111100101110011010000110010101111000 E
b100000000 D
b1000000 C
$end
#0
$dumpvars
bx c
bx b
b0 a
bx `
bx _
bx ^
x]
bx \
bx [
bx Z
bx Y
bx V
bx U
bx T
bx S
bx R
bx P
bx O
xN
bx M
bx L
bx K
bx J
bx I
bx H
bx G
bx F
bx B
bx A
bx @
bx ?
bx >
x=
x<
bx ;
bx :
x9
x8
bx 7
x6
x5
x4
bx 3
bx 2
x1
bx 0
x/
bx .
bx -
1,
b0 +
0*
bx )
x(
x'
bx &
x%
bx $
bx #
x"
bx !
$end
#5000
16
b1100 !
b1100 0
b1100 \
0/
b1100 )
b1100 B
b1100 J
b1100 M
b0 >
b0 O
b0 ^
b1100 @
b1100 G
0'
b0 7
b0 P
b0 A
b0 I
b0 _
0(
0N
1]
b100 3
b1 Y
b1100 [
b0 Z
18
b0 ?
b0 H
b0 L
09
0=
04
0%
05
11
1"
b1100 2
b1100 ;
b1100 T
1<
b110000000000000010010011 &
b110000000000000010010011 :
b110000000000000010010011 K
b110000000000000010010011 S
b110000000000000010010011 V
b0 $
b0 F
b0 U
b100000 `
b1000000 R
1*
#10000
0*
#12000
b100000000000000000000000000000000010000000000000000000000000000000100000000000000000000000000001100000000000000000000000000000000000000000000000000000000000000000000000000000000000000000000000000 -
b0 .
0,
#15000
06
b101 !
b101 0
b101 \
b101 )
b101 B
b101 J
b101 M
b101 @
b101 G
b10 Y
b101 [
18
11
1"
b101 ;
b101 T
b10100000000000100010011 &
b10100000000000100010011 :
b10100000000000100010011 K
b10100000000000100010011 S
b10100000000000100010011 V
b1000 3
b1001 2
b100 $
b100 F
b100 U
1*
#20000
b10000000000000000000000000000001000000000000000000000000000000000100000000000000000000000000000000100000000000000000000000000000101000000000000000000000000000000000000000000000000000000000000000000000000000000000000000000000000 -
b1 .
0*
#25000
b11111111111111111111111111111000 !
b11111111111111111111111111111000 0
b11111111111111111111111111111000 \
b11111111111111111111111111111000 )
b11111111111111111111111111111000 B
b11111111111111111111111111111000 J
b11111111111111111111111111111000 M
b11111111111111111111111111111000 @
b11111111111111111111111111111000 G
b11 Y
b11000 [
18
11
1"
b11111111111111111111111111111000 ;
b11111111111111111111111111111000 T
b11111111100000000000000110010011 &
b11111111100000000000000110010011 :
b11111111100000000000000110010011 K
b11111111100000000000000110010011 S
b11111111100000000000000110010011 V
b1100 3
b0 2
b1000 $
b1000 F
b1000 U
1*
#30000
b100000000000000000000000000000001100000000000000000000000000000000110000000000000000000000000000000111111111111111111111111111111000000000000000000000000000000000000000000000000000000000000000000000000000000000000000000000000000 -
b10 .
0*
#35000
06
b10001 !
b10001 0
b10001 \
b10001 )
b10001 B
b10001 J
b10001 M
b101 >
b101 O
b101 ^
b1100 A
b1100 I
b1100 _
b101 @
b101 G
b100 Y
b10 [
b1 Z
18
01
1"
b0 ;
b0 T
b1000001000001000110011 &
b1000001000001000110011 :
b1000001000001000110011 K
b1000001000001000110011 S
b1000001000001000110011 V
b10000 3
b1100 2
b1100 $
b1100 F
b1100 U
1*
#40000
b110000000000000000000000000000010000000000000000000000000000000001000000000000000000000000000000000100000000000000000000000000010001000000000000000000000000000000000000000000000000000000000000000000000000000000000000000000000000 -
b11 .
0*
#45000
b111 !
b111 0
b111 \
b111 )
b111 B
b111 J
b111 M
b1 ?
b1 H
b1 L
18
1"
b1000000001000001000001000110011 &
b1000000001000001000001000110011 :
b1000000001000001000001000110011 K
b1000000001000001000001000110011 S
b1000000001000001000001000110011 V
b10100 3
b10000 2
b10000 $
b10000 F
b10000 U
1*
#50000
b1000000000000000000000000000000010100000000000000000000000000000001000000000000000000000000000000000100000000000000000000000000000111000000000000000000000000000000000000000000000000000000000000000000000000000000000000000000000000 -
b100 .
0*
#55000
16
b100 !
b100 0
b100 \
b100 )
b100 B
b100 J
b100 M
18
b10 ?
b10 H
b10 L
1"
b1000001111001000110011 &
b1000001111001000110011 :
b1000001111001000110011 K
b1000001111001000110011 S
b1000001111001000110011 V
b11000 3
b10100 2
b10100 $
b10100 F
b10100 U
1*
#60000
b1010000000000000000000000000000011000000000000000000000000000000001000000000000000000000000000000000100000000000000000000000000000100000000000000000000000000000000000000000000000000000000000000000000000000000000000000000000000000 -
b101 .
0*
#65000
06
b1101 !
b1101 0
b1101 \
b1101 )
b1101 B
b1101 J
b1101 M
18
b11 ?
b11 H
b11 L
1"
b1000001110001000110011 &
b1000001110001000110011 :
b1000001110001000110011 K
b1000001110001000110011 S
b1000001110001000110011 V
b11100 3
b11000 2
b11000 $
b11000 F
b11000 U
1*
#70000
b1100000000000000000000000000000011100000000000000000000000000000001000000000000000000000000000000000100000000000000000000000000001101000000000000000000000000000000000000000000000000000000000000000000000000000000000000000000000000 -
b110 .
0*
#75000
b1001 !
b1001 0
b1001 \
b1001 )
b1001 B
b1001 J
b1001 M
18
b100 ?
b100 H
b100 L
1"
b1000001100001000110011 &
b1000001100001000110011 :
b1000001100001000110011 K
b1000001100001000110011 S
b1000001100001000110011 V
b100000 3
b11100 2
b11100 $
b11100 F
b11100 U
1*
#80000
b1110000000000000000000000000000100000000000000000000000000000000001000000000000000000000000000000000100000000000000000000000000001001000000000000000000000000000000000000000000000000000000000000000000000000000000000000000000000000 -
b111 .
0*
#85000
b110000000 !
b110000000 0
b110000000 \
b110000000 )
b110000000 B
b110000000 J
b110000000 M
18
b101 ?
b101 H
b101 L
1"
b1000001001001000110011 &
b1000001001001000110011 :
b1000001001001000110011 K
b1000001001001000110011 S
b1000001001001000110011 V
b100100 3
b100000 2
b100000 $
b100000 F
b100000 U
1*
#90000
b10000000000000000000000000000000100100000000000000000000000000000001000000000000000000000000000000000100000000000000000000000110000000000000000000000000000000000000000000000000000000000000000000000000000000000000000000000000000000 -
b1000 .
0*
#95000
16
b0 !
b0 0
b0 \
1/
b0 )
b0 B
b0 J
b0 M
18
b110 ?
b110 H
b110 L
1"
b1000001101001000110011 &
b1000001101001000110011 :
b1000001101001000110011 K
b1000001101001000110011 S
b1000001101001000110011 V
b101000 3
b100100 2
b100100 $
b100100 F
b100100 U
1*
#100000
b10010000000000000000000000000000101000000000000000000000000000000001000000000000000000000000000000000100000000000000000000000000000000000000000000000000000000000000000000000000000000000000000000000000000000000000000000000000000000 -
b1001 .
0*
#105000
18
b111 ?
b111 H
b111 L
1"
b1000000001000001101001000110011 &
b1000000001000001101001000110011 :
b1000000001000001101001000110011 K
b1000000001000001101001000110011 S
b1000000001000001101001000110011 V
b101100 3
b101000 2
b101000 $
b101000 F
b101000 U
1*
#110000
b10100000000000000000000000000000101100000000000000000000000000000001000000000000000000000000000000000100000000000000000000000000000000000000000000000000000000000000000000000000000000000000000000000000000000000000000000000000000000 -
b1010 .
0*
#115000
18
b1000 ?
b1000 H
b1000 L
1"
b1000001010001000110011 &
b1000001010001000110011 :
b1000001010001000110011 K
b1000001010001000110011 S
b1000001010001000110011 V
b110000 3
b101100 2
b101100 $
b101100 F
b101100 U
1*
#120000
b10110000000000000000000000000000110000000000000000000000000000000001000000000000000000000000000000000100000000000000000000000000000000000000000000000000000000000000000000000000000000000000000000000000000000000000000000000000000000 -
b1011 .
0*
#125000
18
b1001 ?
b1001 H
b1001 L
1"
b1000001011001000110011 &
b1000001011001000110011 :
b1000001011001000110011 K
b1000001011001000110011 S
b1000001011001000110011 V
b110100 3
b110000 2
b110000 $
b110000 F
b110000 U
1*
#130000
b11000000000000000000000000000000110100000000000000000000000000000001000000000000000000000000000000000100000000000000000000000000000000000000000000000000000000000000000000000000000000000000000000000000000000000000000000000000000000 -
b1100 .
0*
#135000
06
b11111111111111111111111111110111 !
b11111111111111111111111111110111 0
b11111111111111111111111111110111 \
b0 >
b0 O
b0 ^
b11111111111111111111111111111000 A
b11111111111111111111111111111000 I
b11111111111111111111111111111000 _
b11111111111111111111111111111111 @
b11111111111111111111111111111111 G
0/
b11111111111111111111111111110111 )
b11111111111111111111111111110111 B
b11111111111111111111111111110111 J
b11111111111111111111111111110111 M
b101 Y
b11111 [
b11 Z
11
18
b0 ?
b0 H
b0 L
1"
b11111111111111111111111111111111 ;
b11111111111111111111111111111111 T
b11111111111100011000001010010011 &
b11111111111100011000001010010011 :
b11111111111100011000001010010011 K
b11111111111100011000001010010011 S
b11111111111100011000001010010011 V
b111000 3
b110011 2
b110100 $
b110100 F
b110100 U
1*
#140000
b11010000000000000000000000000000111000000000000000000000000000000001010000000000000000000000000000000111111111111111111111111111110111000000000000000000000000000000000000000000000000000000000000000000000000000000000000000000000000 -
b1101 .
0*
#145000
b11111111111111111111111111111000 !
b11111111111111111111111111111000 0
b11111111111111111111111111111000 \
b11111111111111111111111111111000 )
b11111111111111111111111111111000 B
b11111111111111111111111111111000 J
b11111111111111111111111111111000 M
b10 ?
b10 H
b10 L
18
11
1"
b11111111111111111111111111111111 ;
b11111111111111111111111111111111 T
b11111111111100011111001010010011 &
b11111111111100011111001010010011 :
b11111111111100011111001010010011 K
b11111111111100011111001010010011 S
b11111111111100011111001010010011 V
b111100 3
b110111 2
b111000 $
b111000 F
b111000 U
1*
#150000
b11100000000000000000000000000000111100000000000000000000000000000001010000000000000000000000000000000111111111111111111111111111111000000000000000000000000000000000000000000000000000000000000000000000000000000000000000000000000000 -
b1110 .
0*
#155000
b11111111111111111111111111111111 !
b11111111111111111111111111111111 0
b11111111111111111111111111111111 \
b11111111111111111111111111111111 )
b11111111111111111111111111111111 B
b11111111111111111111111111111111 J
b11111111111111111111111111111111 M
18
b11 ?
b11 H
b11 L
11
1"
b11111111111111111111111111111111 ;
b11111111111111111111111111111111 T
b11111111111100011110001010010011 &
b11111111111100011110001010010011 :
b11111111111100011110001010010011 K
b11111111111100011110001010010011 S
b11111111111100011110001010010011 V
b1000000 3
b111011 2
b111100 $
b111100 F
b111100 U
1*
#160000
b11110000000000000000000000000001000000000000000000000000000000000001010000000000000000000000000000000111111111111111111111111111111111000000000000000000000000000000000000000000000000000000000000000000000000000000000000000000000000 -
b1111 .
0*
#165000
b111 !
b111 0
b111 \
b111 )
b111 B
b111 J
b111 M
18
b100 ?
b100 H
b100 L
11
1"
b11111111111111111111111111111111 ;
b11111111111111111111111111111111 T
b11111111111100011100001010010011 &
b11111111111100011100001010010011 :
b11111111111100011100001010010011 K
b11111111111100011100001010010011 S
b11111111111100011100001010010011 V
b1000100 3
b111111 2
b1000000 $
b1000000 F
b1000000 U
1*
#170000
b100000000000000000000000000000001000100000000000000000000000000000001010000000000000000000000000000000100000000000000000000000000000111000000000000000000000000000000000000000000000000000000000000000000000000000000000000000000000000 -
b10000 .
0*
#175000
b11111111111111111111111111000000 !
b11111111111111111111111111000000 0
b11111111111111111111111111000000 \
b11111111111111111111111111111000 >
b11111111111111111111111111111000 O
b11111111111111111111111111111000 ^
b11111111111111111111111111000000 )
b11111111111111111111111111000000 B
b11111111111111111111111111000000 J
b11111111111111111111111111000000 M
b11 @
b11 G
b11 [
18
b101 ?
b101 H
b101 L
11
1"
b11 ;
b11 T
b1100011001001010010011 &
b1100011001001010010011 :
b1100011001001010010011 K
b1100011001001010010011 S
b1100011001001010010011 V
b1001000 3
b1000111 2
b1000100 $
b1000100 F
b1000100 U
1*
#180000
b100010000000000000000000000000001001000000000000000000000000000000001010000000000000000000000000000000111111111111111111111111111000000000000000000000000000000000000000000000000000000000000000000000000000000000000000000000000000000 -
b10001 .
0*
#185000
b11111111111111111111111111111 !
b11111111111111111111111111111 0
b11111111111111111111111111111 \
b11111111111111111111111111111 )
b11111111111111111111111111111 B
b11111111111111111111111111111 J
b11111111111111111111111111111 M
18
b110 ?
b110 H
b110 L
11
1"
b11 ;
b11 T
b1100011101001010010011 &
b1100011101001010010011 :
b1100011101001010010011 K
b1100011101001010010011 S
b1100011101001010010011 V
b1001100 3
b1001011 2
b1001000 $
b1001000 F
b1001000 U
1*
#190000
b100100000000000000000000000000001001100000000000000000000000000000001010000000000000000000000000000000100011111111111111111111111111111000000000000000000000000000000000000000000000000000000000000000000000000000000000000000000000000 -
b10010 .
0*
#195000
b11111111111111111111111111111111 !
b11111111111111111111111111111111 0
b11111111111111111111111111111111 \
b11111111111111111111111111111111 )
b11111111111111111111111111111111 B
b11111111111111111111111111111111 J
b11111111111111111111111111111111 M
b10000000011 @
b10000000011 G
18
b111 ?
b111 H
b111 L
11
1"
b10000000011 ;
b10000000011 T
b1000000001100011101001010010011 &
b1000000001100011101001010010011 :
b1000000001100011101001010010011 K
b1000000001100011101001010010011 S
b1000000001100011101001010010011 V
b1010000 3
b10001001111 2
b1001100 $
b1001100 F
b1001100 U
1*
#200000
b100110000000000000000000000000001010000000000000000000000000000000001010000000000000000000000000000000111111111111111111111111111111111000000000000000000000000000000000000000000000000000000000000000000000000000000000000000000000000 -
b10011 .
0*
#205000
b1 !
b1 0
b1 \
b0 >
b0 O
b0 ^
b1 )
b1 B
b1 J
b1 M
b11111111111111111111111111111111 @
b11111111111111111111111111111111 G
b11111 [
18
b1000 ?
b1000 H
b1000 L
11
1"
b11111111111111111111111111111111 ;
b11111111111111111111111111111111 T
b11111111111100011010001010010011 &
b11111111111100011010001010010011 :
b11111111111100011010001010010011 K
b11111111111100011010001010010011 S
b11111111111100011010001010010011 V
b1010100 3
b1001111 2
b1010000 $
b1010000 F
b1010000 U
1*
#210000
b101000000000000000000000000000001010100000000000000000000000000000001010000000000000000000000000000000100000000000000000000000000000001000000000000000000000000000000000000000000000000000000000000000000000000000000000000000000000000 -
b10100 .
0*
#215000
18
b1001 ?
b1001 H
b1001 L
11
1"
b11111111111111111111111111111111 ;
b11111111111111111111111111111111 T
b11111111111100011011001010010011 &
b11111111111100011011001010010011 :
b11111111111100011011001010010011 K
b11111111111100011011001010010011 S
b11111111111100011011001010010011 V
b1011000 3
b1010011 2
b1010100 $
b1010100 F
b1010100 U
1*
#220000
b101010000000000000000000000000001011000000000000000000000000000000001010000000000000000000000000000000100000000000000000000000000000001000000000000000000000000000000000000000000000000000000000000000000000000000000000000000000000000 -
b10101 .
0*
#225000
b11111111111111111111111111111111 !
b11111111111111111111111111111111 0
b11111111111111111111111111111111 \
b101 >
b101 O
b101 ^
b11111111111111111111111111111111 )
b11111111111111111111111111111111 B
b11111111111111111111111111111111 J
b11111111111111111111111111111111 M
b101 @
b101 G
b110 Y
b10 [
18
b111 ?
b111 H
b111 L
01
1"
b0 ;
b0 T
b1000000001000011101001100110011 &
b1000000001000011101001100110011 :
b1000000001000011101001100110011 K
b1000000001000011101001100110011 S
b1000000001000011101001100110011 V
b1011100 3
b1011000 2
b1011000 $
b1011000 F
b1011000 U
1*
#230000
b101100000000000000000000000000001011100000000000000000000000000000001100000000000000000000000000000000111111111111111111111111111111111000000000000000000000000000000000000000000000000000000000000000000000000000000000000000000000000 -
b10110 .
0*
#235000
b111111111111111111111111111 !
b111111111111111111111111111 0
b111111111111111111111111111 \
b111111111111111111111111111 )
b111111111111111111111111111 B
b111111111111111111111111111 J
b111111111111111111111111111 M
b111 Y
18
b110 ?
b110 H
b110 L
1"
b1000011101001110110011 &
b1000011101001110110011 :
b1000011101001110110011 K
b1000011101001110110011 S
b1000011101001110110011 V
b1100000 3
b1011100 2
b1011100 $
b1011100 F
b1011100 U
1*
#240000
b101110000000000000000000000000001100000000000000000000000000000000001110000000000000000000000000000000100000111111111111111111111111111000000000000000000000000000000000000000000000000000000000000000000000000000000000000000000000000 -
b10111 .
0*
#245000
b1 !
b1 0
b1 \
b1100 @
b1100 G
b1100 >
b1100 O
b1100 ^
b1 )
b1 B
b1 J
b1 M
b1000 Y
b1 [
18
b1000 ?
b1000 H
b1000 L
1"
b100011010010000110011 &
b100011010010000110011 :
b100011010010000110011 K
b100011010010000110011 S
b100011010010000110011 V
b1100100 3
b1100000 2
b1100000 $
b1100000 F
b1100000 U
1*
#250000
b110000000000000000000000000000001100100000000000000000000000000000010000000000000000000000000000000000100000000000000000000000000000001000000000000000000000000000000000000000000000000000000000000000000000000000000000000000000000000 -
b11000 .
0*
#255000
16
b0 !
b0 0
b0 \
1/
b0 )
b0 B
b0 J
b0 M
b1001 Y
18
b1001 ?
b1001 H
b1001 L
1"
b100011011010010110011 &
b100011011010010110011 :
b100011011010010110011 K
b100011011010010110011 S
b100011011010010110011 V
b1101000 3
b1100100 2
b1100100 $
b1100100 F
b1100100 U
1*
#260000
b110010000000000000000000000000001101000000000000000000000000000000010010000000000000000000000000000000100000000000000000000000000000000000000000000000000000000000000000000000000000000000000000000000000000000000000000000000000000000 -
b11001 .
0*
#265000
b0 !
b0 0
b0 \
b0 A
b0 I
b0 _
1N
b0 @
b0 G
1/
b0 )
b0 B
b0 J
b0 M
0]
b0 Y
b0 Z
1%
11
18
b0 ?
b0 H
b0 L
0"
b100000010000000100011 &
b100000010000000100011 :
b100000010000000100011 K
b100000010000000100011 S
b100000010000000100011 V
b1101100 3
b1101000 2
b1101000 $
b1101000 F
b1101000 U
1*
#270000
b110100000000000000000000000000001101100000000000000000000000000000000010000000000000000000000000000000000000000000000000000000000000000000000000000000000000000000000010000000000000000000000000000000000000000000000000000000000001100 -
b11010 .
0*
#275000
b1100 !
b1100 0
b1100 \
b1100 7
b1100 P
b0 >
b0 O
b0 ^
1]
0N
b1010 Y
b0 [
14
15
1"
18
0%
11
b10010100000011 &
b10010100000011 :
b10010100000011 K
b10010100000011 S
b10010100000011 V
b1110000 3
b1101100 2
b1101100 $
b1101100 F
b1101100 U
1*
#280000
b110110000000000000000000000000001110000000000000000000000000000000010100000000000000000000000000000000100000000000000000000000000001100000000000000000000000000000000000000000000000000000000000000000000000000000000000000000000000000 -
b11011 .
0*
#285000
b11111100 !
b11111100 0
b11111100 \
b0 7
b0 P
0/
b11111100 )
b11111100 B
b11111100 J
b11111100 M
b11111111111111111111111111111000 >
b11111111111111111111111111111000 O
b11111111111111111111111111111000 ^
1N
0]
b11111100 @
b11111100 G
b11100 Y
b11 [
1%
18
04
05
11
0"
b11111100 ;
b11111100 T
b1110001100000010111000100011 &
b1110001100000010111000100011 :
b1110001100000010111000100011 K
b1110001100000010111000100011 S
b1110001100000010111000100011 V
b1110100 3
b101101100 2
b1110000 $
b1110000 F
b1110000 U
1*
#290000
b111000000000000000000000000000001110100000000000000000000000000000000110000000000000000000000000000000000000000000000000000000000000000000000000000000000000000000000010000000000000000000000001111110011111111111111111111111111111000 -
b11100 .
0*
#295000
b11111111111111111111111111111000 !
b11111111111111111111111111111000 0
b11111111111111111111111111111000 \
b11111111111111111111111111111000 7
b11111111111111111111111111111000 P
b0 >
b0 O
b0 ^
1]
0N
b1011 Y
b11100 [
14
15
1"
18
0%
11
b11111100 ;
b11111100 T
b1111110000000010010110000011 &
b1111110000000010010110000011 :
b1111110000000010010110000011 K
b1111110000000010010110000011 S
b1111110000000010010110000011 V
b1111000 3
b101110000 2
b1110100 $
b1110100 F
b1110100 U
1*
#300000
b111010000000000000000000000000001111000000000000000000000000000000010110000000000000000000000000000000111111111111111111111111111111000000000000000000000000000000000000000000000000000000000000000000000000000000000000000000000000000 -
b11101 .
0*
#305000
06
b100000000 !
b100000000 0
b100000000 \
b0 7
b0 P
b100000000 )
b100000000 B
b100000000 J
b100000000 M
b100000000 @
b100000000 G
b1100 Y
b0 [
18
04
05
11
1"
b100000000 ;
b100000000 T
b10000000000000000011000010011 &
b10000000000000000011000010011 :
b10000000000000000011000010011 K
b10000000000000000011000010011 S
b10000000000000000011000010011 V
b1111100 3
b101111000 2
b1111000 $
b1111000 F
b1111000 U
1*
#310000
b111100000000000000000000000000001111100000000000000000000000000000011000000000000000000000000000000000100000000000000000000000100000000000000000000000000000000000000000000000000000000000000000000000000000000000000000000000000000000 -
b11110 .
0*
#315000
0'
16
b11111000 !
b11111000 0
b11111000 \
b11111000 )
b11111000 B
b11111000 J
b11111000 M
b101 >
b101 O
b101 ^
b100000000 A
b100000000 I
b100000000 _
1N
0]
b11111111111111111111111111111000 @
b11111111111111111111111111111000 G
b11000 Y
b10 [
b1100 Z
1%
18
11
0"
b11111111111111111111111111111000 ;
b11111111111111111111111111111000 T
b11111110001001100010110000100011 &
b11111110001001100010110000100011 :
b11111110001001100010110000100011 K
b11111110001001100010110000100011 S
b11111110001001100010110000100011 V
b10000000 3
b1110100 2
b1111100 $
b1111100 F
b1111100 U
1*
#320000
b111110000000000000000000000000010000000000000000000000000000000000000100000000000000000000000000000000000000000000000000000000000000000000000000000000000000000000000010000000000000000000000001111100000000000000000000000000000000101 -
b11111 .
0*
#325000
b101 !
b101 0
b101 \
b101 7
b101 P
b0 >
b0 O
b0 ^
1]
0N
b1101 Y
b11000 [
14
15
1"
18
0%
11
b11111111111111111111111111111000 ;
b11111111111111111111111111111000 T
b11111111100001100010011010000011 &
b11111111100001100010011010000011 :
b11111111100001100010011010000011 K
b11111111100001100010011010000011 S
b11111111100001100010011010000011 V
b10000100 3
b1111000 2
b10000000 $
b10000000 F
b10000000 U
1*
#330000
b1000000000000000000000000000000010000100000000000000000000000000000011010000000000000000000000000000000100000000000000000000000000000101000000000000000000000000000000000000000000000000000000000000000000000000000000000000000000000000 -
b100000 .
0*
#335000
06
b1100011 !
b1100011 0
b1100011 \
b0 7
b0 P
b1100011 )
b1100011 B
b1100011 J
b1100011 M
b11111111111111111111111111111000 >
b11111111111111111111111111111000 O
b11111111111111111111111111111000 ^
b0 A
b0 I
b0 _
b1100011 @
b1100011 G
b0 Y
b11 [
b0 Z
18
04
05
11
1"
b1100011 ;
b1100011 T
b110001100000000000000010011 &
b110001100000000000000010011 :
b110001100000000000000010011 K
b110001100000000000000010011 S
b110001100000000000000010011 V
b10001000 3
b11100111 2
b10000100 $
b10000100 F
b10000100 U
1*
#340000
b1000010000000000000000000000000010001000000000000000000000000000000000000000000000000000000000000000000100000000000000000000000001100011000000000000000000000000000000000000000000000000000000000000000000000000000000000000000000000000 -
b100001 .
0*
#345000
06
b111 !
b111 0
b111 \
b101 >
b101 O
b101 ^
b1100 A
b1100 I
b1100 _
b111 )
b111 B
b111 J
b111 M
0]
b101 @
b101 G
b1000 Y
b10 [
b1 Z
b1 ?
b1 H
b1 L
1=
18
01
0"
b1000 ;
b1000 T
b1000001000010001100011 &
b1000001000010001100011 :
b1000001000010001100011 K
b1000001000010001100011 S
b1000001000010001100011 V
b10001100 3
b10010000 2
b10001000 $
b10001000 F
b10001000 U
1*
#350000
b1000100000000000000000000000000010001100000000000000000000000000000000100000000000000000000000000000000000000000000000000000000000000000000000000000000000000000000000000000000000000000000000000000000000000000000000000000000000000000 -
b100010 .
0*
#355000
b1 !
b1 0
b1 \
b1100 >
b1100 O
b1100 ^
b0 A
b0 I
b0 _
b1 @
b1 G
1]
b1 )
b1 B
b1 J
b1 M
b1110 Y
b1 [
b0 Z
11
1"
18
b0 ?
b0 H
b0 L
0=
b1 ;
b1 T
b100000000011100010011 &
b100000000011100010011 :
b100000000011100010011 K
b100000000011100010011 S
b100000000011100010011 V
b10010000 3
b10001101 2
b10001100 $
b10001100 F
b10001100 U
1*
#360000
b1000110000000000000000000000000010010000000000000000000000000000000011100000000000000000000000000000000100000000000000000000000000000001000000000000000000000000000000000000000000000000000000000000000000000000000000000000000000000000 -
b100011 .
0*
#365000
16
1(
b0 !
b0 0
b0 \
1/
b1100 A
b1100 I
b1100 _
b0 )
b0 B
b0 J
b0 M
0]
b1100 @
b1100 G
b1000 Y
b1 Z
b1 ?
b1 H
b1 L
1=
18
01
0"
b1000 ;
b1000 T
b100001000010001100011 &
b100001000010001100011 :
b100001000010001100011 K
b100001000010001100011 S
b100001000010001100011 V
b10011000 3
b10011000 2
b10010000 $
b10010000 F
b10010000 U
1*
#370000
b1001000000000000000000000000000010011000000000000000000000000000000000010000000000000000000000000000000000000000000000000000000000000000000000000000000000000000000000000000000000000000000000000000000000000000000000000000000000000000 -
b100100 .
0*
#375000
06
b11 !
b11 0
b11 \
0'
b11111111111111111111111111111000 >
b11111111111111111111111111111000 O
b11111111111111111111111111111000 ^
b0 A
b0 I
b0 _
b11 @
b11 G
1]
0/
b11 )
b11 B
b11 J
b11 M
0(
b1111 Y
b11 [
b0 Z
11
1"
18
b0 ?
b0 H
b0 L
0=
b11 ;
b11 T
b1100000000011110010011 &
b1100000000011110010011 :
b1100000000011110010011 K
b1100000000011110010011 S
b1100000000011110010011 V
b10011100 3
b10011011 2
b10011000 $
b10011000 F
b10011000 U
1*
#380000
b1001100000000000000000000000000010011100000000000000000000000000000011110000000000000000000000000000000100000000000000000000000000000011000000000000000000000000000000000000000000000000000000000000000000000000000000000000000000000000 -
b100101 .
0*
#385000
b10 !
b10 0
b10 \
b10 )
b10 B
b10 J
b10 M
b0 >
b0 O
b0 ^
b11 A
b11 I
b11 _
b11111111111111111111111111111111 @
b11111111111111111111111111111111 G
b11111 [
b1111 Z
18
11
1"
b11111111111111111111111111111111 ;
b11111111111111111111111111111111 T
b11111111111101111000011110010011 &
b11111111111101111000011110010011 :
b11111111111101111000011110010011 K
b11111111111101111000011110010011 S
b11111111111101111000011110010011 V
b10100000 3
b10011011 2
b10011100 $
b10011100 F
b10011100 U
1*
#390000
b1001110000000000000000000000000010100000000000000000000000000000000011110000000000000000000000000000000100000000000000000000000000000010000000000000000000000000000000000000000000000000000000000000000000000000000000000000000000000000 -
b100110 .
0*
#395000
0]
b0 @
b0 G
b10 !
b10 0
b10 \
b1000 Y
b0 [
b1 ?
b1 H
b1 L
1=
18
01
0"
b1000 ;
b1000 T
b1111000010001100011 &
b1111000010001100011 :
b1111000010001100011 K
b1111000010001100011 S
b1111000010001100011 V
b10 )
b10 B
b10 J
b10 M
b10100100 3
b10 A
b10 I
b10 _
b10101000 2
b10100000 $
b10100000 F
b10100000 U
1*
#400000
b1010000000000000000000000000000010100100000000000000000000000000000000000000000000000000000000000000000000000000000000000000000000000000000000000000000000000000000000000000000000000000000000000000000000000000000000000000000000000000 -
b100111 .
0*
#405000
16
1/
b0 )
b0 B
b0 J
b0 M
b0 A
b0 I
b0 _
1]
b10101000 !
b10101000 0
b10101000 \
b0 Y
b11001 [
b11111 Z
1"
19
18
b0 ?
b0 H
b0 L
0=
b11111111111111111111111111111000 ;
b11111111111111111111111111111000 T
b11111111100111111111000001101111 &
b11111111100111111111000001101111 :
b11111111100111111111000001101111 K
b11111111100111111111000001101111 S
b11111111100111111111000001101111 V
b10011100 3
b10011100 2
b10100100 $
b10100100 F
b10100100 U
1*
#410000
b1010010000000000000000000000000010011100000000000000000000000000000000000000000000000000000000000000000100000000000000000000000010101000000000000000000000000000000000000000000000000000000000000000000000000000000000000000000000000000 -
b101000 .
0*
#415000
06
0/
b1 )
b1 B
b1 J
b1 M
b10 A
b10 I
b10 _
b11111111111111111111111111111111 @
b11111111111111111111111111111111 G
b1111 Y
b11111 [
b1111 Z
11
18
09
1"
b11111111111111111111111111111111 ;
b11111111111111111111111111111111 T
b11111111111101111000011110010011 &
b11111111111101111000011110010011 :
b11111111111101111000011110010011 K
b11111111111101111000011110010011 S
b11111111111101111000011110010011 V
b10100000 3
b1 !
b1 0
b1 \
b10011011 2
b10011100 $
b10011100 F
b10011100 U
1*
#420000
b1001110000000000000000000000000010100000000000000000000000000000000011110000000000000000000000000000000100000000000000000000000000000001000000000000000000000000000000000000000000000000000000000000000000000000000000000000000000000000 -
b101001 .
0*
#425000
06
b1 !
b1 0
b1 \
0]
b0 @
b0 G
0(
b1000 Y
b0 [
b1 ?
b1 H
b1 L
1=
18
01
0"
b1000 ;
b1000 T
0/
b1 )
b1 B
b1 J
b1 M
b1111000010001100011 &
b1111000010001100011 :
b1111000010001100011 K
b1111000010001100011 S
b1111000010001100011 V
b1 A
b1 I
b1 _
b10100100 3
b10101000 2
b10100000 $
b10100000 F
b10100000 U
1*
#430000
b1010000000000000000000000000000010100100000000000000000000000000000000000000000000000000000000000000000000000000000000000000000000000000000000000000000000000000000000000000000000000000000000000000000000000000000000000000000000000000 -
b101010 .
0*
#435000
16
1/
b0 )
b0 B
b0 J
b0 M
b0 A
b0 I
b0 _
1]
b10101000 !
b10101000 0
b10101000 \
b0 Y
b11001 [
b11111 Z
1"
19
18
b0 ?
b0 H
b0 L
0=
b11111111111111111111111111111000 ;
b11111111111111111111111111111000 T
b11111111100111111111000001101111 &
b11111111100111111111000001101111 :
b11111111100111111111000001101111 K
b11111111100111111111000001101111 S
b11111111100111111111000001101111 V
b10011100 3
b10011100 2
b10100100 $
b10100100 F
b10100100 U
1*
#440000
b1010010000000000000000000000000010011100000000000000000000000000000000000000000000000000000000000000000100000000000000000000000010101000000000000000000000000000000000000000000000000000000000000000000000000000000000000000000000000000 -
b101011 .
0*
#445000
b1 A
b1 I
b1 _
b11111111111111111111111111111111 @
b11111111111111111111111111111111 G
b1111 Y
b11111 [
b1111 Z
11
18
09
1"
b11111111111111111111111111111111 ;
b11111111111111111111111111111111 T
b11111111111101111000011110010011 &
b11111111111101111000011110010011 :
b11111111111101111000011110010011 K
b11111111111101111000011110010011 S
b11111111111101111000011110010011 V
b10100000 3
b0 !
b0 0
b0 \
b10011011 2
b10011100 $
b10011100 F
b10011100 U
1*
#450000
b1001110000000000000000000000000010100000000000000000000000000000000011110000000000000000000000000000000100000000000000000000000000000000000000000000000000000000000000000000000000000000000000000000000000000000000000000000000000000000 -
b101100 .
0*
#455000
1(
0]
b0 @
b0 G
16
b0 !
b0 0
b0 \
b1000 Y
b0 [
b1 ?
b1 H
b1 L
1=
18
01
0"
b1000 ;
b1000 T
b1111000010001100011 &
b1111000010001100011 :
b1111000010001100011 K
b1111000010001100011 S
b1111000010001100011 V
1/
b0 )
b0 B
b0 J
b0 M
b10101000 3
b0 A
b0 I
b0 _
b10101000 2
b10100000 $
b10100000 F
b10100000 U
1*
#460000
b1010000000000000000000000000000010101000000000000000000000000000000000000000000000000000000000000000000000000000000000000000000000000000000000000000000000000000000000000000000000000000000000000000000000000000000000000000000000000000 -
b101101 .
0*
#465000
06
0/
b1 )
b1 B
b1 J
b1 M
b1 @
b1 G
b1 >
b1 O
b1 ^
1]
b10101100 !
b10101100 0
b10101100 \
0(
b10000 Y
b1000 [
b0 Z
1"
19
18
b0 ?
b0 H
b0 L
0=
b1000 ;
b1000 T
b100000000000100001101111 &
b100000000000100001101111 :
b100000000000100001101111 K
b100000000000100001101111 S
b100000000000100001101111 V
b10110000 3
b10110000 2
b10101000 $
b10101000 F
b10101000 U
1*
#470000
b1010100000000000000000000000000010110000000000000000000000000000000100000000000000000000000000000000000100000000000000000000000010101100000000000000000000000000000000000000000000000000000000000000000000000000000000000000000000000000 -
b101110 .
0*
#475000
b11111111111111111111111111111111 )
b11111111111111111111111111111111 B
b11111111111111111111111111111111 J
b11111111111111111111111111111111 M
b11111111111111111111111111111111 A
b11111111111111111111111111111111 I
b11111111111111111111111111111111 _
b10100 Y
b1110 [
b110 Z
b11 ?
b11 H
b11 L
18
09
1"
b0 ;
b0 T
b111000110110101000110011 &
b111000110110101000110011 :
b111000110110101000110011 K
b111000110110101000110011 S
b111000110110101000110011 V
b10110100 3
b11111111111111111111111111111111 !
b11111111111111111111111111111111 0
b11111111111111111111111111111111 \
b10110000 2
b10110000 $
b10110000 F
b10110000 U
1*
#480000
b1011000000000000000000000000000010110100000000000000000000000000000101000000000000000000000000000000000111111111111111111111111111111111000000000000000000000000000000000000000000000000000000000000000000000000000000000000000000000000 -
b101111 .
0*
#485000
b1 !
b1 0
b1 \
b0 >
b0 O
b0 ^
b0 A
b0 I
b0 _
b11000011101 @
b11000011101 G
b1 )
b1 B
b1 J
b1 M
b11010 Y
b11101 [
b11111 Z
11
18
b1000 ?
b1000 H
b1000 L
1"
b11000011101 ;
b11000011101 T
b1100001110111111010110100010011 &
b1100001110111111010110100010011 :
b1100001110111111010110100010011 K
b1100001110111111010110100010011 S
b1100001110111111010110100010011 V
b10111000 3
b11011010001 2
b10110100 $
b10110100 F
b10110100 U
1*
#490000
b1011010000000000000000000000000010111000000000000000000000000000000110100000000000000000000000000000000100000000000000000000000000000001000000000000000000000000000000000000000000000000000000000000000000000000000000000000000000000000 -
b110000 .
0*
#495000
16
b0 !
b0 0
b0 \
b111111111111111111111111111 >
b111111111111111111111111111 O
b111111111111111111111111111 ^
b1 A
b1 I
b1 _
1/
b0 )
b0 B
b0 J
b0 M
b111111111111111111111111111 @
b111111111111111111111111111 G
b0 Y
b111 [
b101 Z
18
b111 ?
b111 H
b111 L
01
1"
b0 ;
b0 T
b1000000011100101101000000110011 &
b1000000011100101101000000110011 :
b1000000011100101101000000110011 K
b1000000011100101101000000110011 S
b1000000011100101101000000110011 V
b10111100 3
b10111000 2
b10111000 $
b10111000 F
b10111000 U
1*
#500000
b1011100000000000000000000000000010111100000000000000000000000000000000000000000000000000000000000000000100000000000000000000000000000000000000000000000000000000000000000000000000000000000000000000000000000000000000000000000000000000 -
b110001 .
0*
#505000
16
b0 !
b0 0
b0 \
b0 @
b0 G
b0 >
b0 O
b0 ^
b0 A
b0 I
b0 _
1/
b0 )
b0 B
b0 J
b0 M
b110 Y
b0 [
b11100 Z
18
b1001 ?
b1001 H
b1001 L
1"
b11100011001100110011 &
b11100011001100110011 :
b11100011001100110011 K
b11100011001100110011 S
b11100011001100110011 V
b11000000 3
b10111100 2
b10111100 $
b10111100 F
b10111100 U
1*
#510000
b1011110000000000000000000000000011000000000000000000000000000000000001100000000000000000000000000000000100000000000000000000000000000000000000000000000000000000000000000000000000000000000000000000000000000000000000000000000000000000 -
b110010 .
0*
#515000
b101 A
b101 I
b101 _
b11001 @
b11001 G
b10100 Y
b11001 [
b1101 Z
11
18
b110 ?
b110 H
b110 L
1"
b11001 ;
b11001 T
b1100101101101101000010011 &
b1100101101101101000010011 :
b1100101101101101000010011 K
b1100101101101101000010011 S
b1100101101101101000010011 V
b11000100 3
b11011001 2
b11000000 $
b11000000 F
b11000000 U
1*
#520000
b1100000000000000000000000000000011000100000000000000000000000000000101000000000000000000000000000000000100000000000000000000000000000000000000000000000000000000000000000000000000000000000000000000000000000000000000000000000000000000 -
b110011 .
0*
#525000
b0 A
b0 I
b0 _
b0 @
b0 G
b10110 Y
b11000 [
b10110 Z
18
b1000 ?
b1000 H
b1000 L
01
1"
b0 ;
b0 T
b1100010110010101100110011 &
b1100010110010101100110011 :
b1100010110010101100110011 K
b1100010110010101100110011 S
b1100010110010101100110011 V
b11001000 3
b11000100 2
b11000100 $
b11000100 F
b11000100 U
1*
#530000
b1100010000000000000000000000000011001000000000000000000000000000000101100000000000000000000000000000000100000000000000000000000000000000000000000000000000000000000000000000000000000000000000000000000000000000000000000000000000000000 -
b110100 .
0*
#535000
b1 >
b1 O
b1 ^
b10000000101 @
b10000000101 G
b100 Y
b101 [
b10101 Z
11
18
b111 ?
b111 H
b111 L
1"
b10000000101 ;
b10000000101 T
b1000000010110101101001000010011 &
b1000000010110101101001000010011 :
b1000000010110101101001000010011 K
b1000000010110101101001000010011 S
b1000000010110101101001000010011 V
b11001100 3
b10011001101 2
b11001000 $
b11001000 F
b11001000 U
1*
#540000
b1100100000000000000000000000000011001100000000000000000000000000000001000000000000000000000000000000000100000000000000000000000000000000000000000000000000000000000000000000000000000000000000000000000000000000000000000000000000000000 -
b110101 .
0*
#545000
06
b1 !
b1 0
b1 \
b11111111111111111111111111111000 >
b11111111111111111111111111111000 O
b11111111111111111111111111111000 ^
0/
b1 )
b1 B
b1 J
b1 M
b11010100011 @
b11010100011 G
b10010 Y
b11 [
b10010 Z
18
b1000 ?
b1000 H
b1000 L
11
1"
b11010100011 ;
b11010100011 T
b1101010001110010010100100010011 &
b1101010001110010010100100010011 :
b1101010001110010010100100010011 K
b1101010001110010010100100010011 S
b1101010001110010010100100010011 V
b11010000 3
b11101101111 2
b11001100 $
b11001100 F
b11001100 U
1*
#550000
b1100110000000000000000000000000011010000000000000000000000000000000100100000000000000000000000000000000100000000000000000000000000000001000000000000000000000000000000000000000000000000000000000000000000000000000000000000000000000000 -
b110110 .
0*
#555000
16
b1100 !
b1100 0
b1100 \
b0 >
b0 O
b0 ^
b1100 )
b1100 B
b1100 J
b1100 M
b0 @
b0 G
b10011 Y
b10111 [
b1 Z
18
b100 ?
b100 H
b100 L
01
1"
b0 ;
b0 T
b1011100001100100110110011 &
b1011100001100100110110011 :
b1011100001100100110110011 K
b1011100001100100110110011 S
b1011100001100100110110011 V
b11010100 3
b1100 A
b1100 I
b1100 _
b11010000 2
b11010000 $
b11010000 F
b11010000 U
1*
#560000
b1101000000000000000000000000000011010100000000000000000000000000000100110000000000000000000000000000000100000000000000000000000000001100000000000000000000000000000000000000000000000000000000000000000000000000000000000000000000000000 -
b110111 .
0*
#565000
b0 !
b0 0
b0 \
b0 A
b0 I
b0 _
b11111111111111111111101011100110 @
b11111111111111111111101011100110 G
1/
b0 )
b0 B
b0 J
b0 M
b11101 Y
b110 [
b11011 Z
11
18
b10 ?
b10 H
b10 L
1"
b11111111111111111111101011100110 ;
b11111111111111111111101011100110 T
b10101110011011011111111010010011 &
b10101110011011011111111010010011 :
b10101110011011011111111010010011 K
b10101110011011011111111010010011 S
b10101110011011011111111010010011 V
b11011000 3
b11111111111111111111101110111010 2
b11010100 $
b11010100 F
b11010100 U
1*
#570000
b1101010000000000000000000000000011011000000000000000000000000000000111010000000000000000000000000000000100000000000000000000000000000000000000000000000000000000000000000000000000000000000000000000000000000000000000000000000000000000 -
b111000 .
0*
#575000
06
b111111111111111111111111111 !
b111111111111111111111111111 0
b111111111111111111111111111 \
b111111111111111111111111111 A
b111111111111111111111111111 I
b111111111111111111111111111 _
0/
b111111111111111111111111111 )
b111111111111111111111111111 B
b111111111111111111111111111 J
b111111111111111111111111111 M
b10110011101 @
b10110011101 G
b11111 Y
b11101 [
b111 Z
18
b11 ?
b11 H
b11 L
11
1"
b10110011101 ;
b10110011101 T
b1011001110100111110111110010011 &
b1011001110100111110111110010011 :
b1011001110100111110111110010011 K
b1011001110100111110111110010011 S
b1011001110100111110111110010011 V
b11011100 3
b11001110101 2
b11011000 $
b11011000 F
b11011000 U
1*
#580000
b1101100000000000000000000000000011011100000000000000000000000000000111110000000000000000000000000000000100000111111111111111111111111111000000000000000000000000000000000000000000000000000000000000000000000000000000000000000000000000 -
b111001 .
0*
#585000
16
b0 !
b0 0
b0 \
1/
b10101100 >
b10101100 O
b10101100 ^
b0 A
b0 I
b0 _
b0 )
b0 B
b0 J
b0 M
b10000010000 @
b10000010000 G
b10000 [
b11001 Z
18
b111 ?
b111 H
b111 L
11
1"
b10000010000 ;
b10000010000 T
b1000001000011001101111110010011 &
b1000001000011001101111110010011 :
b1000001000011001101111110010011 K
b1000001000011001101111110010011 S
b1000001000011001101111110010011 V
b11100000 3
b10011101100 2
b11011100 $
b11011100 F
b11011100 U
1*
#590000
b1101110000000000000000000000000011100000000000000000000000000000000111110000000000000000000000000000000100000000000000000000000000000000000000000000000000000000000000000000000000000000000000000000000000000000000000000000000000000000 -
b111010 .
0*
#595000
06
b11111111111111111111111100100011 !
b11111111111111111111111100100011 0
b11111111111111111111111100100011 \
b0 >
b0 O
b0 ^
b1100 A
b1100 I
b1100 _
0/
b11111111111111111111111100100011 )
b11111111111111111111111100100011 B
b11111111111111111111111100100011 J
b11111111111111111111111100100011 M
b11111111111111111111111100101111 @
b11111111111111111111111100101111 G
b11110 Y
b1111 [
b1 Z
18
b100 ?
b100 H
b100 L
11
1"
b11111111111111111111111100101111 ;
b11111111111111111111111100101111 T
b11110010111100001100111100010011 &
b11110010111100001100111100010011 :
b11110010111100001100111100010011 K
b11110010111100001100111100010011 S
b11110010111100001100111100010011 V
b11100100 3
b1111 2
b11100000 $
b11100000 F
b11100000 U
1*
#600000
b1110000000000000000000000000000011100100000000000000000000000000000111100000000000000000000000000000000111111111111111111111111100100011000000000000000000000000000000000000000000000000000000000000000000000000000000000000000000000000 -
b111011 .
0*
#605000
16
b0 !
b0 0
b0 \
1/
b0 A
b0 I
b0 _
b0 )
b0 B
b0 J
b0 M
b0 @
b0 G
b11 Y
b11011 [
b110 Z
18
b100 ?
b100 H
b100 L
01
1"
b0 ;
b0 T
b1101100110100000110110011 &
b1101100110100000110110011 :
b1101100110100000110110011 K
b1101100110100000110110011 S
b1101100110100000110110011 V
b11101000 3
b11100100 2
b11100100 $
b11100100 F
b11100100 U
1*
#610000
b1110010000000000000000000000000011101000000000000000000000000000000000110000000000000000000000000000000100000000000000000000000000000000000000000000000000000000000000000000000000000000000000000000000000000000000000000000000000000000 -
b111100 .
0*
#615000
06
b111111111111111111 !
b111111111111111111 0
b111111111111111111 \
0/
b111111111111111111 )
b111111111111111111 B
b111111111111111111 J
b111111111111111111 M
b1 >
b1 O
b1 ^
b11111111111111111111111100100011 A
b11111111111111111111111100100011 I
b11111111111111111111111100100011 _
b1110 @
b1110 G
b1001 Y
b1110 [
b11110 Z
11
18
b110 ?
b110 H
b110 L
1"
b1110 ;
b1110 T
b111011110101010010010011 &
b111011110101010010010011 :
b111011110101010010010011 K
b111011110101010010010011 S
b111011110101010010010011 V
b11101100 3
b11110110 2
b11101000 $
b11101000 F
b11101000 U
1*
#620000
b1110100000000000000000000000000011101100000000000000000000000000000010010000000000000000000000000000000100000000000000111111111111111111000000000000000000000000000000000000000000000000000000000000000000000000000000000000000000000000 -
b111101 .
0*
#625000
b11111111111111111111111110101111 !
b11111111111111111111111110101111 0
b11111111111111111111111110101111 \
b10101100 >
b10101100 O
b10101100 ^
b11111111111111111111111110101111 )
b11111111111111111111111110101111 B
b11111111111111111111111110101111 J
b11111111111111111111111110101111 M
b10101100 @
b10101100 G
b11101 Y
b10000 [
18
b11 ?
b11 H
b11 L
01
1"
b0 ;
b0 T
b1000011110110111010110011 &
b1000011110110111010110011 :
b1000011110110111010110011 K
b1000011110110111010110011 S
b1000011110110111010110011 V
b11110000 3
b11101100 2
b11101100 $
b11101100 F
b11101100 U
1*
#630000
b1110110000000000000000000000000011110000000000000000000000000000000111010000000000000000000000000000000111111111111111111111111110101111000000000000000000000000000000000000000000000000000000000000000000000000000000000000000000000000 -
b111110 .
0*
#635000
b1 !
b1 0
b1 \
b1100 >
b1100 O
b1100 ^
b1100 A
b1100 I
b1100 _
b11101010011 @
b11101010011 G
b1 )
b1 B
b1 J
b1 M
b11001 Y
b10011 [
b10011 Z
11
18
b1000 ?
b1000 H
b1000 L
1"
b11101010011 ;
b11101010011 T
b1110101001110011010110010010011 &
b1110101001110011010110010010011 :
b1110101001110011010110010010011 K
b1110101001110011010110010010011 S
b1110101001110011010110010010011 V
b11110100 3
b100001000011 2
b11110000 $
b11110000 F
b11110000 U
1*
#640000
b1111000000000000000000000000000011110100000000000000000000000000000110010000000000000000000000000000000100000000000000000000000000000001000000000000000000000000000000000000000000000000000000000000000000000000000000000000000000000000 -
b111111 .
0*
#645000
b101101011 !
b101101011 0
b101101011 \
b11111111111111111111111111111000 >
b11111111111111111111111111111000 O
b11111111111111111111111111111000 ^
b100000000 A
b100000000 I
b100000000 _
b101101011 )
b101101011 B
b101101011 J
b101101011 M
b101101011 @
b101101011 G
b11011 Y
b1011 [
b1100 Z
18
b11 ?
b11 H
b11 L
11
1"
b101101011 ;
b101101011 T
b10110101101100110110110010011 &
b10110101101100110110110010011 :
b10110101101100110110110010011 K
b10110101101100110110110010011 S
b10110101101100110110110010011 V
b11111000 3
b1001011111 2
b11110100 $
b11110100 F
b11110100 U
1*
#650000
b1111010000000000000000000000000011111000000000000000000000000000000110110000000000000000000000000000000100000000000000000000000101101011000000000000000000000000000000000000000000000000000000000000000000000000000000000000000000000000 -
b1000000 .
0*
#655000
06
b1 !
b1 0
b1 \
b111111111111111111 >
b111111111111111111 O
b111111111111111111 ^
b101 A
b101 I
b101 _
0/
b1 )
b1 B
b1 J
b1 M
b111111111111111111 @
b111111111111111111 G
b0 Y
b1001 [
b10 Z
18
b1000 ?
b1000 H
b1000 L
01
1"
b0 ;
b0 T
b100100010010000000110011 &
b100100010010000000110011 :
b100100010010000000110011 K
b100100010010000000110011 S
b100100010010000000110011 V
b11111100 3
b11111000 2
b11111000 $
b11111000 F
b11111000 U
1*
#660000
b1111100000000000000000000000000011111100000000000000000000000000000000000000000000000000000000000000000100000000000000000000000000000001000000000000000000000000000000000000000000000000000000000000000000000000000000000000000000000000 -
b1000001 .
0*
#665000
16
b0 !
b0 0
b0 \
1/
b100000000 >
b100000000 O
b100000000 ^
b0 A
b0 I
b0 _
b1100 @
b1100 G
b0 )
b0 B
b0 J
b0 M
b11111 Y
b1100 [
b10111 Z
11
18
b101 ?
b101 H
b101 L
1"
b1100 ;
b1100 T
b110010111001111110010011 &
b110010111001111110010011 :
b110010111001111110010011 K
b110010111001111110010011 S
b110010111001111110010011 V
b100000000 3
b100001000 2
b11111100 $
b11111100 F
b11111100 U
1*
#670000
b1111110000000000000000000000000100000000000000000000000000000000000111110000000000000000000000000000000100000000000000000000000000000000000000000000000000000000000000000000000000000000000000000000000000000000000000000000000000000000 -
b1000010 .
0*
#675000
06
b1 !
b1 0
b1 \
b0 >
b0 O
b0 ^
b11111111111111111111111110101111 A
b11111111111111111111111110101111 I
b11111111111111111111111110101111 _
0/
b1 )
b1 B
b1 J
b1 M
b0 @
b0 G
b11111 [
b11101 Z
18
b1000 ?
b1000 H
b1000 L
01
1"
b0 ;
b0 T
b1111111101010111110110011 &
b1111111101010111110110011 :
b1111111101010111110110011 K
b1111111101010111110110011 S
b1111111101010111110110011 V
b100000100 3
b100000000 2
b100000000 $
b100000000 F
b100000000 U
1*
#680000
b10000000000000000000000000000000100000100000000000000000000000000000111110000000000000000000000000000000100000000000000000000000000000001000000000000000000000000000000000000000000000000000000000000000000000000000000000000000000000000 -
b1000011 .
0*
#685000
b1000100011 !
b1000100011 0
b1000100011 \
b1 A
b1 I
b1 _
b1000100011 )
b1000100011 B
b1000100011 J
b1000100011 M
b10 Y
b10 [
b10010 Z
11
18
b100 ?
b100 H
b100 L
1"
b1000100010 ;
b1000100010 T
b1000100010 @
b1000100010 G
b100010001010010100000100010011 &
b100010001010010100000100010011 :
b100010001010010100000100010011 K
b100010001010010100000100010011 S
b100010001010010100000100010011 V
b101 >
b101 O
b101 ^
b100001000 3
b1100100110 2
b100000100 $
b100000100 F
b100000100 U
1*
#690000
b10000010000000000000000000000000100001000000000000000000000000000000000100000000000000000000000000000000100000000000000000000001000100011000000000000000000000000000000000000000000000000000000000000000000000000000000000000000000000000 -
b1000100 .
0*
#695000
16
b0 !
b0 0
b0 \
1/
b0 A
b0 I
b0 _
b0 )
b0 B
b0 J
b0 M
b10000 @
b10000 G
b110 Y
b10000 [
b11100 Z
18
b101 ?
b101 H
b101 L
11
1"
b10000 ;
b10000 T
b1000011100001001100010011 &
b1000011100001001100010011 :
b1000011100001001100010011 K
b1000011100001001100010011 S
b1000011100001001100010011 V
b100001100 3
b10101100 >
b10101100 O
b10101100 ^
b100011000 2
b100001000 $
b100001000 F
b100001000 U
1*
#700000
b10000100000000000000000000000000100001100000000000000000000000000000001100000000000000000000000000000000100000000000000000000000000000000000000000000000000000000000000000000000000000000000000000000000000000000000000000000000000000000 -
b1000101 .
0*
#705000
06
b11000000000000000000000000000000 !
b11000000000000000000000000000000 0
b11000000000000000000000000000000 \
0/
b11000000000000000000000000000000 )
b11000000000000000000000000000000 B
b11000000000000000000000000000000 J
b11000000000000000000000000000000 M
b11111111111111111111111100100011 >
b11111111111111111111111100100011 O
b11111111111111111111111100100011 ^
b101101011 A
b101101011 I
b101101011 _
b11110 @
b11110 G
b1011 Y
b11110 [
b11011 Z
18
b101 ?
b101 H
b101 L
11
1"
b11110 ;
b11110 T
b1111011011001010110010011 &
b1111011011001010110010011 :
b1111011011001010110010011 K
b1111011011001010110010011 S
b1111011011001010110010011 V
b100010000 3
b100101010 2
b100001100 $
b100001100 F
b100001100 U
1*
#710000
b10000110000000000000000000000000100010000000000000000000000000000000010110000000000000000000000000000000111000000000000000000000000000000000000000000000000000000000000000000000000000000000000000000000000000000000000000000000000000000 -
b1000110 .
0*
#715000
16
1/
b0 !
b0 0
b0 \
b0 >
b0 O
b0 ^
b1 A
b1 I
b1 _
b0 )
b0 B
b0 J
b0 M
b0 @
b0 G
b10001 Y
b10111 [
b11111 Z
18
b10 ?
b10 H
b10 L
01
1"
b0 ;
b0 T
b1011111111111100010110011 &
b1011111111111100010110011 :
b1011111111111100010110011 K
b1011111111111100010110011 S
b1011111111111100010110011 V
b100010100 3
b100010000 2
b100010000 $
b100010000 F
b100010000 U
1*
#720000
b10001000000000000000000000000000100010100000000000000000000000000000100010000000000000000000000000000000100000000000000000000000000000000000000000000000000000000000000000000000000000000000000000000000000000000000000000000000000000000 -
b1000111 .
0*
#725000
06
b111111111111111111 !
b111111111111111111 0
b111111111111111111 \
b111111111111111111 @
b111111111111111111 G
b111111111111111111 >
b111111111111111111 O
b111111111111111111 ^
0/
b111111111111111111 )
b111111111111111111 B
b111111111111111111 J
b111111111111111111 M
b1100 Y
b1001 [
b11010 Z
18
b11 ?
b11 H
b11 L
1"
b100111010110011000110011 &
b100111010110011000110011 :
b100111010110011000110011 K
b100111010110011000110011 S
b100111010110011000110011 V
b100011000 3
b100010100 2
b100010100 $
b100010100 F
b100010100 U
1*
#730000
b10001010000000000000000000000000100011000000000000000000000000000000011000000000000000000000000000000000100000000000000111111111111111111000000000000000000000000000000000000000000000000000000000000000000000000000000000000000000000000 -
b1001000 .
0*
#735000
b1 !
b1 0
b1 \
b0 >
b0 O
b0 ^
b0 @
b0 G
b1 )
b1 B
b1 J
b1 M
b0 Y
b0 [
b101 Z
11
18
b101 ?
b101 H
b101 L
1"
b101001000000010011 &
b101001000000010011 :
b101001000000010011 K
b101001000000010011 S
b101001000000010011 V
b100011100 3
b100011000 2
b100011000 $
b100011000 F
b100011000 U
1*
#740000
b10001100000000000000000000000000100011100000000000000000000000000000000000000000000000000000000000000000100000000000000000000000000000001000000000000000000000000000000000000000000000000000000000000000000000000000000000000000000000000 -
b1001001 .
0*
#745000
b11111111111111111000000000000000 !
b11111111111111111000000000000000 0
b11111111111111111000000000000000 \
b111111111111111111 A
b111111111111111111 I
b111111111111111111 _
b11111111111111111000000000000000 )
b11111111111111111000000000000000 B
b11111111111111111000000000000000 J
b11111111111111111000000000000000 M
b1111 @
b1111 G
b101 Y
b1111 [
b1100 Z
18
b101 ?
b101 H
b101 L
11
1"
b1111 ;
b1111 T
b111101100001001010010011 &
b111101100001001010010011 :
b111101100001001010010011 K
b111101100001001010010011 S
b111101100001001010010011 V
b100100000 3
b100101011 2
b100011100 $
b100011100 F
b100011100 U
1*
#750000
b10001110000000000000000000000000100100000000000000000000000000000000001010000000000000000000000000000000111111111111111111000000000000000000000000000000000000000000000000000000000000000000000000000000000000000000000000000000000000000 -
b1001010 .
0*
#755000
16
b0 !
b0 0
b0 \
1/
b0 A
b0 I
b0 _
b0 )
b0 B
b0 J
b0 M
b0 @
b0 G
b10 Y
b10110 [
b10001 Z
18
b11 ?
b11 H
b11 L
01
1"
b0 ;
b0 T
b1011010001110000100110011 &
b1011010001110000100110011 :
b1011010001110000100110011 K
b1011010001110000100110011 S
b1011010001110000100110011 V
b100100100 3
b100100000 2
b100100000 $
b100100000 F
b100100000 U
1*
#760000
b10010000000000000000000000000000100100100000000000000000000000000000000100000000000000000000000000000000100000000000000000000000000000000000000000000000000000000000000000000000000000000000000000000000000000000000000000000000000000000 -
b1001011 .
0*
#765000
06
b1 !
b1 0
b1 \
0/
b1 )
b1 B
b1 J
b1 M
b1 @
b1 G
b1 >
b1 O
b1 ^
b0 Y
b11111 [
b10100 Z
18
b100 ?
b100 H
b100 L
1"
b1111110100100000000110011 &
b1111110100100000000110011 :
b1111110100100000000110011 K
b1111110100100000000110011 S
b1111110100100000000110011 V
b100101000 3
b100100100 2
b100100100 $
b100100100 F
b100100100 U
1*
#770000
b10010010000000000000000000000000100101000000000000000000000000000000000000000000000000000000000000000000100000000000000000000000000000001000000000000000000000000000000000000000000000000000000000000000000000000000000000000000000000000 -
b1001100 .
0*
#775000
b11111111111111111111111100100010 !
b11111111111111111111111100100010 0
b11111111111111111111111100100010 \
b11111111111111111111111100100010 )
b11111111111111111111111100100010 B
b11111111111111111111111100100010 J
b11111111111111111111111100100010 M
b11111111111111111111111100100011 A
b11111111111111111111111100100011 I
b11111111111111111111111100100011 _
b1110 Y
b1000 [
b11110 Z
18
b100 ?
b100 H
b100 L
1"
b100011110100011100110011 &
b100011110100011100110011 :
b100011110100011100110011 K
b100011110100011100110011 S
b100011110100011100110011 V
b100101100 3
b100101000 2
b100101000 $
b100101000 F
b100101000 U
1*
#780000
b10010100000000000000000000000000100101100000000000000000000000000000011100000000000000000000000000000000111111111111111111111111100100010000000000000000000000000000000000000000000000000000000000000000000000000000000000000000000000000 -
b1001101 .
0*
#785000
b11111111111111111111111111111111 !
b11111111111111111111111111111111 0
b11111111111111111111111111111111 \
b11111111111111111000000000000000 A
b11111111111111111000000000000000 I
b11111111111111111000000000000000 _
b10000011010 @
b10000011010 G
b11111111111111111111111111111111 )
b11111111111111111111111111111111 B
b11111111111111111111111111111111 J
b11111111111111111111111111111111 M
b10010 Y
b11010 [
b101 Z
11
18
b111 ?
b111 H
b111 L
1"
b10000011010 ;
b10000011010 T
b1000001101000101101100100010011 &
b1000001101000101101100100010011 :
b1000001101000101101100100010011 K
b1000001101000101101100100010011 S
b1000001101000101101100100010011 V
b100110000 3
b10101000110 2
b100101100 $
b100101100 F
b100101100 U
1*
#790000
b10010110000000000000000000000000100110000000000000000000000000000000100100000000000000000000000000000000111111111111111111111111111111111000000000000000000000000000000000000000000000000000000000000000000000000000000000000000000000000 -
b1001110 .
0*
#795000
16
b11000 !
b11000 0
b11000 \
b1100 A
b1100 I
b1100 _
b11000 )
b11000 B
b11000 J
b11000 M
b1 @
b1 G
b1000 Y
b10011 Z
18
b101 ?
b101 H
b101 L
01
1"
b0 ;
b0 T
b1101010011001010000110011 &
b1101010011001010000110011 :
b1101010011001010000110011 K
b1101010011001010000110011 S
b1101010011001010000110011 V
b100110100 3
b100110000 2
b100110000 $
b100110000 F
b100110000 U
1*
#800000
b10011000000000000000000000000000100110100000000000000000000000000000010000000000000000000000000000000000100000000000000000000000000011000000000000000000000000000000000000000000000000000000000000000000000000000000000000000000000000000 -
b1001111 .
0*
#805000
06
b111111111111111111 !
b111111111111111111 0
b111111111111111111 \
b11000 >
b11000 O
b11000 ^
b111111111111111111 A
b111111111111111111 I
b111111111111111111 _
b10000001000 @
b10000001000 G
b111111111111111111 )
b111111111111111111 B
b111111111111111111 J
b111111111111111111 M
b1001 Y
b1000 [
b1100 Z
11
18
b11 ?
b11 H
b11 L
1"
b10000001000 ;
b10000001000 T
b1000000100001100110010010010011 &
b1000000100001100110010010010011 :
b1000000100001100110010010010011 K
b1000000100001100110010010010011 S
b1000000100001100110010010010011 V
b100111000 3
b10100111100 2
b100110100 $
b100110100 F
b100110100 U
1*
#810000
b10011010000000000000000000000000100111000000000000000000000000000000010010000000000000000000000000000000100000000000000111111111111111111000000000000000000000000000000000000000000000000000000000000000000000000000000000000000000000000 -
b1010000 .
0*
#815000
16
1/
b0 !
b0 0
b0 \
b0 >
b0 O
b0 ^
b0 A
b0 I
b0 _
b0 )
b0 B
b0 J
b0 M
b0 @
b0 G
b110 Y
b100 [
b11000 Z
18
b0 ?
b0 H
b0 L
01
1"
b0 ;
b0 T
b10011000000001100110011 &
b10011000000001100110011 :
b10011000000001100110011 K
b10011000000001100110011 S
b10011000000001100110011 V
b100111100 3
b100111000 2
b100111000 $
b100111000 F
b100111000 U
1*
#820000
b10011100000000000000000000000000100111100000000000000000000000000000001100000000000000000000000000000000100000000000000000000000000000000000000000000000000000000000000000000000000000000000000000000000000000000000000000000000000000000 -
b1010001 .
0*
#825000
06
b11111111111111111111111111110100 !
b11111111111111111111111111110100 0
b11111111111111111111111111110100 \
0/
b11111111111111111111111111110100 )
b11111111111111111111111111110100 B
b11111111111111111111111111110100 J
b11111111111111111111111111110100 M
b1100 @
b1100 G
b1100 >
b1100 O
b1100 ^
b10110 Y
b1 [
b10110 Z
b1 ?
b1 H
b1 L
18
1"
b1000000000110110000101100110011 &
b1000000000110110000101100110011 :
b1000000000110110000101100110011 K
b1000000000110110000101100110011 S
b1000000000110110000101100110011 V
b101000000 3
b100111100 2
b100111100 $
b100111100 F
b100111100 U
1*
#830000
b10011110000000000000000000000000101000000000000000000000000000000000101100000000000000000000000000000000111111111111111111111111111110100000000000000000000000000000000000000000000000000000000000000000000000000000000000000000000000000 -
b1010010 .
0*
#835000
16
0/
b1100 !
b1100 0
b1100 \
b11110 Y
b10011 [
b10100 Z
18
b0 ?
b0 H
b0 L
1"
b1001110100000111100110011 &
b1001110100000111100110011 :
b1001110100000111100110011 K
b1001110100000111100110011 S
b1001110100000111100110011 V
b1100 )
b1100 B
b1100 J
b1100 M
b101000100 3
b0 A
b0 I
b0 _
b101000000 2
b101000000 $
b101000000 F
b101000000 U
1*
#840000
b10100000000000000000000000000000101000100000000000000000000000000000111100000000000000000000000000000000100000000000000000000000000001100000000000000000000000000000000000000000000000000000000000000000000000000000000000000000000000000 -
b1010011 .
0*
#845000
06
b10000000000000000000000000000000 !
b10000000000000000000000000000000 0
b10000000000000000000000000000000 \
b1 >
b1 O
b1 ^
b111111111111111111111111111 A
b111111111111111111111111111 I
b111111111111111111111111111 _
0/
b10000000000000000000000000000000 )
b10000000000000000000000000000000 B
b10000000000000000000000000000000 J
b10000000000000000000000000000000 M
b11111 @
b11111 G
b10100 Y
b11111 [
b111 Z
b101 ?
b101 H
b101 L
11
18
1"
b11111 ;
b11111 T
b1111100111001101000010011 &
b1111100111001101000010011 :
b1111100111001101000010011 K
b1111100111001101000010011 S
b1111100111001101000010011 V
b101001000 3
b101100011 2
b101000100 $
b101000100 F
b101000100 U
1*
#850000
b10100010000000000000000000000000101001000000000000000000000000000000101000000000000000000000000000000000110000000000000000000000000000000000000000000000000000000000000000000000000000000000000000000000000000000000000000000000000000000 -
b1010100 .
0*
#855000
b1111111111111111110000000000000 !
b1111111111111111110000000000000 0
b1111111111111111110000000000000 \
b101 >
b101 O
b101 ^
b111111111111111111 A
b111111111111111111 I
b111111111111111111 _
b1111111111111111110000000000000 )
b1111111111111111110000000000000 B
b1111111111111111110000000000000 J
b1111111111111111110000000000000 M
b1101 @
b1101 G
b1010 Y
b1101 [
b1001 Z
18
b101 ?
b101 H
b101 L
11
1"
b1101 ;
b1101 T
b110101001001010100010011 &
b110101001001010100010011 :
b110101001001010100010011 K
b110101001001010100010011 S
b110101001001010100010011 V
b101001100 3
b101010101 2
b101001000 $
b101001000 F
b101001000 U
1*
#860000
b10100100000000000000000000000000101001100000000000000000000000000000010100000000000000000000000000000000101111111111111111110000000000000000000000000000000000000000000000000000000000000000000000000000000000000000000000000000000000000 -
b1010101 .
0*
#865000
16
b11011000 !
b11011000 0
b11011000 \
b0 >
b0 O
b0 ^
b11111111111111111111111110101111 A
b11111111111111111111111110101111 I
b11111111111111111111111110101111 _
b11011000 )
b11011000 B
b11011000 J
b11011000 M
b11111111111111111111111101110111 @
b11111111111111111111111101110111 G
b10101 Y
b10111 [
b11101 Z
18
b100 ?
b100 H
b100 L
11
1"
b11111111111111111111111101110111 ;
b11111111111111111111111101110111 T
b11110111011111101100101010010011 &
b11110111011111101100101010010011 :
b11110111011111101100101010010011 K
b11110111011111101100101010010011 S
b11110111011111101100101010010011 V
b101010000 3
b11000011 2
b101001100 $
b101001100 F
b101001100 U
1*
#870000
b10100110000000000000000000000000101010000000000000000000000000000000101010000000000000000000000000000000100000000000000000000000011011000000000000000000000000000000000000000000000000000000000000000000000000000000000000000000000000000 -
b1010110 .
0*
#875000
b0 !
b0 0
b0 \
b111111111111111111 >
b111111111111111111 O
b111111111111111111 ^
b0 A
b0 I
b0 _
1/
b0 )
b0 B
b0 J
b0 M
b111111111111111111 @
b111111111111111111 G
b11001 Y
b1100 [
b10 Z
18
b10 ?
b10 H
b10 L
01
1"
b0 ;
b0 T
b110000010111110010110011 &
b110000010111110010110011 :
b110000010111110010110011 K
b110000010111110010110011 S
b110000010111110010110011 V
b101010100 3
b101010000 2
b101010000 $
b101010000 F
b101010000 U
1*
#880000
b10101000000000000000000000000000101010100000000000000000000000000000110010000000000000000000000000000000100000000000000000000000000000000000000000000000000000000000000000000000000000000000000000000000000000000000000000000000000000000 -
b1010111 .
0*
#885000
b0 @
b0 G
b0 >
b0 O
b0 ^
b10 Y
b11100 [
b11 Z
18
b101 ?
b101 H
b101 L
1"
b1110000011001000100110011 &
b1110000011001000100110011 :
b1110000011001000100110011 K
b1110000011001000100110011 S
b1110000011001000100110011 V
b101011000 3
b101010100 2
b101010100 $
b101010100 F
b101010100 U
1*
#890000
b10101010000000000000000000000000101011000000000000000000000000000000000100000000000000000000000000000000100000000000000000000000000000000000000000000000000000000000000000000000000000000000000000000000000000000000000000000000000000000 -
b1011000 .
0*
#895000
b0 !
b0 0
b0 \
b11000 @
b11000 G
1/
b0 )
b0 B
b0 J
b0 M
b11000 >
b11000 O
b11000 ^
b1100 A
b1100 I
b1100 _
b11110 Y
b1000 [
b1 Z
18
b110 ?
b110 H
b110 L
1"
b100000001101111100110011 &
b100000001101111100110011 :
b100000001101111100110011 K
b100000001101111100110011 S
b100000001101111100110011 V
b101011100 3
b101011000 2
b101011000 $
b101011000 F
b101011000 U
1*
#900000
b10101100000000000000000000000000101011100000000000000000000000000000111100000000000000000000000000000000100000000000000000000000000000000000000000000000000000000000000000000000000000000000000000000000000000000000000000000000000000000 -
b1011001 .
0*
#905000
b1111111111111111110000000000000 >
b1111111111111111110000000000000 O
b1111111111111111110000000000000 ^
b11000 A
b11000 I
b11000 _
b10000001010 @
b10000001010 G
b1101 Y
b1010 [
b1000 Z
11
18
b111 ?
b111 H
b111 L
1"
b10000001010 ;
b10000001010 T
b1000000101001000101011010010011 &
b1000000101001000101011010010011 :
b1000000101001000101011010010011 K
b1000000101001000101011010010011 S
b1000000101001000101011010010011 V
b101100000 3
b10101100110 2
b101011100 $
b101011100 F
b101011100 U
1*
#910000
b10101110000000000000000000000000101100000000000000000000000000000000011010000000000000000000000000000000100000000000000000000000000000000000000000000000000000000000000000000000000000000000000000000000000000000000000000000000000000000 -
b1011010 .
0*
#915000
b0 !
b0 0
b0 \
b101101011 >
b101101011 O
b101101011 ^
b0 A
b0 I
b0 _
1/
b0 )
b0 B
b0 J
b0 M
b101101011 @
b101101011 G
b11000 Y
b11011 [
b10001 Z
18
b101 ?
b101 H
b101 L
01
1"
b0 ;
b0 T
b1101110001001110000110011 &
b1101110001001110000110011 :
b1101110001001110000110011 K
b1101110001001110000110011 S
b1101110001001110000110011 V
b101100100 3
b101100000 2
b101100000 $
b101100000 F
b101100000 U
1*
#920000
b10110000000000000000000000000000101100100000000000000000000000000000110000000000000000000000000000000000100000000000000000000000000000000000000000000000000000000000000000000000000000000000000000000000000000000000000000000000000000000 -
b1011011 .
0*
#925000
06
b1 !
b1 0
b1 \
b0 >
b0 O
b0 ^
b11111111111111111000000000000000 A
b11111111111111111000000000000000 I
b11111111111111111000000000000000 _
b10001000011 @
b10001000011 G
0/
b1 )
b1 B
b1 J
b1 M
b11010 Y
b11 [
b101 Z
11
18
b1000 ?
b1000 H
b1000 L
1"
b10001000011 ;
b10001000011 T
b1000100001100101010110100010011 &
b1000100001100101010110100010011 :
b1000100001100101010110100010011 K
b1000100001100101010110100010011 S
b1000100001100101010110100010011 V
b101101000 3
b10110100111 2
b101100100 $
b101100100 F
b101100100 U
1*
#930000
b10110010000000000000000000000000101101000000000000000000000000000000110100000000000000000000000000000000100000000000000000000000000000001000000000000000000000000000000000000000000000000000000000000000000000000000000000000000000000000 -
b1011100 .
0*
#935000
16
b0 !
b0 0
b0 \
b11000000000000000000000000000000 >
b11000000000000000000000000000000 O
b11000000000000000000000000000000 ^
b11111111111111111111111111110100 A
b11111111111111111111111111110100 I
b11111111111111111111111111110100 _
1/
b0 )
b0 B
b0 J
b0 M
b11000000000000000000000000000000 @
b11000000000000000000000000000000 G
b1011 Y
b1011 [
b10110 Z
18
b1001 ?
b1001 H
b1001 L
01
1"
b0 ;
b0 T
b101110110011010110110011 &
b101110110011010110110011 :
b101110110011010110110011 K
b101110110011010110110011 S
b101110110011010110110011 V
b101101100 3
b101101000 2
b101101000 $
b101101000 F
b101101000 U
1*
#940000
b10110100000000000000000000000000101101100000000000000000000000000000010110000000000000000000000000000000100000000000000000000000000000000000000000000000000000000000000000000000000000000000000000000000000000000000000000000000000000000 -
b1011101 .
0*
#945000
16
b0 !
b0 0
b0 \
b1 A
b1 I
b1 _
1/
b0 )
b0 B
b0 J
b0 M
b11101 Y
b11010 [
b11111 Z
18
b1000 ?
b1000 H
b1000 L
1"
b1 @
b1 G
b1101011111010111010110011 &
b1101011111010111010110011 :
b1101011111010111010110011 K
b1101011111010111010110011 S
b1101011111010111010110011 V
b1 >
b1 O
b1 ^
b101110000 3
b101101100 2
b101101100 $
b101101100 F
b101101100 U
1*
#950000
b10110110000000000000000000000000101110000000000000000000000000000000111010000000000000000000000000000000100000000000000000000000000000000000000000000000000000000000000000000000000000000000000000000000000000000000000000000000000000000 -
b1011110 .
0*
#955000
06
b1 !
b1 0
b1 \
b10000000000000000000000000000000 @
b10000000000000000000000000000000 G
0/
b1 )
b1 B
b1 J
b1 M
b10000000000000000000000000000000 >
b10000000000000000000000000000000 O
b10000000000000000000000000000000 ^
b0 A
b0 I
b0 _
b10100 [
b1011 Z
18
b1001 ?
b1001 H
b1001 L
1"
b1010001011011111010110011 &
b1010001011011111010110011 :
b1010001011011111010110011 K
b1010001011011111010110011 S
b1010001011011111010110011 V
b101110100 3
b101110000 2
b101110000 $
b101110000 F
b101110000 U
1*
#960000
b10111000000000000000000000000000101110100000000000000000000000000000111010000000000000000000000000000000100000000000000000000000000000001000000000000000000000000000000000000000000000000000000000000000000000000000000000000000000000000 -
b1011111 .
0*
#965000
16
b0 !
b0 0
b0 \
b111111111111111111111111111 >
b111111111111111111111111111 O
b111111111111111111111111111 ^
b10000000111 @
b10000000111 G
1/
b0 )
b0 B
b0 J
b0 M
b11110 Y
b111 [
b11100 Z
11
18
b111 ?
b111 H
b111 L
1"
b10000000111 ;
b10000000111 T
b1000000011111100101111100010011 &
b1000000011111100101111100010011 :
b1000000011111100101111100010011 K
b1000000011111100101111100010011 S
b1000000011111100101111100010011 V
b101111000 3
b10101111011 2
b101110100 $
b101110100 F
b101110100 U
1*
#970000
b10111010000000000000000000000000101111000000000000000000000000000000111100000000000000000000000000000000100000000000000000000000000000000000000000000000000000000000000000000000000000000000000000000000000000000000000000000000000000000 -
b1100000 .
0*
#975000
b0 >
b0 O
b0 ^
b10000001101 @
b10000001101 G
b10001 Y
b1101 [
b110 Z
18
b111 ?
b111 H
b111 L
11
1"
b10000001101 ;
b10000001101 T
b1000000110100110101100010010011 &
b1000000110100110101100010010011 :
b1000000110100110101100010010011 K
b1000000110100110101100010010011 S
b1000000110100110101100010010011 V
b101111100 3
b10110000101 2
b101111000 $
b101111000 F
b101111000 U
1*
#980000
b10111100000000000000000000000000101111100000000000000000000000000000100010000000000000000000000000000000100000000000000000000000000000000000000000000000000000000000000000000000000000000000000000000000000000000000000000000000000000000 -
b1100001 .
0*
#985000
06
b11111111111111111100000000000000 !
b11111111111111111100000000000000 0
b11111111111111111100000000000000 \
0/
b11111111111111111100000000000000 )
b11111111111111111100000000000000 B
b11111111111111111100000000000000 J
b11111111111111111100000000000000 M
b1 >
b1 O
b1 ^
b11111111111111111000000000000000 A
b11111111111111111000000000000000 I
b11111111111111111000000000000000 _
b1 @
b1 G
b0 Y
b11101 [
b101 Z
18
b111 ?
b111 H
b111 L
01
1"
b0 ;
b0 T
b1000001110100101101000000110011 &
b1000001110100101101000000110011 :
b1000001110100101101000000110011 K
b1000001110100101101000000110011 S
b1000001110100101101000000110011 V
b110000000 3
b101111100 2
b101111100 $
b101111100 F
b101111100 U
1*
#990000
b10111110000000000000000000000000110000000000000000000000000000000000000000000000000000000000000000000000111111111111111111100000000000000000000000000000000000000000000000000000000000000000000000000000000000000000000000000000000000000 -
b1100010 .
0*
#995000
b11111111111111111111100011011110 !
b11111111111111111111100011011110 0
b11111111111111111111100011011110 \
b0 >
b0 O
b0 ^
b0 A
b0 I
b0 _
b11111111111111111111100011011110 @
b11111111111111111111100011011110 G
b11111111111111111111100011011110 )
b11111111111111111111100011011110 B
b11111111111111111111100011011110 J
b11111111111111111111100011011110 M
b11010 Y
b11110 [
b1011 Z
11
18
b0 ?
b0 H
b0 L
1"
b11111111111111111111100011011110 ;
b11111111111111111111100011011110 T
b10001101111001011000110100010011 &
b10001101111001011000110100010011 :
b10001101111001011000110100010011 K
b10001101111001011000110100010011 S
b10001101111001011000110100010011 V
b110000100 3
b11111111111111111111101001011110 2
b110000000 $
b110000000 F
b110000000 U
1*
#1000000
b11000000000000000000000000000000110000100000000000000000000000000000110100000000000000000000000000000000111111111111111111111100011011110000000000000000000000000000000000000000000000000000000000000000000000000000000000000000000000000 -
b1100011 .
0*
#1005000
06
b11111111111111111111111011100100 !
b11111111111111111111111011100100 0
b11111111111111111111111011100100 \
b11111111111111111111111111110100 A
b11111111111111111111111111110100 I
b11111111111111111111111111110100 _
0/
b11111111111111111111111011100100 )
b11111111111111111111111011100100 B
b11111111111111111111111011100100 J
b11111111111111111111111011100100 M
b11111111111111111111111011101101 @
b11111111111111111111111011101101 G
b1010 Y
b1101 [
b10110 Z
b10 ?
b10 H
b10 L
18
11
1"
b11111111111111111111111011101101 ;
b11111111111111111111111011101101 T
b11101110110110110111010100010011 &
b11101110110110110111010100010011 :
b11101110110110110111010100010011 K
b11101110110110110111010100010011 S
b11101110110110110111010100010011 V
b110001000 3
b1110001 2
b110000100 $
b110000100 F
b110000100 U
1*
#1010000
b11000010000000000000000000000000110001000000000000000000000000000000010100000000000000000000000000000000111111111111111111111111011100100000000000000000000000000000000000000000000000000000000000000000000000000000000000000000000000000 -
b1100100 .
0*
#1015000
06
b11111111111111111111111111111111 !
b11111111111111111111111111111111 0
b11111111111111111111111111111111 \
0/
b11111111111111111111111111111111 >
b11111111111111111111111111111111 O
b11111111111111111111111111111111 ^
b0 A
b0 I
b0 _
b11111111111111111111111111111111 )
b11111111111111111111111111111111 B
b11111111111111111111111111111111 J
b11111111111111111111111111111111 M
b11111111111111111111111111111111 @
b11111111111111111111111111111111 G
b10001 Y
b10010 [
b1101 Z
18
b11 ?
b11 H
b11 L
01
1"
b0 ;
b0 T
b1001001101110100010110011 &
b1001001101110100010110011 :
b1001001101110100010110011 K
b1001001101110100010110011 S
b1001001101110100010110011 V
b110001100 3
b110001000 2
b110001000 $
b110001000 F
b110001000 U
1*
#1020000
b11000100000000000000000000000000110001100000000000000000000000000000100010000000000000000000000000000000111111111111111111111111111111111000000000000000000000000000000000000000000000000000000000000000000000000000000000000000000000000 -
b1100101 .
0*
#1025000
b1 !
b1 0
b1 \
b1 >
b1 O
b1 ^
b11000 A
b11000 I
b11000 _
b11111111111111111111101100111111 @
b11111111111111111111101100111111 G
b1 )
b1 B
b1 J
b1 M
b11111 [
b1000 Z
11
18
b1001 ?
b1001 H
b1001 L
1"
b11111111111111111111101100111111 ;
b11111111111111111111101100111111 T
b10110011111101000011100010010011 &
b10110011111101000011100010010011 :
b10110011111101000011100010010011 K
b10110011111101000011100010010011 S
b10110011111101000011100010010011 V
b110010000 3
b11111111111111111111110011001011 2
b110001100 $
b110001100 F
b110001100 U
1*
#1030000
b11000110000000000000000000000000110010000000000000000000000000000000100010000000000000000000000000000000100000000000000000000000000000001000000000000000000000000000000000000000000000000000000000000000000000000000000000000000000000000 -
b1100110 .
0*
#1035000
16
b0 !
b0 0
b0 \
b11111111111111111111111011100100 >
b11111111111111111111111011100100 O
b11111111111111111111111011100100 ^
b101101011 A
b101101011 I
b101101011 _
1/
b0 )
b0 B
b0 J
b0 M
b11111111111111111111111011100100 @
b11111111111111111111111011100100 G
b110 Y
b1010 [
b11011 Z
18
b1000 ?
b1000 H
b1000 L
01
1"
b0 ;
b0 T
b101011011010001100110011 &
b101011011010001100110011 :
b101011011010001100110011 K
b101011011010001100110011 S
b101011011010001100110011 V
b110010100 3
b110010000 2
b110010000 $
b110010000 F
b110010000 U
1*
#1040000
b11001000000000000000000000000000110010100000000000000000000000000000001100000000000000000000000000000000100000000000000000000000000000000000000000000000000000000000000000000000000000000000000000000000000000000000000000000000000000000 -
b1100111 .
0*
#1045000
06
b11111111111111111111111111110100 !
b11111111111111111111111111110100 0
b11111111111111111111111111110100 \
b0 @
b0 G
b0 >
b0 O
b0 ^
b11111111111111111111111111110100 A
b11111111111111111111111111110100 I
b11111111111111111111111111110100 _
0/
b11111111111111111111111111110100 )
b11111111111111111111111111110100 B
b11111111111111111111111111110100 J
b11111111111111111111111111110100 M
b11 Y
b1011 [
b10110 Z
18
b11 ?
b11 H
b11 L
1"
b101110110110000110110011 &
b101110110110000110110011 :
b101110110110000110110011 K
b101110110110000110110011 S
b101110110110000110110011 V
b110011000 3
b110010100 2
b110010100 $
b110010100 F
b110010100 U
1*
#1050000
b11001010000000000000000000000000110011000000000000000000000000000000000110000000000000000000000000000000111111111111111111111111111110100000000000000000000000000000000000000000000000000000000000000000000000000000000000000000000000000 -
b1101000 .
0*
#1055000
b1 !
b1 0
b1 \
b1 )
b1 B
b1 J
b1 M
b1 A
b1 I
b1 _
b10100 Y
b100 [
b10001 Z
18
b11 ?
b11 H
b11 L
1"
b10010001110101000110011 &
b10010001110101000110011 :
b10010001110101000110011 K
b10010001110101000110011 S
b10010001110101000110011 V
b110011100 3
b110011000 2
b110011000 $
b110011000 F
b110011000 U
1*
#1060000
b11001100000000000000000000000000110011100000000000000000000000000000101000000000000000000000000000000000100000000000000000000000000000001000000000000000000000000000000000000000000000000000000000000000000000000000000000000000000000000 -
b1101001 .
0*
#1065000
16
b0 !
b0 0
b0 \
b10101100 @
b10101100 G
b10101100 >
b10101100 O
b10101100 ^
b11111111111111111111111011100100 A
b11111111111111111111111011100100 I
b11111111111111111111111011100100 _
1/
b0 )
b0 B
b0 J
b0 M
b10000 [
b1010 Z
18
b1001 ?
b1001 H
b1001 L
1"
b1000001010011101000110011 &
b1000001010011101000110011 :
b1000001010011101000110011 K
b1000001010011101000110011 S
b1000001010011101000110011 V
b110100000 3
b110011100 2
b110011100 $
b110011100 F
b110011100 U
1*
#1070000
b11001110000000000000000000000000110100000000000000000000000000000000101000000000000000000000000000000000100000000000000000000000000000000000000000000000000000000000000000000000000000000000000000000000000000000000000000000000000000000 -
b1101010 .
0*
#1075000
16
b0 !
b0 0
b0 \
b11111111111111111111100011011110 @
b11111111111111111111100011011110 G
b11111111111111111111100011011110 >
b11111111111111111111100011011110 O
b11111111111111111111100011011110 ^
b0 A
b0 I
b0 _
1/
b0 )
b0 B
b0 J
b0 M
b100 Y
b11010 [
b0 Z
18
b1000 ?
b1000 H
b1000 L
1"
b1101000000010001000110011 &
b1101000000010001000110011 :
b1101000000010001000110011 K
b1101000000010001000110011 S
b1101000000010001000110011 V
b110100100 3
b110100000 2
b110100000 $
b110100000 F
b110100000 U
1*
#1080000
b11010000000000000000000000000000110100100000000000000000000000000000001000000000000000000000000000000000100000000000000000000000000000000000000000000000000000000000000000000000000000000000000000000000000000000000000000000000000000000 -
b1101011 .
0*
#1085000
b11111111111111111111111111110100 @
b11111111111111111111111111110100 G
b11111111111111111111111111110100 >
b11111111111111111111111111110100 O
b11111111111111111111111111110100 ^
b11010 Y
b11 [
18
b1000 ?
b1000 H
b1000 L
1"
b1100000010110100110011 &
b1100000010110100110011 :
b1100000010110100110011 K
b1100000010110100110011 S
b1100000010110100110011 V
b110101000 3
b110100100 2
b110100100 $
b110100100 F
b110100100 U
1*
#1090000
b11010010000000000000000000000000110101000000000000000000000000000000110100000000000000000000000000000000100000000000000000000000000000000000000000000000000000000000000000000000000000000000000000000000000000000000000000000000000000000 -
b1101100 .
0*
#1095000
16
b1100 !
b1100 0
b1100 \
b1100 @
b1100 G
b1100 >
b1100 O
b1100 ^
b1100 A
b1100 I
b1100 _
0/
b1100 )
b1100 B
b1100 J
b1100 M
b1111 Y
b10011 [
b1 Z
18
b11 ?
b11 H
b11 L
1"
b1001100001110011110110011 &
b1001100001110011110110011 :
b1001100001110011110110011 K
b1001100001110011110110011 S
b1001100001110011110110011 V
b110101100 3
b110101000 2
b110101000 $
b110101000 F
b110101000 U
1*
#1100000
b11010100000000000000000000000000110101100000000000000000000000000000011110000000000000000000000000000000100000000000000000000000000001100000000000000000000000000000000000000000000000000000000000000000000000000000000000000000000000000 -
b1101101 .
0*
#1105000
06
b11111111111111111111111111110100 !
b11111111111111111111111111110100 0
b11111111111111111111111111110100 \
b0 @
b0 G
b11111111111111111111111111110100 )
b11111111111111111111111111110100 B
b11111111111111111111111111110100 J
b11111111111111111111111111110100 M
b0 >
b0 O
b0 ^
b11111111111111111111111111110100 A
b11111111111111111111111111110100 I
b11111111111111111111111111110100 _
b110 Y
b10100 [
b10110 Z
18
b11 ?
b11 H
b11 L
1"
b1010010110110001100110011 &
b1010010110110001100110011 :
b1010010110110001100110011 K
b1010010110110001100110011 S
b1010010110110001100110011 V
b110110000 3
b110101100 2
b110101100 $
b110101100 F
b110101100 U
1*
#1110000
b11010110000000000000000000000000110110000000000000000000000000000000001100000000000000000000000000000000111111111111111111111111111110100000000000000000000000000000000000000000000000000000000000000000000000000000000000000000000000000 -
b1101110 .
0*
#1115000
16
b0 !
b0 0
b0 \
1/
b0 )
b0 B
b0 J
b0 M
b0 A
b0 I
b0 _
b10100 @
b10100 G
b10 Y
b11001 Z
11
18
b101 ?
b101 H
b101 L
1"
b10100 ;
b10100 T
b1010011001001000100010011 &
b1010011001001000100010011 :
b1010011001001000100010011 K
b1010011001001000100010011 S
b1010011001001000100010011 V
b110110100 3
b111000100 2
b110110000 $
b110110000 F
b110110000 U
1*
#1120000
b11011000000000000000000000000000110110100000000000000000000000000000000100000000000000000000000000000000100000000000000000000000000000000000000000000000000000000000000000000000000000000000000000000000000000000000000000000000000000000 -
b1101111 .
0*
#1125000
16
b0 !
b0 0
b0 \
1/
b0 )
b0 B
b0 J
b0 M
b111111111111111111111111111 >
b111111111111111111111111111 O
b111111111111111111111111111 ^
b101101011 A
b101101011 I
b101101011 _
b111111111111111111111111111 @
b111111111111111111111111111 G
b11101 Y
b111 [
b11011 Z
18
b110 ?
b110 H
b110 L
01
1"
b0 ;
b0 T
b11111011101111010110011 &
b11111011101111010110011 :
b11111011101111010110011 K
b11111011101111010110011 S
b11111011101111010110011 V
b110111000 3
b110110100 2
b110110100 $
b110110100 F
b110110100 U
1*
#1130000
b11011010000000000000000000000000110111000000000000000000000000000000111010000000000000000000000000000000100000000000000000000000000000000000000000000000000000000000000000000000000000000000000000000000000000000000000000000000000000000 -
b1110000 .
0*
#1135000
16
b0 !
b0 0
b0 \
b0 >
b0 O
b0 ^
b0 A
b0 I
b0 _
b101010111 @
b101010111 G
1/
b0 )
b0 B
b0 J
b0 M
b10000 Y
b10111 [
b11000 Z
11
18
b10 ?
b10 H
b10 L
1"
b101010111 ;
b101010111 T
b10101011111000111100000010011 &
b10101011111000111100000010011 :
b10101011111000111100000010011 K
b10101011111000111100000010011 S
b10101011111000111100000010011 V
b110111100 3
b1100001111 2
b110111000 $
b110111000 F
b110111000 U
1*
#1140000
b11011100000000000000000000000000110111100000000000000000000000000000100000000000000000000000000000000000100000000000000000000000000000000000000000000000000000000000000000000000000000000000000000000000000000000000000000000000000000000 -
b1110001 .
0*
#1145000
06
b1000001 !
b1000001 0
b1000001 \
0/
b1000001 )
b1000001 B
b1000001 J
b1000001 M
b1100 >
b1100 O
b1100 ^
b101101011 A
b101101011 I
b101101011 _
b11111111111111111111100011000001 @
b11111111111111111111100011000001 G
b11 Y
b1 [
b11011 Z
18
b10 ?
b10 H
b10 L
11
1"
b11111111111111111111100011000001 ;
b11111111111111111111100011000001 T
b10001100000111011111000110010011 &
b10001100000111011111000110010011 :
b10001100000111011111000110010011 K
b10001100000111011111000110010011 S
b10001100000111011111000110010011 V
b111000000 3
b11111111111111111111101001111101 2
b110111100 $
b110111100 F
b110111100 U
1*
#1150000
b11011110000000000000000000000000111000000000000000000000000000000000000110000000000000000000000000000000100000000000000000000000001000001000000000000000000000000000000000000000000000000000000000000000000000000000000000000000000000000 -
b1110010 .
0*
#1155000
16
b0 !
b0 0
b0 \
b111111111111111111111111111 >
b111111111111111111111111111 O
b111111111111111111111111111 ^
b11111111111111111111111111111111 A
b11111111111111111111111111111111 I
b11111111111111111111111111111111 _
1/
b0 )
b0 B
b0 J
b0 M
b111111111111111111111111111 @
b111111111111111111111111111 G
b10101 Y
b111 [
b10010 Z
18
b1001 ?
b1001 H
b1001 L
01
1"
b0 ;
b0 T
b11110010011101010110011 &
b11110010011101010110011 :
b11110010011101010110011 K
b11110010011101010110011 S
b11110010011101010110011 V
b111000100 3
b111000000 2
b111000000 $
b111000000 F
b111000000 U
1*
#1160000
b11100000000000000000000000000000111000100000000000000000000000000000101010000000000000000000000000000000100000000000000000000000000000000000000000000000000000000000000000000000000000000000000000000000000000000000000000000000000000000 -
b1110011 .
0*
#1165000
06
b1 !
b1 0
b1 \
b1100 @
b1100 G
0/
b1 )
b1 B
b1 J
b1 M
b1100 >
b1100 O
b1100 ^
b0 A
b0 I
b0 _
b11010 Y
b1 [
b10100 Z
18
b1001 ?
b1001 H
b1001 L
1"
b110100011110100110011 &
b110100011110100110011 :
b110100011110100110011 K
b110100011110100110011 S
b110100011110100110011 V
b111001000 3
b111000100 2
b111000100 $
b111000100 F
b111000100 U
1*
#1170000
b11100010000000000000000000000000111001000000000000000000000000000000110100000000000000000000000000000000100000000000000000000000000000001000000000000000000000000000000000000000000000000000000000000000000000000000000000000000000000000 -
b1110100 .
0*
#1175000
16
b0 !
b0 0
b0 \
1/
b0 )
b0 B
b0 J
b0 M
b0 >
b0 O
b0 ^
b111111111111111111 A
b111111111111111111 I
b111111111111111111 _
b11111111111111111111100111001011 @
b11111111111111111111100111001011 G
b10101 Y
b1011 [
b1100 Z
11
18
b1000 ?
b1000 H
b1000 L
1"
b11111111111111111111100111001011 ;
b11111111111111111111100111001011 T
b10011100101101100010101010010011 &
b10011100101101100010101010010011 :
b10011100101101100010101010010011 K
b10011100101101100010101010010011 S
b10011100101101100010101010010011 V
b111001100 3
b11111111111111111111101110010011 2
b111001000 $
b111001000 F
b111001000 U
1*
#1180000
b11100100000000000000000000000000111001100000000000000000000000000000101010000000000000000000000000000000100000000000000000000000000000000000000000000000000000000000000000000000000000000000000000000000000000000000000000000000000000000 -
b1110101 .
0*
#1185000
06
b111111111111111111111111111 !
b111111111111111111111111111 0
b111111111111111111111111111 \
b111111111111111111111111111 >
b111111111111111111111111111 O
b111111111111111111111111111 ^
b111111111111111111111111111 A
b111111111111111111111111111 I
b111111111111111111111111111 _
0/
b111111111111111111111111111 )
b111111111111111111111111111 B
b111111111111111111111111111 J
b111111111111111111111111111 M
b111111111111111111111111111 @
b111111111111111111111111111 G
b1010 Y
b111 [
b111 Z
18
b11 ?
b11 H
b11 L
01
1"
b0 ;
b0 T
b11100111110010100110011 &
b11100111110010100110011 :
b11100111110010100110011 K
b11100111110010100110011 S
b11100111110010100110011 V
b111010000 3
b111001100 2
b111001100 $
b111001100 F
b111001100 U
1*
#1190000
b11100110000000000000000000000000111010000000000000000000000000000000010100000000000000000000000000000000100000111111111111111111111111111000000000000000000000000000000000000000000000000000000000000000000000000000000000000000000000000 -
b1110110 .
0*
#1195000
06
b11111111111111111111111111101000 !
b11111111111111111111111111101000 0
b11111111111111111111111111101000 \
b1100 @
b1100 G
b1100 >
b1100 O
b1100 ^
b11111111111111111111111111110100 A
b11111111111111111111111111110100 I
b11111111111111111111111111110100 _
0/
b11111111111111111111111111101000 )
b11111111111111111111111111101000 B
b11111111111111111111111111101000 J
b11111111111111111111111111101000 M
b1000 Y
b10011 [
b10110 Z
18
b1 ?
b1 H
b1 L
1"
b1000001001110110000010000110011 &
b1000001001110110000010000110011 :
b1000001001110110000010000110011 K
b1000001001110110000010000110011 S
b1000001001110110000010000110011 V
b111010100 3
b111010000 2
b111010000 $
b111010000 F
b111010000 U
1*
#1200000
b11101000000000000000000000000000111010100000000000000000000000000000010000000000000000000000000000000000111111111111111111111111111101000000000000000000000000000000000000000000000000000000000000000000000000000000000000000000000000000 -
b1110111 .
0*
#1205000
06
b11111111111111111111111111011100 !
b11111111111111111111111111011100 0
b11111111111111111111111111011100 \
b11111111111111111111111111110100 @
b11111111111111111111111111110100 G
b11111111111111111111111111110100 >
b11111111111111111111111111110100 O
b11111111111111111111111111110100 ^
b11111111111111111111111111101000 A
b11111111111111111111111111101000 I
b11111111111111111111111111101000 _
0/
b11111111111111111111111111011100 )
b11111111111111111111111111011100 B
b11111111111111111111111111011100 J
b11111111111111111111111111011100 M
b11011 Y
b10110 [
b1000 Z
18
b0 ?
b0 H
b0 L
1"
b1011001000000110110110011 &
b1011001000000110110110011 :
b1011001000000110110110011 K
b1011001000000110110110011 S
b1011001000000110110110011 V
b111011000 3
b111010100 2
b111010100 $
b111010100 F
b111010100 U
1*
#1210000
b11101010000000000000000000000000111011000000000000000000000000000000110110000000000000000000000000000000111111111111111111111111111011100000000000000000000000000000000000000000000000000000000000000000000000000000000000000000000000000 -
b1111000 .
0*
#1215000
06
b11111111111111111111111110101000 !
b11111111111111111111111110101000 0
b11111111111111111111111110101000 \
b11111111111111111111111111101000 >
b11111111111111111111111111101000 O
b11111111111111111111111111101000 ^
b0 A
b0 I
b0 _
b11111111111111111111111110101000 )
b11111111111111111111111110101000 B
b11111111111111111111111110101000 J
b11111111111111111111111110101000 M
b11111111111111111111111110101000 @
b11111111111111111111111110101000 G
b11000 Y
b1000 [
b11000 Z
b100 ?
b100 H
b100 L
11
18
1"
b11111111111111111111111110101000 ;
b11111111111111111111111110101000 T
b11111010100011000100110000010011 &
b11111010100011000100110000010011 :
b11111010100011000100110000010011 K
b11111010100011000100110000010011 S
b11111010100011000100110000010011 V
b111011100 3
b110000000 2
b111011000 $
b111011000 F
b111011000 U
1*
#1220000
b11101100000000000000000000000000111011100000000000000000000000000000110000000000000000000000000000000000111111111111111111111111110101000000000000000000000000000000000000000000000000000000000000000000000000000000000000000000000000000 -
b1111001 .
0*
#1225000
06
b1000110110 !
b1000110110 0
b1000110110 \
b0 >
b0 O
b0 ^
b11111111111111111111110111011110 @
b11111111111111111111110111011110 G
b1110 Y
b11110 [
b1000 Z
18
b100 ?
b100 H
b100 L
11
1"
b11111111111111111111110111011110 ;
b11111111111111111111110111011110 T
0/
b1000110110 )
b1000110110 B
b1000110110 J
b1000110110 M
b11011101111001000100011100010011 &
b11011101111001000100011100010011 :
b11011101111001000100011100010011 K
b11011101111001000100011100010011 S
b11011101111001000100011100010011 V
b11111111111111111111111111101000 A
b11111111111111111111111111101000 I
b11111111111111111111111111101000 _
b111100000 3
b11111111111111111111111110111010 2
b111011100 $
b111011100 F
b111011100 U
1*
#1230000
b11101110000000000000000000000000111100000000000000000000000000000000011100000000000000000000000000000000100000000000000000000001000110110000000000000000000000000000000000000000000000000000000000000000000000000000000000000000000000000 -
b1111010 .
0*
#1235000
b1 !
b1 0
b1 \
b11111111111111111111111111101000 >
b11111111111111111111111111101000 O
b11111111111111111111111111101000 ^
b0 A
b0 I
b0 _
b1 )
b1 B
b1 J
b1 M
b101000 @
b101000 G
b1 Y
b1000 [
b11001 Z
18
b1000 ?
b1000 H
b1000 L
11
1"
b101000 ;
b101000 T
b10100011001010000010010011 &
b10100011001010000010010011 :
b10100011001010000010010011 K
b10100011001010000010010011 S
b10100011001010000010010011 V
b111100100 3
b1000001000 2
b111100000 $
b111100000 F
b111100000 U
1*
#1240000
b11110000000000000000000000000000111100100000000000000000000000000000000010000000000000000000000000000000100000000000000000000000000000001000000000000000000000000000000000000000000000000000000000000000000000000000000000000000000000000 -
b1111011 .
0*
#1245000
16
1/
b0 !
b0 0
b0 \
b1 >
b1 O
b1 ^
b1 A
b1 I
b1 _
b0 )
b0 B
b0 J
b0 M
b1 @
b1 G
b1110 Y
b1 [
b1 Z
18
b100 ?
b100 H
b100 L
01
1"
b0 ;
b0 T
b100001100011100110011 &
b100001100011100110011 :
b100001100011100110011 K
b100001100011100110011 S
b100001100011100110011 V
b111101000 3
b111100100 2
b111100100 $
b111100100 F
b111100100 U
1*
#1250000
b11110010000000000000000000000000111101000000000000000000000000000000011100000000000000000000000000000000100000000000000000000000000000000000000000000000000000000000000000000000000000000000000000000000000000000000000000000000000000000 -
b1111100 .
0*
#1255000
b0 @
b0 G
b0 >
b0 O
b0 ^
b11110 Y
b10000 [
b11010 Z
18
b1000 ?
b1000 H
b1000 L
1"
b1000011010010111100110011 &
b1000011010010111100110011 :
b1000011010010111100110011 K
b1000011010010111100110011 S
b1000011010010111100110011 V
b111101100 3
b111101000 2
b111101000 $
b111101000 F
b111101000 U
1*
#1260000
b11110100000000000000000000000000111101100000000000000000000000000000111100000000000000000000000000000000100000000000000000000000000000000000000000000000000000000000000000000000000000000000000000000000000000000000000000000000000000000 -
b1111101 .
0*
#1265000
06
b11111111111111110111110110111100 !
b11111111111111110111110110111100 0
b11111111111111110111110110111100 \
b11111111111111111000000000000000 A
b11111111111111111000000000000000 I
b11111111111111111000000000000000 _
b11111111111111111111110110111100 @
b11111111111111111111110110111100 G
0/
b11111111111111110111110110111100 )
b11111111111111110111110110111100 B
b11111111111111110111110110111100 J
b11111111111111110111110110111100 M
b1000 Y
b11100 [
b101 Z
11
18
b0 ?
b0 H
b0 L
1"
b11111111111111111111110110111100 ;
b11111111111111111111110110111100 T
b11011011110000101000010000010011 &
b11011011110000101000010000010011 :
b11011011110000101000010000010011 K
b11011011110000101000010000010011 S
b11011011110000101000010000010011 V
b111110000 3
b11111111111111111111111110101000 2
b111101100 $
b111101100 F
b111101100 U
1*
#1270000
b11110110000000000000000000000000111110000000000000000000000000000000010000000000000000000000000000000000111111111111111110111110110111100000000000000000000000000000000000000000000000000000000000000000000000000000000000000000000000000 -
b1111110 .
0*
#1275000
b1 !
b1 0
b1 \
b111111111111111111111111111 >
b111111111111111111111111111 O
b111111111111111111111111111 ^
b0 A
b0 I
b0 _
b1 )
b1 B
b1 J
b1 M
b1011100111 @
b1011100111 G
b10 Y
b111 [
b10000 Z
b1000 ?
b1000 H
b1000 L
18
11
1"
b1011100111 ;
b1011100111 T
b101110011110000010000100010011 &
b101110011110000010000100010011 :
b101110011110000010000100010011 K
b101110011110000010000100010011 S
b101110011110000010000100010011 V
b111110100 3
b10011010111 2
b111110000 $
b111110000 F
b111110000 U
1*
#1280000
b11111000000000000000000000000000111110100000000000000000000000000000000100000000000000000000000000000000100000000000000000000000000000001000000000000000000000000000000000000000000000000000000000000000000000000000000000000000000000000 -
b1111111 .
0*
#1285000
06
b1000001 !
b1000001 0
b1000001 \
b0 >
b0 O
b0 ^
b1000001 A
b1000001 I
b1000001 _
0/
b1000001 )
b1000001 B
b1000001 J
b1000001 M
b10000000000 @
b10000000000 G
b10100 Y
b0 [
b11 Z
18
b111 ?
b111 H
b111 L
11
1"
b10000000000 ;
b10000000000 T
b1000000000000011101101000010011 &
b1000000000000011101101000010011 :
b1000000000000011101101000010011 K
b1000000000000011101101000010011 S
b1000000000000011101101000010011 V
b111111000 3
b10111110100 2
b111110100 $
b111110100 F
b111110100 U
1*
#1290000
b11111010000000000000000000000000111111000000000000000000000000000000101000000000000000000000000000000000100000000000000000000000001000001000000000000000000000000000000000000000000000000000000000000000000000000000000000000000000000000 -
b10000000 .
0*
#1295000
b0 @
b0 G
b11110 Y
b1110 [
18
b111 ?
b111 H
b111 L
01
1"
b0 ;
b0 T
b1000000111000011101111100110011 &
b1000000111000011101111100110011 :
b1000000111000011101111100110011 K
b1000000111000011101111100110011 S
b1000000111000011101111100110011 V
b111111100 3
b111111000 2
b111111000 $
b111111000 F
b111111000 U
1*
#1300000
b11111100000000000000000000000000111111100000000000000000000000000000111100000000000000000000000000000000100000000000000000000000001000001000000000000000000000000000000000000000000000000000000000000000000000000000000000000000000000000 -
b10000001 .
0*
#1305000
16
b0 !
b0 0
b0 \
1/
b0 )
b0 B
b0 J
b0 M
b0 A
b0 I
b0 _
b10000010111 @
b10000010111 G
b1001 Y
b10111 [
b11001 Z
11
18
b111 ?
b111 H
b111 L
1"
b10000010111 ;
b10000010111 T
b1000001011111001101010010010011 &
b1000001011111001101010010010011 :
b1000001011111001101010010010011 K
b1000001011111001101010010010011 S
b1000001011111001101010010010011 V
b1000000000 3
b11000010011 2
b111111100 $
b111111100 F
b111111100 U
1*
#1310000
b11111110000000000000000000000001000000000000000000000000000000000000010010000000000000000000000000000000100000000000000000000000000000000000000000000000000000000000000000000000000000000000000000000000000000000000000000000000000000000 -
b10000010 .
0*
#1315000
b111111111111111111 >
b111111111111111111 O
b111111111111111111 ^
b111111111111111111 @
b111111111111111111 G
b10001 Y
b1100 [
b10101 Z
18
b111 ?
b111 H
b111 L
01
1"
b0 ;
b0 T
b1000000110010101101100010110011 &
b1000000110010101101100010110011 :
b1000000110010101101100010110011 K
b1000000110010101101100010110011 S
b1000000110010101101100010110011 V
b1000000100 3
b1000000000 2
b1000000000 $
b1000000000 F
b1000000000 U
1*
#1320000
b100000000000000000000000000000001000000100000000000000000000000000000100010000000000000000000000000000000100000000000000000000000000000000000000000000000000000000000000000000000000000000000000000000000000000000000000000000000000000000 -
b10000011 .
0*
#1325000
b0 >
b0 O
b0 ^
b11010100100 @
b11010100100 G
b10110 Y
b100 [
b11101 Z
11
18
b10 ?
b10 H
b10 L
1"
b11010100100 ;
b11010100100 T
b1101010010011101111101100010011 &
b1101010010011101111101100010011 :
b1101010010011101111101100010011 K
b1101010010011101111101100010011 S
b1101010010011101111101100010011 V
b1000001000 3
b100010101000 2
b1000000100 $
b1000000100 F
b1000000100 U
1*
#1330000
b100000010000000000000000000000001000001000000000000000000000000000000101100000000000000000000000000000000100000000000000000000000000000000000000000000000000000000000000000000000000000000000000000000000000000000000000000000000000000000 -
b10000100 .
0*
#1335000
b1000001 >
b1000001 O
b1000001 ^
b1100 A
b1100 I
b1100 _
b11111111111111111111111000000011 @
b11111111111111111111111000000011 G
b11110 Y
b11 [
b10011 Z
18
b1000 ?
b1000 H
b1000 L
11
1"
b11111111111111111111111000000011 ;
b11111111111111111111111000000011 T
b11100000001110011010111100010011 &
b11100000001110011010111100010011 :
b11100000001110011010111100010011 K
b11100000001110011010111100010011 S
b11100000001110011010111100010011 V
b1000001100 3
b1011 2
b1000001000 $
b1000001000 F
b1000001000 U
1*
#1340000
b100000100000000000000000000000001000001100000000000000000000000000000111100000000000000000000000000000000100000000000000000000000000000000000000000000000000000000000000000000000000000000000000000000000000000000000000000000000000000000 -
b10000101 .
0*
#1345000
b0 !
b0 0
b0 \
b1 >
b1 O
b1 ^
b0 A
b0 I
b0 _
1/
b0 )
b0 B
b0 J
b0 M
b1 @
b1 G
b11010 Y
b11111 [
b1001 Z
18
b101 ?
b101 H
b101 L
01
1"
b0 ;
b0 T
b1111101001001110100110011 &
b1111101001001110100110011 :
b1111101001001110100110011 K
b1111101001001110100110011 S
b1111101001001110100110011 V
b1000010000 3
b1000001100 2
b1000001100 $
b1000001100 F
b1000001100 U
1*
#1350000
b100000110000000000000000000000001000010000000000000000000000000000000110100000000000000000000000000000000100000000000000000000000000000000000000000000000000000000000000000000000000000000000000000000000000000000000000000000000000000000 -
b10000110 .
0*
#1355000
06
b1 !
b1 0
b1 \
0/
b1 )
b1 B
b1 J
b1 M
b10110 Y
b10 [
b11010 Z
18
b0 ?
b0 H
b0 L
1"
b1011010000101100110011 &
b1011010000101100110011 :
b1011010000101100110011 K
b1011010000101100110011 S
b1011010000101100110011 V
b1000010100 3
b1000010000 2
b1000010000 $
b1000010000 F
b1000010000 U
1*
#1360000
b100001000000000000000000000000001000010100000000000000000000000000000101100000000000000000000000000000000100000000000000000000000000000001000000000000000000000000000000000000000000000000000000000000000000000000000000000000000000000000 -
b10000111 .
0*
#1365000
16
b1100 !
b1100 0
b1100 \
b0 @
b0 G
b0 >
b0 O
b0 ^
b1100 A
b1100 I
b1100 _
0/
b1100 )
b1100 B
b1100 J
b1100 M
b101 Y
b10111 [
b10011 Z
b101 ?
b101 H
b101 L
18
1"
b1011110011001001010110011 &
b1011110011001001010110011 :
b1011110011001001010110011 K
b1011110011001001010110011 S
b1011110011001001010110011 V
b1000011000 3
b1000010100 2
b1000010100 $
b1000010100 F
b1000010100 U
1*
#1370000
b100001010000000000000000000000001000011000000000000000000000000000000001010000000000000000000000000000000100000000000000000000000000001100000000000000000000000000000000000000000000000000000000000000000000000000000000000000000000000000 -
b10001000 .
0*
#1375000
06
b1 !
b1 0
b1 \
b11111111111111110111110110111100 A
b11111111111111110111110110111100 I
b11111111111111110111110110111100 _
b11111111111111111111101100111001 @
b11111111111111111111101100111001 G
0/
b1 )
b1 B
b1 J
b1 M
b10000 Y
b11001 [
b1000 Z
11
18
b1000 ?
b1000 H
b1000 L
1"
b11111111111111111111101100111001 ;
b11111111111111111111101100111001 T
b10110011100101000010100000010011 &
b10110011100101000010100000010011 :
b10110011100101000010100000010011 K
b10110011100101000010100000010011 S
b10110011100101000010100000010011 V
b1000011100 3
b11111111111111111111110101010001 2
b1000011000 $
b1000011000 F
b1000011000 U
1*
#1380000
b100001100000000000000000000000001000011100000000000000000000000000000100000000000000000000000000000000000100000000000000000000000000000001000000000000000000000000000000000000000000000000000000000000000000000000000000000000000000000000 -
b10001001 .
0*
#1385000
06
b1101 !
b1101 0
b1101 \
b1 >
b1 O
b1 ^
b1100 A
b1100 I
b1100 _
b1101 )
b1101 B
b1101 J
b1101 M
b1 @
b1 G
b1101 Y
b10 [
b10011 Z
18
b0 ?
b0 H
b0 L
01
1"
b0 ;
b0 T
b1010011000011010110011 &
b1010011000011010110011 :
b1010011000011010110011 K
b1010011000011010110011 S
b1010011000011010110011 V
b1000100000 3
b1000011100 2
b1000011100 $
b1000011100 F
b1000011100 U
1*
#1390000
b100001110000000000000000000000001000100000000000000000000000000000000011010000000000000000000000000000000100000000000000000000000000001101000000000000000000000000000000000000000000000000000000000000000000000000000000000000000000000000 -
b10001010 .
0*
#1395000
b11111111111111111111111111111111 !
b11111111111111111111111111111111 0
b11111111111111111111111111111111 \
b11111111111111111111111111011100 >
b11111111111111111111111111011100 O
b11111111111111111111111111011100 ^
b111111111111111111111111111 A
b111111111111111111111111111 I
b111111111111111111111111111 _
b11111111111111111111111111111111 )
b11111111111111111111111111111111 B
b11111111111111111111111111111111 J
b11111111111111111111111111111111 M
b11111111111111111111101101011011 @
b11111111111111111111101101011011 G
b11000 Y
b11011 [
b1010 Z
b11 ?
b11 H
b11 L
11
18
1"
b11111111111111111111101101011011 ;
b11111111111111111111101101011011 T
b10110101101101010110110000010011 &
b10110101101101010110110000010011 :
b10110101101101010110110000010011 K
b10110101101101010110110000010011 S
b10110101101101010110110000010011 V
b1000100100 3
b11111111111111111111110101111011 2
b1000100000 $
b1000100000 F
b1000100000 U
1*
#1400000
b100010000000000000000000000000001000100100000000000000000000000000000110000000000000000000000000000000000111111111111111111111111111111111000000000000000000000000000000000000000000000000000000000000000000000000000000000000000000000000 -
b10001011 .
0*
#1405000
16
1/
b0 !
b0 0
b0 \
b0 >
b0 O
b0 ^
b11111111111111111111111111111111 A
b11111111111111111111111111111111 I
b11111111111111111111111111111111 _
b0 )
b0 B
b0 J
b0 M
b0 @
b0 G
b1001 Y
b10101 [
b11000 Z
18
b10 ?
b10 H
b10 L
01
1"
b0 ;
b0 T
b1010111000111010010110011 &
b1010111000111010010110011 :
b1010111000111010010110011 K
b1010111000111010010110011 S
b1010111000111010010110011 V
b1000101000 3
b1000100100 2
b1000100100 $
b1000100100 F
b1000100100 U
1*
#1410000
b100010010000000000000000000000001000101000000000000000000000000000000010010000000000000000000000000000000100000000000000000000000000000000000000000000000000000000000000000000000000000000000000000000000000000000000000000000000000000000 -
b10001100 .
0*
#1415000
16
b0 !
b0 0
b0 \
b1000001 >
b1000001 O
b1000001 ^
b1100 A
b1100 I
b1100 _
b11111111111111111111100101010100 @
b11111111111111111111100101010100 G
1/
b0 )
b0 B
b0 J
b0 M
b10000 Y
b10100 [
b10011 Z
11
18
b1000 ?
b1000 H
b1000 L
1"
b11111111111111111111100101010100 ;
b11111111111111111111100101010100 T
b10010101010010011010100000010011 &
b10010101010010011010100000010011 :
b10010101010010011010100000010011 K
b10010101010010011010100000010011 S
b10010101010010011010100000010011 V
b1000101100 3
b11111111111111111111101101111100 2
b1000101000 $
b1000101000 F
b1000101000 U
1*
#1420000
b100010100000000000000000000000001000101100000000000000000000000000000100000000000000000000000000000000000100000000000000000000000000000000000000000000000000000000000000000000000000000000000000000000000000000000000000000000000000000000 -
b10001101 .
0*
#1425000
16
b0 !
b0 0
b0 \
b1 >
b1 O
b1 ^
b111111111111111111111111111 A
b111111111111111111111111111 I
b111111111111111111111111111 _
1/
b0 )
b0 B
b0 J
b0 M
b101011111 @
b101011111 G
b1100 Y
b11111 [
b1010 Z
18
b1001 ?
b1001 H
b1001 L
11
1"
b101011111 ;
b101011111 T
b10101111101010011011000010011 &
b10101111101010011011000010011 :
b10101111101010011011000010011 K
b10101111101010011011000010011 S
b10101111101010011011000010011 V
b1000110000 3
b1110001011 2
b1000101100 $
b1000101100 F
b1000101100 U
1*
#1430000
b100010110000000000000000000000001000110000000000000000000000000000000011000000000000000000000000000000000100000000000000000000000000000000000000000000000000000000000000000000000000000000000000000000000000000000000000000000000000000000 -
b10001110 .
0*
#1435000
06
b1 !
b1 0
b1 \
0/
b1 )
b1 B
b1 J
b1 M
b11111111111111110111110110111100 >
b11111111111111110111110110111100 O
b11111111111111110111110110111100 ^
b1 A
b1 I
b1 _
b11111111111111110111110110111100 @
b11111111111111110111110110111100 G
b10010 Y
b1000 [
b10110 Z
18
b1001 ?
b1001 H
b1001 L
01
1"
b0 ;
b0 T
b100010110011100100110011 &
b100010110011100100110011 :
b100010110011100100110011 K
b100010110011100100110011 S
b100010110011100100110011 V
b1000110100 3
b1000110000 2
b1000110000 $
b1000110000 F
b1000110000 U
1*
#1440000
b100011000000000000000000000000001000110100000000000000000000000000000100100000000000000000000000000000000100000000000000000000000000000001000000000000000000000000000000000000000000000000000000000000000000000000000000000000000000000000 -
b10001111 .
0*
#1445000
b11101011100 !
b11101011100 0
b11101011100 \
b0 >
b0 O
b0 ^
b0 A
b0 I
b0 _
b11101011100 @
b11101011100 G
b11101011100 )
b11101011100 B
b11101011100 J
b11101011100 M
b1100 Y
b11100 [
b0 Z
11
18
b11 ?
b11 H
b11 L
1"
b11101011100 ;
b11101011100 T
b1110101110000000110011000010011 &
b1110101110000000110011000010011 :
b1110101110000000110011000010011 K
b1110101110000000110011000010011 S
b1110101110000000110011000010011 V
b1000111000 3
b100110010000 2
b1000110100 $
b1000110100 F
b1000110100 U
1*
#1450000
b100011010000000000000000000000001000111000000000000000000000000000000011000000000000000000000000000000000100000000000000000000011101011100000000000000000000000000000000000000000000000000000000000000000000000000000000000000000000000000 -
b10010000 .
0*
#1455000
b11111000000000000000011100001110 !
b11111000000000000000011100001110 0
b11111000000000000000011100001110 \
b111111111111111111111111111 A
b111111111111111111111111111 I
b111111111111111111111111111 _
b11111000000000000000011100001110 )
b11111000000000000000011100001110 B
b11111000000000000000011100001110 J
b11111000000000000000011100001110 M
b11111111111111111111100011110001 @
b11111111111111111111100011110001 G
b10110 Y
b10001 [
b1010 Z
18
b100 ?
b100 H
b100 L
11
1"
b11111111111111111111100011110001 ;
b11111111111111111111100011110001 T
b10001111000101010100101100010011 &
b10001111000101010100101100010011 :
b10001111000101010100101100010011 K
b10001111000101010100101100010011 S
b10001111000101010100101100010011 V
b1000111100 3
b11111111111111111111101100101001 2
b1000111000 $
b1000111000 F
b1000111000 U
1*
#1460000
b100011100000000000000000000000001000111100000000000000000000000000000101100000000000000000000000000000000111111000000000000000011100001110000000000000000000000000000000000000000000000000000000000000000000000000000000000000000000000000 -
b10010001 .
0*
#1465000
16
b0 !
b0 0
b0 \
1/
b111111111111111111111111111 >
b111111111111111111111111111 O
b111111111111111111111111111 ^
b0 A
b0 I
b0 _
b0 )
b0 B
b0 J
b0 M
b111111111111111111111111111 @
b111111111111111111111111111 G
b10100 Y
b1010 [
b1001 Z
18
b101 ?
b101 H
b101 L
01
1"
b0 ;
b0 T
b101001001001101000110011 &
b101001001001101000110011 :
b101001001001101000110011 K
b101001001001101000110011 S
b101001001001101000110011 V
b1001000000 3
b1000111100 2
b1000111100 $
b1000111100 F
b1000111100 U
1*
#1470000
b100011110000000000000000000000001001000000000000000000000000000000000101000000000000000000000000000000000100000000000000000000000000000000000000000000000000000000000000000000000000000000000000000000000000000000000000000000000000000000 -
b10010010 .
0*
#1475000
16
b0 !
b0 0
b0 \
b0 @
b0 G
b0 >
b0 O
b0 ^
1/
b0 )
b0 B
b0 J
b0 M
b111 Y
b10111 [
b0 Z
18
b0 ?
b0 H
b0 L
1"
b1011100000000001110110011 &
b1011100000000001110110011 :
b1011100000000001110110011 K
b1011100000000001110110011 S
b1011100000000001110110011 V
b1001000100 3
b1001000000 2
b1001000000 $
b1001000000 F
b1001000000 U
1*
#1480000
b100100000000000000000000000000001001000100000000000000000000000000000001110000000000000000000000000000000100000000000000000000000000000000000000000000000000000000000000000000000000000000000000000000000000000000000000000000000000000000 -
b10010011 .
0*
#1485000
b1100 !
b1100 0
b1100 \
0/
b1100 )
b1100 B
b1100 J
b1100 M
b1101 @
b1101 G
b1101 >
b1101 O
b1101 ^
b1100 A
b1100 I
b1100 _
b10111 Y
b1101 [
b10011 Z
b10 ?
b10 H
b10 L
18
1"
b110110011111101110110011 &
b110110011111101110110011 :
b110110011111101110110011 K
b110110011111101110110011 S
b110110011111101110110011 V
b1001001000 3
b1001000100 2
b1001000100 $
b1001000100 F
b1001000100 U
1*
#1490000
b100100010000000000000000000000001001001000000000000000000000000000000101110000000000000000000000000000000100000000000000000000000000001100000000000000000000000000000000000000000000000000000000000000000000000000000000000000000000000000 -
b10010100 .
0*
#1495000
16
b0 !
b0 0
b0 \
1/
b11101011100 >
b11101011100 O
b11101011100 ^
b11111111111111111111110000001100 @
b11111111111111111111110000001100 G
b0 )
b0 B
b0 J
b0 M
b1001 Y
b1100 [
b1111 Z
11
18
b1000 ?
b1000 H
b1000 L
1"
b11111111111111111111110000001100 ;
b11111111111111111111110000001100 T
b11000000110001111010010010010011 &
b11000000110001111010010010010011 :
b11000000110001111010010010010011 K
b11000000110001111010010010010011 S
b11000000110001111010010010010011 V
b1001001100 3
b11111111111111111111111001010100 2
b1001001000 $
b1001001000 F
b1001001000 U
1*
#1500000
b100100100000000000000000000000001001001100000000000000000000000000000010010000000000000000000000000000000100000000000000000000000000000000000000000000000000000000000000000000000000000000000000000000000000000000000000000000000000000000 -
b10010101 .
0*
#1505000
06
b11111111111111111111111111110101 !
b11111111111111111111111111110101 0
b11111111111111111111111111110101 \
b11111111111111111111111111110100 >
b11111111111111111111111111110100 O
b11111111111111111111111111110100 ^
b1 A
b1 I
b1 _
0/
b11111111111111111111111111110101 )
b11111111111111111111111111110101 B
b11111111111111111111111111110101 J
b11111111111111111111111111110101 M
b11111111111111111111111111110100 @
b11111111111111111111111111110100 G
b10100 Y
b110 [
b11111 Z
18
b11 ?
b11 H
b11 L
01
1"
b0 ;
b0 T
b11011111110101000110011 &
b11011111110101000110011 :
b11011111110101000110011 K
b11011111110101000110011 S
b11011111110101000110011 V
b1001010000 3
b1001001100 2
b1001001100 $
b1001001100 F
b1001001100 U
1*
#1510000
b100100110000000000000000000000001001010000000000000000000000000000000101000000000000000000000000000000000111111111111111111111111111110101000000000000000000000000000000000000000000000000000000000000000000000000000000000000000000000000 -
b10010110 .
0*
#1515000
16
b0 !
b0 0
b0 \
b1100 @
b1100 G
b1100 >
b1100 O
b1100 ^
b0 A
b0 I
b0 _
1/
b0 )
b0 B
b0 J
b0 M
b11000 Y
b10011 [
b10000 Z
18
b10 ?
b10 H
b10 L
1"
b1001110000111110000110011 &
b1001110000111110000110011 :
b1001110000111110000110011 K
b1001110000111110000110011 S
b1001110000111110000110011 V
b1001010100 3
b1001010000 2
b1001010000 $
b1001010000 F
b1001010000 U
1*
#1520000
b100101000000000000000000000000001001010100000000000000000000000000000110000000000000000000000000000000000100000000000000000000000000000000000000000000000000000000000000000000000000000000000000000000000000000000000000000000000000000000 -
b10010111 .
0*
#1525000
06
b1 !
b1 0
b1 \
b1 @
b1 G
b1 >
b1 O
b1 ^
0/
b1 )
b1 B
b1 J
b1 M
b10110 Y
b11111 [
b11110 Z
18
b11 ?
b11 H
b11 L
1"
b1111111110110101100110011 &
b1111111110110101100110011 :
b1111111110110101100110011 K
b1111111110110101100110011 S
b1111111110110101100110011 V
b1001011000 3
b1001010100 2
b1001010100 $
b1001010100 F
b1001010100 U
1*
#1530000
b100101010000000000000000000000001001011000000000000000000000000000000101100000000000000000000000000000000100000000000000000000000000000001000000000000000000000000000000000000000000000000000000000000000000000000000000000000000000000000 -
b10011000 .
0*
#1535000
b0 @
b0 G
b0 >
b0 O
b0 ^
b1 A
b1 I
b1 _
b1111 Y
b11101 [
b10110 Z
18
b11 ?
b11 H
b11 L
1"
b1110110110110011110110011 &
b1110110110110011110110011 :
b1110110110110011110110011 K
b1110110110110011110110011 S
b1110110110110011110110011 V
b1001011100 3
b1001011000 2
b1001011000 $
b1001011000 F
b1001011000 U
1*
#1540000
b100101100000000000000000000000001001011100000000000000000000000000000011110000000000000000000000000000000100000000000000000000000000000001000000000000000000000000000000000000000000000000000000000000000000000000000000000000000000000000 -
b10011001 .
0*
#1545000
06
b1 !
b1 0
b1 \
b1100 A
b1100 I
b1100 _
b11111111111111111111101000110101 @
b11111111111111111111101000110101 G
0/
b1 )
b1 B
b1 J
b1 M
b10110 Y
b10101 [
b101 Z
11
18
b1001 ?
b1001 H
b1001 L
1"
b11111111111111111111101000110101 ;
b11111111111111111111101000110101 T
b10100011010100101011101100010011 &
b10100011010100101011101100010011 :
b10100011010100101011101100010011 K
b10100011010100101011101100010011 S
b10100011010100101011101100010011 V
b1001100000 3
b11111111111111111111110010010001 2
b1001011100 $
b1001011100 F
b1001011100 U
1*
#1550000
b100101110000000000000000000000001001100000000000000000000000000000000101100000000000000000000000000000000100000000000000000000000000000001000000000000000000000000000000000000000000000000000000000000000000000000000000000000000000000000 -
b10011010 .
0*
#1555000
16
b0 !
b0 0
b0 \
1/
b0 )
b0 B
b0 J
b0 M
b0 @
b0 G
b11111 Y
b10000 [
b10011 Z
18
b10 ?
b10 H
b10 L
01
1"
b0 ;
b0 T
b1000010011111111110110011 &
b1000010011111111110110011 :
b1000010011111111110110011 K
b1000010011111111110110011 S
b1000010011111111110110011 V
b1001100100 3
b1001100000 2
b1001100000 $
b1001100000 F
b1001100000 U
1*
#1560000
b100110000000000000000000000000001001100100000000000000000000000000000111110000000000000000000000000000000100000000000000000000000000000000000000000000000000000000000000000000000000000000000000000000000000000000000000000000000000000000 -
b10011011 .
0*
#1565000
06
b11111111111111111111111111111111 !
b11111111111111111111111111111111 0
b11111111111111111111111111111111 \
b11111111111111111111111111011100 @
b11111111111111111111111111011100 G
b11111111111111111111111111011100 >
b11111111111111111111111111011100 O
b11111111111111111111111111011100 ^
b11111111111111111111111111110101 A
b11111111111111111111111111110101 I
b11111111111111111111111111110101 _
0/
b11111111111111111111111111111111 )
b11111111111111111111111111111111 B
b11111111111111111111111111111111 J
b11111111111111111111111111111111 M
b1010 Y
b11011 [
b10100 Z
18
b111 ?
b111 H
b111 L
1"
b1000001101110100101010100110011 &
b1000001101110100101010100110011 :
b1000001101110100101010100110011 K
b1000001101110100101010100110011 S
b1000001101110100101010100110011 V
b1001101000 3
b1001100100 2
b1001100100 $
b1001100100 F
b1001100100 U
1*
#1570000
b100110010000000000000000000000001001101000000000000000000000000000000010100000000000000000000000000000000111111111111111111111111111111111000000000000000000000000000000000000000000000000000000000000000000000000000000000000000000000000 -
b10011100 .
0*
#1575000
b0 >
b0 O
b0 ^
b10000011111 @
b10000011111 G
b10101 Y
b11111 [
11
18
b111 ?
b111 H
b111 L
1"
b10000011111 ;
b10000011111 T
b1000001111110100101101010010011 &
b1000001111110100101101010010011 :
b1000001111110100101101010010011 K
b1000001111110100101101010010011 S
b1000001111110100101101010010011 V
b1001101100 3
b11010000111 2
b1001101000 $
b1001101000 F
b1001101000 U
1*
#1580000
b100110100000000000000000000000001001101100000000000000000000000000000101010000000000000000000000000000000111111111111111111111111111111111000000000000000000000000000000000000000000000000000000000000000000000000000000000000000000000000 -
b10011101 .
0*
#1585000
b11111111111111111111111001001001 !
b11111111111111111111111001001001 0
b11111111111111111111111001001001 \
b0 A
b0 I
b0 _
b11111111111111111111111001001001 )
b11111111111111111111111001001001 B
b11111111111111111111111001001001 J
b11111111111111111111111001001001 M
b11111111111111111111111001001001 @
b11111111111111111111111001001001 G
b10100 Y
b1001 [
b1011 Z
18
b11 ?
b11 H
b11 L
11
1"
b11111111111111111111111001001001 ;
b11111111111111111111111001001001 T
b11100100100101011110101000010011 &
b11100100100101011110101000010011 :
b11100100100101011110101000010011 K
b11100100100101011110101000010011 S
b11100100100101011110101000010011 V
b1001110000 3
b10110101 2
b1001101100 $
b1001101100 F
b1001101100 U
1*
#1590000
b100110110000000000000000000000001001110000000000000000000000000000000101000000000000000000000000000000000111111111111111111111111001001001000000000000000000000000000000000000000000000000000000000000000000000000000000000000000000000000 -
b10011110 .
0*
#1595000
06
b10000000000000000000000 !
b10000000000000000000000 0
b10000000000000000000000 \
b1 >
b1 O
b1 ^
b1 A
b1 I
b1 _
0/
b10000000000000000000000 )
b10000000000000000000000 B
b10000000000000000000000 J
b10000000000000000000000 M
b10110 @
b10110 G
b1110 Y
b10110 [
b10110 Z
18
b101 ?
b101 H
b101 L
11
1"
b10110 ;
b10110 T
b1011010110001011100010011 &
b1011010110001011100010011 :
b1011010110001011100010011 K
b1011010110001011100010011 S
b1011010110001011100010011 V
b1001110100 3
b1010000110 2
b1001110000 $
b1001110000 F
b1001110000 U
1*
#1600000
b100111000000000000000000000000001001110100000000000000000000000000000011100000000000000000000000000000000100000000010000000000000000000000000000000000000000000000000000000000000000000000000000000000000000000000000000000000000000000000 -
b10011111 .
0*
#1605000
b11111111111111111111110011111101 !
b11111111111111111111110011111101 0
b11111111111111111111110011111101 \
b0 >
b0 O
b0 ^
b1101 A
b1101 I
b1101 _
b11111111111111111111110011111101 )
b11111111111111111111110011111101 B
b11111111111111111111110011111101 J
b11111111111111111111110011111101 M
b11111111111111111111110011110000 @
b11111111111111111111110011110000 G
b11000 Y
b10000 [
b1101 Z
18
b100 ?
b100 H
b100 L
11
1"
b11111111111111111111110011110000 ;
b11111111111111111111110011110000 T
b11001111000001101100110000010011 &
b11001111000001101100110000010011 :
b11001111000001101100110000010011 K
b11001111000001101100110000010011 S
b11001111000001101100110000010011 V
b1001111000 3
b11111111111111111111111101100100 2
b1001110100 $
b1001110100 F
b1001110100 U
1*
#1610000
b100111010000000000000000000000001001111000000000000000000000000000000110000000000000000000000000000000000111111111111111111111110011111101000000000000000000000000000000000000000000000000000000000000000000000000000000000000000000000000 -
b10100000 .
0*
#1615000
b11111111101110000000000000000000 !
b11111111101110000000000000000000 0
b11111111101110000000000000000000 \
b11111111111111111111111111011100 A
b11111111111111111111111111011100 I
b11111111111111111111111111011100 _
b11111111101110000000000000000000 )
b11111111101110000000000000000000 B
b11111111101110000000000000000000 J
b11111111101110000000000000000000 M
b10001 @
b10001 G
b1000 Y
b10001 [
b11011 Z
18
b101 ?
b101 H
b101 L
11
1"
b10001 ;
b10001 T
b1000111011001010000010011 &
b1000111011001010000010011 :
b1000111011001010000010011 K
b1000111011001010000010011 S
b1000111011001010000010011 V
b1001111100 3
b1010001001 2
b1001111000 $
b1001111000 F
b1001111000 U
1*
#1620000
b100111100000000000000000000000001001111100000000000000000000000000000010000000000000000000000000000000000111111111101110000000000000000000000000000000000000000000000000000000000000000000000000000000000000000000000000000000000000000000 -
b10100001 .
0*
#1625000
b11111111111111111111111011001111 !
b11111111111111111111111011001111 0
b11111111111111111111111011001111 \
b11111111111111111111111111110100 >
b11111111111111111111111111110100 O
b11111111111111111111111111110100 ^
b11111111111111111111111001001001 A
b11111111111111111111111001001001 I
b11111111111111111111111001001001 _
b11111111111111111111111011001111 )
b11111111111111111111111011001111 B
b11111111111111111111111011001111 J
b11111111111111111111111011001111 M
b10000110 @
b10000110 G
b111 Y
b110 [
b10100 Z
18
b0 ?
b0 H
b0 L
11
1"
b10000110 ;
b10000110 T
b1000011010100000001110010011 &
b1000011010100000001110010011 :
b1000011010100000001110010011 K
b1000011010100000001110010011 S
b1000011010100000001110010011 V
b1010000000 3
b1100000010 2
b1001111100 $
b1001111100 F
b1001111100 U
1*
#1630000
b100111110000000000000000000000001010000000000000000000000000000000000001110000000000000000000000000000000111111111111111111111111011001111000000000000000000000000000000000000000000000000000000000000000000000000000000000000000000000000 -
b10100010 .
0*
#1635000
16
b0 !
b0 0
b0 \
1/
b0 >
b0 O
b0 ^
b0 A
b0 I
b0 _
b0 )
b0 B
b0 J
b0 M
b10001 @
b10001 G
b10000 Y
b10001 [
b1001 Z
b101 ?
b101 H
b101 L
18
11
1"
b10001 ;
b10001 T
b1000101001001100000010011 &
b1000101001001100000010011 :
b1000101001001100000010011 K
b1000101001001100000010011 S
b1000101001001100000010011 V
b1010000100 3
b1010010001 2
b1010000000 $
b1010000000 F
b1010000000 U
1*
#1640000
b101000000000000000000000000000001010000100000000000000000000000000000100000000000000000000000000000000000100000000000000000000000000000000000000000000000000000000000000000000000000000000000000000000000000000000000000000000000000000000 -
b10100011 .
0*
#1645000
b11111111111111111111111011001111 >
b11111111111111111111111011001111 O
b11111111111111111111111011001111 ^
b11111111111111111111111011001111 @
b11111111111111111111111011001111 G
b10101 Y
b111 [
18
b111 ?
b111 H
b111 L
01
1"
b0 ;
b0 T
b1000000011101001101101010110011 &
b1000000011101001101101010110011 :
b1000000011101001101101010110011 K
b1000000011101001101101010110011 S
b1000000011101001101101010110011 V
b1010001000 3
b1010000100 2
b1010000100 $
b1010000100 F
b1010000100 U
1*
#1650000
b101000010000000000000000000000001010001000000000000000000000000000000101010000000000000000000000000000000100000000000000000000000000000000000000000000000000000000000000000000000000000000000000000000000000000000000000000000000000000000 -
b10100100 .
0*
#1655000
b0 @
b0 G
b0 >
b0 O
b0 ^
b10010 Y
b11001 [
b11101 Z
18
b1000 ?
b1000 H
b1000 L
1"
b1100111101010100100110011 &
b1100111101010100100110011 :
b1100111101010100100110011 K
b1100111101010100100110011 S
b1100111101010100100110011 V
b1010001100 3
b1010001000 2
b1010001000 $
b1010001000 F
b1010001000 U
1*
#1660000
b101000100000000000000000000000001010001100000000000000000000000000000100100000000000000000000000000000000100000000000000000000000000000000000000000000000000000000000000000000000000000000000000000000000000000000000000000000000000000000 -
b10100101 .
0*
#1665000
06
b10100011011 !
b10100011011 0
b10100011011 \
0/
b10100011011 )
b10100011011 B
b10100011011 J
b10100011011 M
b11111111111111111111111111011100 >
b11111111111111111111111111011100 O
b11111111111111111111111111011100 ^
b10100011011 @
b10100011011 G
b1 Y
b11011 [
b10101 Z
11
18
b11 ?
b11 H
b11 L
1"
b10100011011 ;
b10100011011 T
b1010001101110101110000010010011 &
b1010001101110101110000010010011 :
b1010001101110101110000010010011 K
b1010001101110101110000010010011 S
b1010001101110101110000010010011 V
b1010010000 3
b11110100111 2
b1010001100 $
b1010001100 F
b1010001100 U
1*
#1670000
b101000110000000000000000000000001010010000000000000000000000000000000000010000000000000000000000000000000100000000000000000000010100011011000000000000000000000000000000000000000000000000000000000000000000000000000000000000000000000000 -
b10100110 .
0*
#1675000
16
1/
b0 >
b0 O
b0 ^
b1010010100 !
b1010010100 0
b1010010100 \
b0 )
b0 B
b0 J
b0 M
b0 @
b0 G
b0 Y
b0 [
b0 Z
19
18
b0 ?
b0 H
b0 L
01
1"
b0 ;
b0 T
b1101111 &
b1101111 :
b1101111 K
b1101111 S
b1101111 V
b1010010000 3
b1010010000 2
b1010010000 $
b1010010000 F
b1010010000 U
1*
#1680000
b1000000 .
0*
#1685000
1*
#1690000
0*
#1695000
1*
#1700000
0*
#1705000
1*
#1706000
0/
b1100 )
b1100 B
b1100 J
b1100 M
b1100 @
b1100 G
b1 Y
b1100 [
11
18
09
1"
b1100 ;
b1100 T
b110000000000000010010011 &
b110000000000000010010011 :
b110000000000000010010011 K
b110000000000000010010011 S
b110000000000000010010011 V
b100 3
b1100 !
b1100 0
b1100 \
b1100 2
b0 $
b0 F
b0 U
b1000000 R
b100000 `
1,
b11111111111111111111111111111111 c
#1707000
b0 !
b0 0
b0 \
1'
1/
b0 )
b0 B
b0 J
b0 M
0]
b0 @
b0 G
b11111 Y
b11111 [
b11111 Z
08
01
0"
b0 2
b0 ;
b0 T
b11111111111111111111111111111111 &
b11111111111111111111111111111111 :
b11111111111111111111111111111111 K
b11111111111111111111111111111111 S
b11111111111111111111111111111111 V
#1708000
0,
#1710000
0*
#1715000
1*
#1720000
b1000000 R
b100000 `
1,
b10000000000000000010110011 c
0*
#1721000
b1 Y
b0 [
b0 Z
08
1"
b10000000000000000010110011 &
b10000000000000000010110011 :
b10000000000000000010110011 K
b10000000000000000010110011 S
b10000000000000000010110011 V
#1722000
0,
#1725000
1*
#1730000
b1000000 R
b100000 `
1,
b1000000010000010000011 c
0*
#1731000
0]
06
1'
0/
b10 )
b10 B
b10 J
b10 M
b10 @
b10 G
b10 [
18
14
15
11
1"
b10 2
b10 ;
b10 T
b1000000010000010000011 &
b1000000010000010000011 :
b1000000010000010000011 K
b1000000010000010000011 S
b1000000010000010000011 V
#1732000
0,
#1735000
1*
#1740000
b1000000 R
b100000 `
1,
b10000000000000010000010000011 c
0*
#1741000
b100000000 )
b100000000 B
b100000000 J
b100000000 M
b100000000 @
b100000000 G
b0 [
18
14
15
11
1"
b100000000 2
b100000000 ;
b100000000 T
b10000000000000010000010000011 &
b10000000000000010000010000011 :
b10000000000000010000010000011 K
b10000000000000010000010000011 S
b10000000000000010000010000011 V
#1742000
0,
#1745000
1*
#1750000
b1000000 R
b100000 `
1,
b10000100100011 c
0*
#1751000
b10 !
b10 0
b10 \
b10 )
b10 B
b10 J
b10 M
b10 @
b10 G
b10 Y
1%
18
04
05
11
0"
b10 2
b10 ;
b10 T
b10000100100011 &
b10000100100011 :
b10000100100011 K
b10000100100011 S
b10000100100011 V
#1752000
0,
#1755000
1*
#1760000
b1000000 R
b100000 `
1,
b10000000000000010000000100011 c
0*
#1761000
b100000000 !
b100000000 0
b100000000 \
b100000000 )
b100000000 B
b100000000 J
b100000000 M
b100000000 @
b100000000 G
b0 Y
18
1%
11
b100000000 2
b100000000 ;
b100000000 T
b10000000000000010000000100011 &
b10000000000000010000000100011 :
b10000000000000010000000100011 K
b10000000000000010000000100011 S
b10000000000000010000000100011 V
#1762000
0,
#1765000
1*
#1770000
b1000000 R
b100000 `
1,
b1000000000000001101111 c
0*
#1771000
16
b10 3
1/
b0 )
b0 B
b0 J
b0 M
b100 !
b100 0
b100 \
b0 @
b0 G
b10 [
1"
19
18
0%
01
b10 2
b10 ;
b10 T
b1000000000000001101111 &
b1000000000000001101111 :
b1000000000000001101111 K
b1000000000000001101111 S
b1000000000000001101111 V
#1772000
0,
#1775000
1*
#1780000
b1000000 R
b100000 `
1,
b1000000000000101100011 c
0*
#1781000
1'
b10 3
1(
b0 !
b0 0
b0 \
b10 Y
b1 ?
b1 H
b1 L
1=
18
09
0"
b10 2
b10 ;
b10 T
b1000000000000101100011 &
b1000000000000101100011 :
b1000000000000101100011 K
b1000000000000101100011 S
b1000000000000101100011 V
#1782000
0,
#1785000
1*
#1790000
b1000000 R
b100000 `
1,
0*
#1791000
1]
0'
0(
b100 3
b0 Y
b0 [
11
1"
18
b0 ?
b0 H
b0 L
0=
b0 2
b0 ;
b0 T
b10011 &
b10011 :
b10011 K
b10011 S
b10011 V
#1792000
0,
#1795000
06
b101 !
b101 0
b101 \
0/
b101 )
b101 B
b101 J
b101 M
b101 @
b101 G
b10 Y
b101 [
18
11
1"
b101 ;
b101 T
b10100000000000100010011 &
b10100000000000100010011 :
b10100000000000100010011 K
b10100000000000100010011 S
b10100000000000100010011 V
b1000 3
b1001 2
b100 $
b100 F
b100 U
1*
#1800000
16
b0 !
b0 0
b0 \
1'
1/
b0 )
b0 B
b0 J
b0 M
b0 >
b0 O
b0 ^
b0 A
b0 I
b0 _
0]
b0 @
b0 G
b0 Y
b0 [
b0 Z
08
01
0"
b0 ;
b0 T
0<
b0 &
b0 :
b0 K
b0 S
b0 V
b10000000100 3
b10000000000 2
b10000000000 $
b10000000000 F
b10000000000 U
0*
#1805000
1*
#1806000
b11111111111111111111000000000000 #
b11111111111111111111000000000000 b
b10000000000100010000000001100011 +
b10000000000100010000000001100011 a
b0 .
#1807000
b11111111111111111111000000000010 #
b11111111111111111111000000000010 b
b10000000000100010000000101100011 +
b10000000000100010000000101100011 a
b1 .
#1808000
b11111111111111111111000000000100 #
b11111111111111111111000000000100 b
b10000000000100010000001001100011 +
b10000000000100010000001001100011 a
b10 .
#1809000
b11111111111111111111000000000110 #
b11111111111111111111000000000110 b
b10000000000100010000001101100011 +
b10000000000100010000001101100011 a
b11 .
#1810000
b11111111111111111111000000001000 #
b11111111111111111111000000001000 b
b10000000000100010000010001100011 +
b10000000000100010000010001100011 a
b100 .
0*
#1811000
b11111111111111111111000000001010 #
b11111111111111111111000000001010 b
b10000000000100010000010101100011 +
b10000000000100010000010101100011 a
b101 .
#1812000
b11111111111111111111000000001100 #
b11111111111111111111000000001100 b
b10000000000100010000011001100011 +
b10000000000100010000011001100011 a
b110 .
#1813000
b11111111111111111111000000001110 #
b11111111111111111111000000001110 b
b10000000000100010000011101100011 +
b10000000000100010000011101100011 a
b111 .
#1814000
b11111111111111111111000000010000 #
b11111111111111111111000000010000 b
b10000000000100010000100001100011 +
b10000000000100010000100001100011 a
b1000 .
#1815000
b11111111111111111111000000010010 #
b11111111111111111111000000010010 b
b10000000000100010000100101100011 +
b10000000000100010000100101100011 a
b1001 .
1*
#1816000
b11111111111111111111000000010100 #
b11111111111111111111000000010100 b
b10000000000100010000101001100011 +
b10000000000100010000101001100011 a
b1010 .
#1817000
b11111111111111111111000000010110 #
b11111111111111111111000000010110 b
b10000000000100010000101101100011 +
b10000000000100010000101101100011 a
b1011 .
#1818000
b11111111111111111111000000011000 #
b11111111111111111111000000011000 b
b10000000000100010000110001100011 +
b10000000000100010000110001100011 a
b1100 .
#1819000
b11111111111111111111000000011010 #
b11111111111111111111000000011010 b
b10000000000100010000110101100011 +
b10000000000100010000110101100011 a
b1101 .
#1820000
b11111111111111111111000000011100 #
b11111111111111111111000000011100 b
b10000000000100010000111001100011 +
b10000000000100010000111001100011 a
b1110 .
0*
#1821000
b11111111111111111111000000011110 #
b11111111111111111111000000011110 b
b10000000000100010000111101100011 +
b10000000000100010000111101100011 a
b1111 .
#1822000
b11111111111111111111000000100000 #
b11111111111111111111000000100000 b
b10000010000100010000000001100011 +
b10000010000100010000000001100011 a
b10000 .
#1823000
b11111111111111111111000000100010 #
b11111111111111111111000000100010 b
b10000010000100010000000101100011 +
b10000010000100010000000101100011 a
b10001 .
#1824000
b11111111111111111111000000100100 #
b11111111111111111111000000100100 b
b10000010000100010000001001100011 +
b10000010000100010000001001100011 a
b10010 .
#1825000
b11111111111111111111000000100110 #
b11111111111111111111000000100110 b
b10000010000100010000001101100011 +
b10000010000100010000001101100011 a
b10011 .
1*
#1826000
b11111111111111111111000000101000 #
b11111111111111111111000000101000 b
b10000010000100010000010001100011 +
b10000010000100010000010001100011 a
b10100 .
#1827000
b11111111111111111111000000101010 #
b11111111111111111111000000101010 b
b10000010000100010000010101100011 +
b10000010000100010000010101100011 a
b10101 .
#1828000
b11111111111111111111000000101100 #
b11111111111111111111000000101100 b
b10000010000100010000011001100011 +
b10000010000100010000011001100011 a
b10110 .
#1829000
b11111111111111111111000000101110 #
b11111111111111111111000000101110 b
b10000010000100010000011101100011 +
b10000010000100010000011101100011 a
b10111 .
#1830000
b11111111111111111111000000110000 #
b11111111111111111111000000110000 b
b10000010000100010000100001100011 +
b10000010000100010000100001100011 a
b11000 .
0*
#1831000
b11111111111111111111000000110010 #
b11111111111111111111000000110010 b
b10000010000100010000100101100011 +
b10000010000100010000100101100011 a
b11001 .
#1832000
b11111111111111111111000000110100 #
b11111111111111111111000000110100 b
b10000010000100010000101001100011 +
b10000010000100010000101001100011 a
b11010 .
#1833000
b11111111111111111111000000110110 #
b11111111111111111111000000110110 b
b10000010000100010000101101100011 +
b10000010000100010000101101100011 a
b11011 .
#1834000
b11111111111111111111000000111000 #
b11111111111111111111000000111000 b
b10000010000100010000110001100011 +
b10000010000100010000110001100011 a
b11100 .
#1835000
b11111111111111111111000000111010 #
b11111111111111111111000000111010 b
b10000010000100010000110101100011 +
b10000010000100010000110101100011 a
b11101 .
1*
#1836000
b11111111111111111111000000111100 #
b11111111111111111111000000111100 b
b10000010000100010000111001100011 +
b10000010000100010000111001100011 a
b11110 .
#1837000
b11111111111111111111000000111110 #
b11111111111111111111000000111110 b
b10000010000100010000111101100011 +
b10000010000100010000111101100011 a
b11111 .
#1838000
b11111111111111111111000001000000 #
b11111111111111111111000001000000 b
b10000100000100010000000001100011 +
b10000100000100010000000001100011 a
b100000 .
#1839000
b11111111111111111111000001000010 #
b11111111111111111111000001000010 b
b10000100000100010000000101100011 +
b10000100000100010000000101100011 a
b100001 .
#1840000
b11111111111111111111000001000100 #
b11111111111111111111000001000100 b
b10000100000100010000001001100011 +
b10000100000100010000001001100011 a
b100010 .
0*
#1841000
b11111111111111111111000001000110 #
b11111111111111111111000001000110 b
b10000100000100010000001101100011 +
b10000100000100010000001101100011 a
b100011 .
#1842000
b11111111111111111111000001001000 #
b11111111111111111111000001001000 b
b10000100000100010000010001100011 +
b10000100000100010000010001100011 a
b100100 .
#1843000
b11111111111111111111000001001010 #
b11111111111111111111000001001010 b
b10000100000100010000010101100011 +
b10000100000100010000010101100011 a
b100101 .
#1844000
b11111111111111111111000001001100 #
b11111111111111111111000001001100 b
b10000100000100010000011001100011 +
b10000100000100010000011001100011 a
b100110 .
#1845000
b11111111111111111111000001001110 #
b11111111111111111111000001001110 b
b10000100000100010000011101100011 +
b10000100000100010000011101100011 a
b100111 .
1*
#1846000
b11111111111111111111000001010000 #
b11111111111111111111000001010000 b
b10000100000100010000100001100011 +
b10000100000100010000100001100011 a
b101000 .
#1847000
b11111111111111111111000001010010 #
b11111111111111111111000001010010 b
b10000100000100010000100101100011 +
b10000100000100010000100101100011 a
b101001 .
#1848000
b11111111111111111111000001010100 #
b11111111111111111111000001010100 b
b10000100000100010000101001100011 +
b10000100000100010000101001100011 a
b101010 .
#1849000
b11111111111111111111000001010110 #
b11111111111111111111000001010110 b
b10000100000100010000101101100011 +
b10000100000100010000101101100011 a
b101011 .
#1850000
b11111111111111111111000001011000 #
b11111111111111111111000001011000 b
b10000100000100010000110001100011 +
b10000100000100010000110001100011 a
b101100 .
0*
#1851000
b11111111111111111111000001011010 #
b11111111111111111111000001011010 b
b10000100000100010000110101100011 +
b10000100000100010000110101100011 a
b101101 .
#1852000
b11111111111111111111000001011100 #
b11111111111111111111000001011100 b
b10000100000100010000111001100011 +
b10000100000100010000111001100011 a
b101110 .
#1853000
b11111111111111111111000001011110 #
b11111111111111111111000001011110 b
b10000100000100010000111101100011 +
b10000100000100010000111101100011 a
b101111 .
#1854000
b11111111111111111111000001100000 #
b11111111111111111111000001100000 b
b10000110000100010000000001100011 +
b10000110000100010000000001100011 a
b110000 .
#1855000
b11111111111111111111000001100010 #
b11111111111111111111000001100010 b
b10000110000100010000000101100011 +
b10000110000100010000000101100011 a
b110001 .
1*
#1856000
b11111111111111111111000001100100 #
b11111111111111111111000001100100 b
b10000110000100010000001001100011 +
b10000110000100010000001001100011 a
b110010 .
#1857000
b11111111111111111111000001100110 #
b11111111111111111111000001100110 b
b10000110000100010000001101100011 +
b10000110000100010000001101100011 a
b110011 .
#1858000
b11111111111111111111000001101000 #
b11111111111111111111000001101000 b
b10000110000100010000010001100011 +
b10000110000100010000010001100011 a
b110100 .
#1859000
b11111111111111111111000001101010 #
b11111111111111111111000001101010 b
b10000110000100010000010101100011 +
b10000110000100010000010101100011 a
b110101 .
#1860000
b11111111111111111111000001101100 #
b11111111111111111111000001101100 b
b10000110000100010000011001100011 +
b10000110000100010000011001100011 a
b110110 .
0*
#1861000
b11111111111111111111000001101110 #
b11111111111111111111000001101110 b
b10000110000100010000011101100011 +
b10000110000100010000011101100011 a
b110111 .
#1862000
b11111111111111111111000001110000 #
b11111111111111111111000001110000 b
b10000110000100010000100001100011 +
b10000110000100010000100001100011 a
b111000 .
#1863000
b11111111111111111111000001110010 #
b11111111111111111111000001110010 b
b10000110000100010000100101100011 +
b10000110000100010000100101100011 a
b111001 .
#1864000
b11111111111111111111000001110100 #
b11111111111111111111000001110100 b
b10000110000100010000101001100011 +
b10000110000100010000101001100011 a
b111010 .
#1865000
b11111111111111111111000001110110 #
b11111111111111111111000001110110 b
b10000110000100010000101101100011 +
b10000110000100010000101101100011 a
b111011 .
1*
#1866000
b11111111111111111111000001111000 #
b11111111111111111111000001111000 b
b10000110000100010000110001100011 +
b10000110000100010000110001100011 a
b111100 .
#1867000
b11111111111111111111000001111010 #
b11111111111111111111000001111010 b
b10000110000100010000110101100011 +
b10000110000100010000110101100011 a
b111101 .
#1868000
b11111111111111111111000001111100 #
b11111111111111111111000001111100 b
b10000110000100010000111001100011 +
b10000110000100010000111001100011 a
b111110 .
#1869000
b11111111111111111111000001111110 #
b11111111111111111111000001111110 b
b10000110000100010000111101100011 +
b10000110000100010000111101100011 a
b111111 .
#1870000
b11111111111111111111000010000000 #
b11111111111111111111000010000000 b
b10001000000100010000000001100011 +
b10001000000100010000000001100011 a
b1000000 .
0*
#1871000
b11111111111111111111000010000010 #
b11111111111111111111000010000010 b
b10001000000100010000000101100011 +
b10001000000100010000000101100011 a
b1000001 .
#1872000
b11111111111111111111000010000100 #
b11111111111111111111000010000100 b
b10001000000100010000001001100011 +
b10001000000100010000001001100011 a
b1000010 .
#1873000
b11111111111111111111000010000110 #
b11111111111111111111000010000110 b
b10001000000100010000001101100011 +
b10001000000100010000001101100011 a
b1000011 .
#1874000
b11111111111111111111000010001000 #
b11111111111111111111000010001000 b
b10001000000100010000010001100011 +
b10001000000100010000010001100011 a
b1000100 .
#1875000
b11111111111111111111000010001010 #
b11111111111111111111000010001010 b
b10001000000100010000010101100011 +
b10001000000100010000010101100011 a
b1000101 .
1*
#1876000
b11111111111111111111000010001100 #
b11111111111111111111000010001100 b
b10001000000100010000011001100011 +
b10001000000100010000011001100011 a
b1000110 .
#1877000
b11111111111111111111000010001110 #
b11111111111111111111000010001110 b
b10001000000100010000011101100011 +
b10001000000100010000011101100011 a
b1000111 .
#1878000
b11111111111111111111000010010000 #
b11111111111111111111000010010000 b
b10001000000100010000100001100011 +
b10001000000100010000100001100011 a
b1001000 .
#1879000
b11111111111111111111000010010010 #
b11111111111111111111000010010010 b
b10001000000100010000100101100011 +
b10001000000100010000100101100011 a
b1001001 .
#1880000
b11111111111111111111000010010100 #
b11111111111111111111000010010100 b
b10001000000100010000101001100011 +
b10001000000100010000101001100011 a
b1001010 .
0*
#1881000
b11111111111111111111000010010110 #
b11111111111111111111000010010110 b
b10001000000100010000101101100011 +
b10001000000100010000101101100011 a
b1001011 .
#1882000
b11111111111111111111000010011000 #
b11111111111111111111000010011000 b
b10001000000100010000110001100011 +
b10001000000100010000110001100011 a
b1001100 .
#1883000
b11111111111111111111000010011010 #
b11111111111111111111000010011010 b
b10001000000100010000110101100011 +
b10001000000100010000110101100011 a
b1001101 .
#1884000
b11111111111111111111000010011100 #
b11111111111111111111000010011100 b
b10001000000100010000111001100011 +
b10001000000100010000111001100011 a
b1001110 .
#1885000
b11111111111111111111000010011110 #
b11111111111111111111000010011110 b
b10001000000100010000111101100011 +
b10001000000100010000111101100011 a
b1001111 .
1*
#1886000
b11111111111111111111000010100000 #
b11111111111111111111000010100000 b
b10001010000100010000000001100011 +
b10001010000100010000000001100011 a
b1010000 .
#1887000
b11111111111111111111000010100010 #
b11111111111111111111000010100010 b
b10001010000100010000000101100011 +
b10001010000100010000000101100011 a
b1010001 .
#1888000
b11111111111111111111000010100100 #
b11111111111111111111000010100100 b
b10001010000100010000001001100011 +
b10001010000100010000001001100011 a
b1010010 .
#1889000
b11111111111111111111000010100110 #
b11111111111111111111000010100110 b
b10001010000100010000001101100011 +
b10001010000100010000001101100011 a
b1010011 .
#1890000
b11111111111111111111000010101000 #
b11111111111111111111000010101000 b
b10001010000100010000010001100011 +
b10001010000100010000010001100011 a
b1010100 .
0*
#1891000
b11111111111111111111000010101010 #
b11111111111111111111000010101010 b
b10001010000100010000010101100011 +
b10001010000100010000010101100011 a
b1010101 .
#1892000
b11111111111111111111000010101100 #
b11111111111111111111000010101100 b
b10001010000100010000011001100011 +
b10001010000100010000011001100011 a
b1010110 .
#1893000
b11111111111111111111000010101110 #
b11111111111111111111000010101110 b
b10001010000100010000011101100011 +
b10001010000100010000011101100011 a
b1010111 .
#1894000
b11111111111111111111000010110000 #
b11111111111111111111000010110000 b
b10001010000100010000100001100011 +
b10001010000100010000100001100011 a
b1011000 .
#1895000
b11111111111111111111000010110010 #
b11111111111111111111000010110010 b
b10001010000100010000100101100011 +
b10001010000100010000100101100011 a
b1011001 .
1*
#1896000
b11111111111111111111000010110100 #
b11111111111111111111000010110100 b
b10001010000100010000101001100011 +
b10001010000100010000101001100011 a
b1011010 .
#1897000
b11111111111111111111000010110110 #
b11111111111111111111000010110110 b
b10001010000100010000101101100011 +
b10001010000100010000101101100011 a
b1011011 .
#1898000
b11111111111111111111000010111000 #
b11111111111111111111000010111000 b
b10001010000100010000110001100011 +
b10001010000100010000110001100011 a
b1011100 .
#1899000
b11111111111111111111000010111010 #
b11111111111111111111000010111010 b
b10001010000100010000110101100011 +
b10001010000100010000110101100011 a
b1011101 .
#1900000
b11111111111111111111000010111100 #
b11111111111111111111000010111100 b
b10001010000100010000111001100011 +
b10001010000100010000111001100011 a
b1011110 .
0*
#1901000
b11111111111111111111000010111110 #
b11111111111111111111000010111110 b
b10001010000100010000111101100011 +
b10001010000100010000111101100011 a
b1011111 .
#1902000
b11111111111111111111000011000000 #
b11111111111111111111000011000000 b
b10001100000100010000000001100011 +
b10001100000100010000000001100011 a
b1100000 .
#1903000
b11111111111111111111000011000010 #
b11111111111111111111000011000010 b
b10001100000100010000000101100011 +
b10001100000100010000000101100011 a
b1100001 .
#1904000
b11111111111111111111000011000100 #
b11111111111111111111000011000100 b
b10001100000100010000001001100011 +
b10001100000100010000001001100011 a
b1100010 .
#1905000
b11111111111111111111000011000110 #
b11111111111111111111000011000110 b
b10001100000100010000001101100011 +
b10001100000100010000001101100011 a
b1100011 .
1*
#1906000
b11111111111111111111000011001000 #
b11111111111111111111000011001000 b
b10001100000100010000010001100011 +
b10001100000100010000010001100011 a
b1100100 .
#1907000
b11111111111111111111000011001010 #
b11111111111111111111000011001010 b
b10001100000100010000010101100011 +
b10001100000100010000010101100011 a
b1100101 .
#1908000
b11111111111111111111000011001100 #
b11111111111111111111000011001100 b
b10001100000100010000011001100011 +
b10001100000100010000011001100011 a
b1100110 .
#1909000
b11111111111111111111000011001110 #
b11111111111111111111000011001110 b
b10001100000100010000011101100011 +
b10001100000100010000011101100011 a
b1100111 .
#1910000
b11111111111111111111000011010000 #
b11111111111111111111000011010000 b
b10001100000100010000100001100011 +
b10001100000100010000100001100011 a
b1101000 .
0*
#1911000
b11111111111111111111000011010010 #
b11111111111111111111000011010010 b
b10001100000100010000100101100011 +
b10001100000100010000100101100011 a
b1101001 .
#1912000
b11111111111111111111000011010100 #
b11111111111111111111000011010100 b
b10001100000100010000101001100011 +
b10001100000100010000101001100011 a
b1101010 .
#1913000
b11111111111111111111000011010110 #
b11111111111111111111000011010110 b
b10001100000100010000101101100011 +
b10001100000100010000101101100011 a
b1101011 .
#1914000
b11111111111111111111000011011000 #
b11111111111111111111000011011000 b
b10001100000100010000110001100011 +
b10001100000100010000110001100011 a
b1101100 .
#1915000
b11111111111111111111000011011010 #
b11111111111111111111000011011010 b
b10001100000100010000110101100011 +
b10001100000100010000110101100011 a
b1101101 .
1*
#1916000
b11111111111111111111000011011100 #
b11111111111111111111000011011100 b
b10001100000100010000111001100011 +
b10001100000100010000111001100011 a
b1101110 .
#1917000
b11111111111111111111000011011110 #
b11111111111111111111000011011110 b
b10001100000100010000111101100011 +
b10001100000100010000111101100011 a
b1101111 .
#1918000
b11111111111111111111000011100000 #
b11111111111111111111000011100000 b
b10001110000100010000000001100011 +
b10001110000100010000000001100011 a
b1110000 .
#1919000
b11111111111111111111000011100010 #
b11111111111111111111000011100010 b
b10001110000100010000000101100011 +
b10001110000100010000000101100011 a
b1110001 .
#1920000
b11111111111111111111000011100100 #
b11111111111111111111000011100100 b
b10001110000100010000001001100011 +
b10001110000100010000001001100011 a
b1110010 .
0*
#1921000
b11111111111111111111000011100110 #
b11111111111111111111000011100110 b
b10001110000100010000001101100011 +
b10001110000100010000001101100011 a
b1110011 .
#1922000
b11111111111111111111000011101000 #
b11111111111111111111000011101000 b
b10001110000100010000010001100011 +
b10001110000100010000010001100011 a
b1110100 .
#1923000
b11111111111111111111000011101010 #
b11111111111111111111000011101010 b
b10001110000100010000010101100011 +
b10001110000100010000010101100011 a
b1110101 .
#1924000
b11111111111111111111000011101100 #
b11111111111111111111000011101100 b
b10001110000100010000011001100011 +
b10001110000100010000011001100011 a
b1110110 .
#1925000
b11111111111111111111000011101110 #
b11111111111111111111000011101110 b
b10001110000100010000011101100011 +
b10001110000100010000011101100011 a
b1110111 .
1*
#1926000
b11111111111111111111000011110000 #
b11111111111111111111000011110000 b
b10001110000100010000100001100011 +
b10001110000100010000100001100011 a
b1111000 .
#1927000
b11111111111111111111000011110010 #
b11111111111111111111000011110010 b
b10001110000100010000100101100011 +
b10001110000100010000100101100011 a
b1111001 .
#1928000
b11111111111111111111000011110100 #
b11111111111111111111000011110100 b
b10001110000100010000101001100011 +
b10001110000100010000101001100011 a
b1111010 .
#1929000
b11111111111111111111000011110110 #
b11111111111111111111000011110110 b
b10001110000100010000101101100011 +
b10001110000100010000101101100011 a
b1111011 .
#1930000
b11111111111111111111000011111000 #
b11111111111111111111000011111000 b
b10001110000100010000110001100011 +
b10001110000100010000110001100011 a
b1111100 .
0*
#1931000
b11111111111111111111000011111010 #
b11111111111111111111000011111010 b
b10001110000100010000110101100011 +
b10001110000100010000110101100011 a
b1111101 .
#1932000
b11111111111111111111000011111100 #
b11111111111111111111000011111100 b
b10001110000100010000111001100011 +
b10001110000100010000111001100011 a
b1111110 .
#1933000
b11111111111111111111000011111110 #
b11111111111111111111000011111110 b
b10001110000100010000111101100011 +
b10001110000100010000111101100011 a
b1111111 .
#1934000
b11111111111111111111000100000000 #
b11111111111111111111000100000000 b
b10010000000100010000000001100011 +
b10010000000100010000000001100011 a
b10000000 .
#1935000
b11111111111111111111000100000010 #
b11111111111111111111000100000010 b
b10010000000100010000000101100011 +
b10010000000100010000000101100011 a
b10000001 .
1*
#1936000
b11111111111111111111000100000100 #
b11111111111111111111000100000100 b
b10010000000100010000001001100011 +
b10010000000100010000001001100011 a
b10000010 .
#1937000
b11111111111111111111000100000110 #
b11111111111111111111000100000110 b
b10010000000100010000001101100011 +
b10010000000100010000001101100011 a
b10000011 .
#1938000
b11111111111111111111000100001000 #
b11111111111111111111000100001000 b
b10010000000100010000010001100011 +
b10010000000100010000010001100011 a
b10000100 .
#1939000
b11111111111111111111000100001010 #
b11111111111111111111000100001010 b
b10010000000100010000010101100011 +
b10010000000100010000010101100011 a
b10000101 .
#1940000
b11111111111111111111000100001100 #
b11111111111111111111000100001100 b
b10010000000100010000011001100011 +
b10010000000100010000011001100011 a
b10000110 .
0*
#1941000
b11111111111111111111000100001110 #
b11111111111111111111000100001110 b
b10010000000100010000011101100011 +
b10010000000100010000011101100011 a
b10000111 .
#1942000
b11111111111111111111000100010000 #
b11111111111111111111000100010000 b
b10010000000100010000100001100011 +
b10010000000100010000100001100011 a
b10001000 .
#1943000
b11111111111111111111000100010010 #
b11111111111111111111000100010010 b
b10010000000100010000100101100011 +
b10010000000100010000100101100011 a
b10001001 .
#1944000
b11111111111111111111000100010100 #
b11111111111111111111000100010100 b
b10010000000100010000101001100011 +
b10010000000100010000101001100011 a
b10001010 .
#1945000
b11111111111111111111000100010110 #
b11111111111111111111000100010110 b
b10010000000100010000101101100011 +
b10010000000100010000101101100011 a
b10001011 .
1*
#1946000
b11111111111111111111000100011000 #
b11111111111111111111000100011000 b
b10010000000100010000110001100011 +
b10010000000100010000110001100011 a
b10001100 .
#1947000
b11111111111111111111000100011010 #
b11111111111111111111000100011010 b
b10010000000100010000110101100011 +
b10010000000100010000110101100011 a
b10001101 .
#1948000
b11111111111111111111000100011100 #
b11111111111111111111000100011100 b
b10010000000100010000111001100011 +
b10010000000100010000111001100011 a
b10001110 .
#1949000
b11111111111111111111000100011110 #
b11111111111111111111000100011110 b
b10010000000100010000111101100011 +
b10010000000100010000111101100011 a
b10001111 .
#1950000
b11111111111111111111000100100000 #
b11111111111111111111000100100000 b
b10010010000100010000000001100011 +
b10010010000100010000000001100011 a
b10010000 .
0*
#1951000
b11111111111111111111000100100010 #
b11111111111111111111000100100010 b
b10010010000100010000000101100011 +
b10010010000100010000000101100011 a
b10010001 .
#1952000
b11111111111111111111000100100100 #
b11111111111111111111000100100100 b
b10010010000100010000001001100011 +
b10010010000100010000001001100011 a
b10010010 .
#1953000
b11111111111111111111000100100110 #
b11111111111111111111000100100110 b
b10010010000100010000001101100011 +
b10010010000100010000001101100011 a
b10010011 .
#1954000
b11111111111111111111000100101000 #
b11111111111111111111000100101000 b
b10010010000100010000010001100011 +
b10010010000100010000010001100011 a
b10010100 .
#1955000
b11111111111111111111000100101010 #
b11111111111111111111000100101010 b
b10010010000100010000010101100011 +
b10010010000100010000010101100011 a
b10010101 .
1*
#1956000
b11111111111111111111000100101100 #
b11111111111111111111000100101100 b
b10010010000100010000011001100011 +
b10010010000100010000011001100011 a
b10010110 .
#1957000
b11111111111111111111000100101110 #
b11111111111111111111000100101110 b
b10010010000100010000011101100011 +
b10010010000100010000011101100011 a
b10010111 .
#1958000
b11111111111111111111000100110000 #
b11111111111111111111000100110000 b
b10010010000100010000100001100011 +
b10010010000100010000100001100011 a
b10011000 .
#1959000
b11111111111111111111000100110010 #
b11111111111111111111000100110010 b
b10010010000100010000100101100011 +
b10010010000100010000100101100011 a
b10011001 .
#1960000
b11111111111111111111000100110100 #
b11111111111111111111000100110100 b
b10010010000100010000101001100011 +
b10010010000100010000101001100011 a
b10011010 .
0*
#1961000
b11111111111111111111000100110110 #
b11111111111111111111000100110110 b
b10010010000100010000101101100011 +
b10010010000100010000101101100011 a
b10011011 .
#1962000
b11111111111111111111000100111000 #
b11111111111111111111000100111000 b
b10010010000100010000110001100011 +
b10010010000100010000110001100011 a
b10011100 .
#1963000
b11111111111111111111000100111010 #
b11111111111111111111000100111010 b
b10010010000100010000110101100011 +
b10010010000100010000110101100011 a
b10011101 .
#1964000
b11111111111111111111000100111100 #
b11111111111111111111000100111100 b
b10010010000100010000111001100011 +
b10010010000100010000111001100011 a
b10011110 .
#1965000
b11111111111111111111000100111110 #
b11111111111111111111000100111110 b
b10010010000100010000111101100011 +
b10010010000100010000111101100011 a
b10011111 .
1*
#1966000
b11111111111111111111000101000000 #
b11111111111111111111000101000000 b
b10010100000100010000000001100011 +
b10010100000100010000000001100011 a
b10100000 .
#1967000
b11111111111111111111000101000010 #
b11111111111111111111000101000010 b
b10010100000100010000000101100011 +
b10010100000100010000000101100011 a
b10100001 .
#1968000
b11111111111111111111000101000100 #
b11111111111111111111000101000100 b
b10010100000100010000001001100011 +
b10010100000100010000001001100011 a
b10100010 .
#1969000
b11111111111111111111000101000110 #
b11111111111111111111000101000110 b
b10010100000100010000001101100011 +
b10010100000100010000001101100011 a
b10100011 .
#1970000
b11111111111111111111000101001000 #
b11111111111111111111000101001000 b
b10010100000100010000010001100011 +
b10010100000100010000010001100011 a
b10100100 .
0*
#1971000
b11111111111111111111000101001010 #
b11111111111111111111000101001010 b
b10010100000100010000010101100011 +
b10010100000100010000010101100011 a
b10100101 .
#1972000
b11111111111111111111000101001100 #
b11111111111111111111000101001100 b
b10010100000100010000011001100011 +
b10010100000100010000011001100011 a
b10100110 .
#1973000
b11111111111111111111000101001110 #
b11111111111111111111000101001110 b
b10010100000100010000011101100011 +
b10010100000100010000011101100011 a
b10100111 .
#1974000
b11111111111111111111000101010000 #
b11111111111111111111000101010000 b
b10010100000100010000100001100011 +
b10010100000100010000100001100011 a
b10101000 .
#1975000
b11111111111111111111000101010010 #
b11111111111111111111000101010010 b
b10010100000100010000100101100011 +
b10010100000100010000100101100011 a
b10101001 .
1*
#1976000
b11111111111111111111000101010100 #
b11111111111111111111000101010100 b
b10010100000100010000101001100011 +
b10010100000100010000101001100011 a
b10101010 .
#1977000
b11111111111111111111000101010110 #
b11111111111111111111000101010110 b
b10010100000100010000101101100011 +
b10010100000100010000101101100011 a
b10101011 .
#1978000
b11111111111111111111000101011000 #
b11111111111111111111000101011000 b
b10010100000100010000110001100011 +
b10010100000100010000110001100011 a
b10101100 .
#1979000
b11111111111111111111000101011010 #
b11111111111111111111000101011010 b
b10010100000100010000110101100011 +
b10010100000100010000110101100011 a
b10101101 .
#1980000
b11111111111111111111000101011100 #
b11111111111111111111000101011100 b
b10010100000100010000111001100011 +
b10010100000100010000111001100011 a
b10101110 .
0*
#1981000
b11111111111111111111000101011110 #
b11111111111111111111000101011110 b
b10010100000100010000111101100011 +
b10010100000100010000111101100011 a
b10101111 .
#1982000
b11111111111111111111000101100000 #
b11111111111111111111000101100000 b
b10010110000100010000000001100011 +
b10010110000100010000000001100011 a
b10110000 .
#1983000
b11111111111111111111000101100010 #
b11111111111111111111000101100010 b
b10010110000100010000000101100011 +
b10010110000100010000000101100011 a
b10110001 .
#1984000
b11111111111111111111000101100100 #
b11111111111111111111000101100100 b
b10010110000100010000001001100011 +
b10010110000100010000001001100011 a
b10110010 .
#1985000
b11111111111111111111000101100110 #
b11111111111111111111000101100110 b
b10010110000100010000001101100011 +
b10010110000100010000001101100011 a
b10110011 .
1*
#1986000
b11111111111111111111000101101000 #
b11111111111111111111000101101000 b
b10010110000100010000010001100011 +
b10010110000100010000010001100011 a
b10110100 .
#1987000
b11111111111111111111000101101010 #
b11111111111111111111000101101010 b
b10010110000100010000010101100011 +
b10010110000100010000010101100011 a
b10110101 .
#1988000
b11111111111111111111000101101100 #
b11111111111111111111000101101100 b
b10010110000100010000011001100011 +
b10010110000100010000011001100011 a
b10110110 .
#1989000
b11111111111111111111000101101110 #
b11111111111111111111000101101110 b
b10010110000100010000011101100011 +
b10010110000100010000011101100011 a
b10110111 .
#1990000
b11111111111111111111000101110000 #
b11111111111111111111000101110000 b
b10010110000100010000100001100011 +
b10010110000100010000100001100011 a
b10111000 .
0*
#1991000
b11111111111111111111000101110010 #
b11111111111111111111000101110010 b
b10010110000100010000100101100011 +
b10010110000100010000100101100011 a
b10111001 .
#1992000
b11111111111111111111000101110100 #
b11111111111111111111000101110100 b
b10010110000100010000101001100011 +
b10010110000100010000101001100011 a
b10111010 .
#1993000
b11111111111111111111000101110110 #
b11111111111111111111000101110110 b
b10010110000100010000101101100011 +
b10010110000100010000101101100011 a
b10111011 .
#1994000
b11111111111111111111000101111000 #
b11111111111111111111000101111000 b
b10010110000100010000110001100011 +
b10010110000100010000110001100011 a
b10111100 .
#1995000
b11111111111111111111000101111010 #
b11111111111111111111000101111010 b
b10010110000100010000110101100011 +
b10010110000100010000110101100011 a
b10111101 .
1*
#1996000
b11111111111111111111000101111100 #
b11111111111111111111000101111100 b
b10010110000100010000111001100011 +
b10010110000100010000111001100011 a
b10111110 .
#1997000
b11111111111111111111000101111110 #
b11111111111111111111000101111110 b
b10010110000100010000111101100011 +
b10010110000100010000111101100011 a
b10111111 .
#1998000
b11111111111111111111000110000000 #
b11111111111111111111000110000000 b
b10011000000100010000000001100011 +
b10011000000100010000000001100011 a
b11000000 .
#1999000
b11111111111111111111000110000010 #
b11111111111111111111000110000010 b
b10011000000100010000000101100011 +
b10011000000100010000000101100011 a
b11000001 .
#2000000
b11111111111111111111000110000100 #
b11111111111111111111000110000100 b
b10011000000100010000001001100011 +
b10011000000100010000001001100011 a
b11000010 .
0*
#2001000
b11111111111111111111000110000110 #
b11111111111111111111000110000110 b
b10011000000100010000001101100011 +
b10011000000100010000001101100011 a
b11000011 .
#2002000
b11111111111111111111000110001000 #
b11111111111111111111000110001000 b
b10011000000100010000010001100011 +
b10011000000100010000010001100011 a
b11000100 .
#2003000
b11111111111111111111000110001010 #
b11111111111111111111000110001010 b
b10011000000100010000010101100011 +
b10011000000100010000010101100011 a
b11000101 .
#2004000
b11111111111111111111000110001100 #
b11111111111111111111000110001100 b
b10011000000100010000011001100011 +
b10011000000100010000011001100011 a
b11000110 .
#2005000
b11111111111111111111000110001110 #
b11111111111111111111000110001110 b
b10011000000100010000011101100011 +
b10011000000100010000011101100011 a
b11000111 .
1*
#2006000
b11111111111111111111000110010000 #
b11111111111111111111000110010000 b
b10011000000100010000100001100011 +
b10011000000100010000100001100011 a
b11001000 .
#2007000
b11111111111111111111000110010010 #
b11111111111111111111000110010010 b
b10011000000100010000100101100011 +
b10011000000100010000100101100011 a
b11001001 .
#2008000
b11111111111111111111000110010100 #
b11111111111111111111000110010100 b
b10011000000100010000101001100011 +
b10011000000100010000101001100011 a
b11001010 .
#2009000
b11111111111111111111000110010110 #
b11111111111111111111000110010110 b
b10011000000100010000101101100011 +
b10011000000100010000101101100011 a
b11001011 .
#2010000
b11111111111111111111000110011000 #
b11111111111111111111000110011000 b
b10011000000100010000110001100011 +
b10011000000100010000110001100011 a
b11001100 .
0*
#2011000
b11111111111111111111000110011010 #
b11111111111111111111000110011010 b
b10011000000100010000110101100011 +
b10011000000100010000110101100011 a
b11001101 .
#2012000
b11111111111111111111000110011100 #
b11111111111111111111000110011100 b
b10011000000100010000111001100011 +
b10011000000100010000111001100011 a
b11001110 .
#2013000
b11111111111111111111000110011110 #
b11111111111111111111000110011110 b
b10011000000100010000111101100011 +
b10011000000100010000111101100011 a
b11001111 .
#2014000
b11111111111111111111000110100000 #
b11111111111111111111000110100000 b
b10011010000100010000000001100011 +
b10011010000100010000000001100011 a
b11010000 .
#2015000
b11111111111111111111000110100010 #
b11111111111111111111000110100010 b
b10011010000100010000000101100011 +
b10011010000100010000000101100011 a
b11010001 .
1*
#2016000
b11111111111111111111000110100100 #
b11111111111111111111000110100100 b
b10011010000100010000001001100011 +
b10011010000100010000001001100011 a
b11010010 .
#2017000
b11111111111111111111000110100110 #
b11111111111111111111000110100110 b
b10011010000100010000001101100011 +
b10011010000100010000001101100011 a
b11010011 .
#2018000
b11111111111111111111000110101000 #
b11111111111111111111000110101000 b
b10011010000100010000010001100011 +
b10011010000100010000010001100011 a
b11010100 .
#2019000
b11111111111111111111000110101010 #
b11111111111111111111000110101010 b
b10011010000100010000010101100011 +
b10011010000100010000010101100011 a
b11010101 .
#2020000
b11111111111111111111000110101100 #
b11111111111111111111000110101100 b
b10011010000100010000011001100011 +
b10011010000100010000011001100011 a
b11010110 .
0*
#2021000
b11111111111111111111000110101110 #
b11111111111111111111000110101110 b
b10011010000100010000011101100011 +
b10011010000100010000011101100011 a
b11010111 .
#2022000
b11111111111111111111000110110000 #
b11111111111111111111000110110000 b
b10011010000100010000100001100011 +
b10011010000100010000100001100011 a
b11011000 .
#2023000
b11111111111111111111000110110010 #
b11111111111111111111000110110010 b
b10011010000100010000100101100011 +
b10011010000100010000100101100011 a
b11011001 .
#2024000
b11111111111111111111000110110100 #
b11111111111111111111000110110100 b
b10011010000100010000101001100011 +
b10011010000100010000101001100011 a
b11011010 .
#2025000
b11111111111111111111000110110110 #
b11111111111111111111000110110110 b
b10011010000100010000101101100011 +
b10011010000100010000101101100011 a
b11011011 .
1*
#2026000
b11111111111111111111000110111000 #
b11111111111111111111000110111000 b
b10011010000100010000110001100011 +
b10011010000100010000110001100011 a
b11011100 .
#2027000
b11111111111111111111000110111010 #
b11111111111111111111000110111010 b
b10011010000100010000110101100011 +
b10011010000100010000110101100011 a
b11011101 .
#2028000
b11111111111111111111000110111100 #
b11111111111111111111000110111100 b
b10011010000100010000111001100011 +
b10011010000100010000111001100011 a
b11011110 .
#2029000
b11111111111111111111000110111110 #
b11111111111111111111000110111110 b
b10011010000100010000111101100011 +
b10011010000100010000111101100011 a
b11011111 .
#2030000
b11111111111111111111000111000000 #
b11111111111111111111000111000000 b
b10011100000100010000000001100011 +
b10011100000100010000000001100011 a
b11100000 .
0*
#2031000
b11111111111111111111000111000010 #
b11111111111111111111000111000010 b
b10011100000100010000000101100011 +
b10011100000100010000000101100011 a
b11100001 .
#2032000
b11111111111111111111000111000100 #
b11111111111111111111000111000100 b
b10011100000100010000001001100011 +
b10011100000100010000001001100011 a
b11100010 .
#2033000
b11111111111111111111000111000110 #
b11111111111111111111000111000110 b
b10011100000100010000001101100011 +
b10011100000100010000001101100011 a
b11100011 .
#2034000
b11111111111111111111000111001000 #
b11111111111111111111000111001000 b
b10011100000100010000010001100011 +
b10011100000100010000010001100011 a
b11100100 .
#2035000
b11111111111111111111000111001010 #
b11111111111111111111000111001010 b
b10011100000100010000010101100011 +
b10011100000100010000010101100011 a
b11100101 .
1*
#2036000
b11111111111111111111000111001100 #
b11111111111111111111000111001100 b
b10011100000100010000011001100011 +
b10011100000100010000011001100011 a
b11100110 .
#2037000
b11111111111111111111000111001110 #
b11111111111111111111000111001110 b
b10011100000100010000011101100011 +
b10011100000100010000011101100011 a
b11100111 .
#2038000
b11111111111111111111000111010000 #
b11111111111111111111000111010000 b
b10011100000100010000100001100011 +
b10011100000100010000100001100011 a
b11101000 .
#2039000
b11111111111111111111000111010010 #
b11111111111111111111000111010010 b
b10011100000100010000100101100011 +
b10011100000100010000100101100011 a
b11101001 .
#2040000
b11111111111111111111000111010100 #
b11111111111111111111000111010100 b
b10011100000100010000101001100011 +
b10011100000100010000101001100011 a
b11101010 .
0*
#2041000
b11111111111111111111000111010110 #
b11111111111111111111000111010110 b
b10011100000100010000101101100011 +
b10011100000100010000101101100011 a
b11101011 .
#2042000
b11111111111111111111000111011000 #
b11111111111111111111000111011000 b
b10011100000100010000110001100011 +
b10011100000100010000110001100011 a
b11101100 .
#2043000
b11111111111111111111000111011010 #
b11111111111111111111000111011010 b
b10011100000100010000110101100011 +
b10011100000100010000110101100011 a
b11101101 .
#2044000
b11111111111111111111000111011100 #
b11111111111111111111000111011100 b
b10011100000100010000111001100011 +
b10011100000100010000111001100011 a
b11101110 .
#2045000
b11111111111111111111000111011110 #
b11111111111111111111000111011110 b
b10011100000100010000111101100011 +
b10011100000100010000111101100011 a
b11101111 .
1*
#2046000
b11111111111111111111000111100000 #
b11111111111111111111000111100000 b
b10011110000100010000000001100011 +
b10011110000100010000000001100011 a
b11110000 .
#2047000
b11111111111111111111000111100010 #
b11111111111111111111000111100010 b
b10011110000100010000000101100011 +
b10011110000100010000000101100011 a
b11110001 .
#2048000
b11111111111111111111000111100100 #
b11111111111111111111000111100100 b
b10011110000100010000001001100011 +
b10011110000100010000001001100011 a
b11110010 .
#2049000
b11111111111111111111000111100110 #
b11111111111111111111000111100110 b
b10011110000100010000001101100011 +
b10011110000100010000001101100011 a
b11110011 .
#2050000
b11111111111111111111000111101000 #
b11111111111111111111000111101000 b
b10011110000100010000010001100011 +
b10011110000100010000010001100011 a
b11110100 .
0*
#2051000
b11111111111111111111000111101010 #
b11111111111111111111000111101010 b
b10011110000100010000010101100011 +
b10011110000100010000010101100011 a
b11110101 .
#2052000
b11111111111111111111000111101100 #
b11111111111111111111000111101100 b
b10011110000100010000011001100011 +
b10011110000100010000011001100011 a
b11110110 .
#2053000
b11111111111111111111000111101110 #
b11111111111111111111000111101110 b
b10011110000100010000011101100011 +
b10011110000100010000011101100011 a
b11110111 .
#2054000
b11111111111111111111000111110000 #
b11111111111111111111000111110000 b
b10011110000100010000100001100011 +
b10011110000100010000100001100011 a
b11111000 .
#2055000
b11111111111111111111000111110010 #
b11111111111111111111000111110010 b
b10011110000100010000100101100011 +
b10011110000100010000100101100011 a
b11111001 .
1*
#2056000
b11111111111111111111000111110100 #
b11111111111111111111000111110100 b
b10011110000100010000101001100011 +
b10011110000100010000101001100011 a
b11111010 .
#2057000
b11111111111111111111000111110110 #
b11111111111111111111000111110110 b
b10011110000100010000101101100011 +
b10011110000100010000101101100011 a
b11111011 .
#2058000
b11111111111111111111000111111000 #
b11111111111111111111000111111000 b
b10011110000100010000110001100011 +
b10011110000100010000110001100011 a
b11111100 .
#2059000
b11111111111111111111000111111010 #
b11111111111111111111000111111010 b
b10011110000100010000110101100011 +
b10011110000100010000110101100011 a
b11111101 .
#2060000
b11111111111111111111000111111100 #
b11111111111111111111000111111100 b
b10011110000100010000111001100011 +
b10011110000100010000111001100011 a
b11111110 .
0*
#2061000
b11111111111111111111000111111110 #
b11111111111111111111000111111110 b
b10011110000100010000111101100011 +
b10011110000100010000111101100011 a
b11111111 .
#2062000
b11111111111111111111001000000000 #
b11111111111111111111001000000000 b
b10100000000100010000000001100011 +
b10100000000100010000000001100011 a
b100000000 .
#2063000
b11111111111111111111001000000010 #
b11111111111111111111001000000010 b
b10100000000100010000000101100011 +
b10100000000100010000000101100011 a
b100000001 .
#2064000
b11111111111111111111001000000100 #
b11111111111111111111001000000100 b
b10100000000100010000001001100011 +
b10100000000100010000001001100011 a
b100000010 .
#2065000
b11111111111111111111001000000110 #
b11111111111111111111001000000110 b
b10100000000100010000001101100011 +
b10100000000100010000001101100011 a
b100000011 .
1*
#2066000
b11111111111111111111001000001000 #
b11111111111111111111001000001000 b
b10100000000100010000010001100011 +
b10100000000100010000010001100011 a
b100000100 .
#2067000
b11111111111111111111001000001010 #
b11111111111111111111001000001010 b
b10100000000100010000010101100011 +
b10100000000100010000010101100011 a
b100000101 .
#2068000
b11111111111111111111001000001100 #
b11111111111111111111001000001100 b
b10100000000100010000011001100011 +
b10100000000100010000011001100011 a
b100000110 .
#2069000
b11111111111111111111001000001110 #
b11111111111111111111001000001110 b
b10100000000100010000011101100011 +
b10100000000100010000011101100011 a
b100000111 .
#2070000
b11111111111111111111001000010000 #
b11111111111111111111001000010000 b
b10100000000100010000100001100011 +
b10100000000100010000100001100011 a
b100001000 .
0*
#2071000
b11111111111111111111001000010010 #
b11111111111111111111001000010010 b
b10100000000100010000100101100011 +
b10100000000100010000100101100011 a
b100001001 .
#2072000
b11111111111111111111001000010100 #
b11111111111111111111001000010100 b
b10100000000100010000101001100011 +
b10100000000100010000101001100011 a
b100001010 .
#2073000
b11111111111111111111001000010110 #
b11111111111111111111001000010110 b
b10100000000100010000101101100011 +
b10100000000100010000101101100011 a
b100001011 .
#2074000
b11111111111111111111001000011000 #
b11111111111111111111001000011000 b
b10100000000100010000110001100011 +
b10100000000100010000110001100011 a
b100001100 .
#2075000
b11111111111111111111001000011010 #
b11111111111111111111001000011010 b
b10100000000100010000110101100011 +
b10100000000100010000110101100011 a
b100001101 .
1*
#2076000
b11111111111111111111001000011100 #
b11111111111111111111001000011100 b
b10100000000100010000111001100011 +
b10100000000100010000111001100011 a
b100001110 .
#2077000
b11111111111111111111001000011110 #
b11111111111111111111001000011110 b
b10100000000100010000111101100011 +
b10100000000100010000111101100011 a
b100001111 .
#2078000
b11111111111111111111001000100000 #
b11111111111111111111001000100000 b
b10100010000100010000000001100011 +
b10100010000100010000000001100011 a
b100010000 .
#2079000
b11111111111111111111001000100010 #
b11111111111111111111001000100010 b
b10100010000100010000000101100011 +
b10100010000100010000000101100011 a
b100010001 .
#2080000
b11111111111111111111001000100100 #
b11111111111111111111001000100100 b
b10100010000100010000001001100011 +
b10100010000100010000001001100011 a
b100010010 .
0*
#2081000
b11111111111111111111001000100110 #
b11111111111111111111001000100110 b
b10100010000100010000001101100011 +
b10100010000100010000001101100011 a
b100010011 .
#2082000
b11111111111111111111001000101000 #
b11111111111111111111001000101000 b
b10100010000100010000010001100011 +
b10100010000100010000010001100011 a
b100010100 .
#2083000
b11111111111111111111001000101010 #
b11111111111111111111001000101010 b
b10100010000100010000010101100011 +
b10100010000100010000010101100011 a
b100010101 .
#2084000
b11111111111111111111001000101100 #
b11111111111111111111001000101100 b
b10100010000100010000011001100011 +
b10100010000100010000011001100011 a
b100010110 .
#2085000
b11111111111111111111001000101110 #
b11111111111111111111001000101110 b
b10100010000100010000011101100011 +
b10100010000100010000011101100011 a
b100010111 .
1*
#2086000
b11111111111111111111001000110000 #
b11111111111111111111001000110000 b
b10100010000100010000100001100011 +
b10100010000100010000100001100011 a
b100011000 .
#2087000
b11111111111111111111001000110010 #
b11111111111111111111001000110010 b
b10100010000100010000100101100011 +
b10100010000100010000100101100011 a
b100011001 .
#2088000
b11111111111111111111001000110100 #
b11111111111111111111001000110100 b
b10100010000100010000101001100011 +
b10100010000100010000101001100011 a
b100011010 .
#2089000
b11111111111111111111001000110110 #
b11111111111111111111001000110110 b
b10100010000100010000101101100011 +
b10100010000100010000101101100011 a
b100011011 .
#2090000
b11111111111111111111001000111000 #
b11111111111111111111001000111000 b
b10100010000100010000110001100011 +
b10100010000100010000110001100011 a
b100011100 .
0*
#2091000
b11111111111111111111001000111010 #
b11111111111111111111001000111010 b
b10100010000100010000110101100011 +
b10100010000100010000110101100011 a
b100011101 .
#2092000
b11111111111111111111001000111100 #
b11111111111111111111001000111100 b
b10100010000100010000111001100011 +
b10100010000100010000111001100011 a
b100011110 .
#2093000
b11111111111111111111001000111110 #
b11111111111111111111001000111110 b
b10100010000100010000111101100011 +
b10100010000100010000111101100011 a
b100011111 .
#2094000
b11111111111111111111001001000000 #
b11111111111111111111001001000000 b
b10100100000100010000000001100011 +
b10100100000100010000000001100011 a
b100100000 .
#2095000
b11111111111111111111001001000010 #
b11111111111111111111001001000010 b
b10100100000100010000000101100011 +
b10100100000100010000000101100011 a
b100100001 .
1*
#2096000
b11111111111111111111001001000100 #
b11111111111111111111001001000100 b
b10100100000100010000001001100011 +
b10100100000100010000001001100011 a
b100100010 .
#2097000
b11111111111111111111001001000110 #
b11111111111111111111001001000110 b
b10100100000100010000001101100011 +
b10100100000100010000001101100011 a
b100100011 .
#2098000
b11111111111111111111001001001000 #
b11111111111111111111001001001000 b
b10100100000100010000010001100011 +
b10100100000100010000010001100011 a
b100100100 .
#2099000
b11111111111111111111001001001010 #
b11111111111111111111001001001010 b
b10100100000100010000010101100011 +
b10100100000100010000010101100011 a
b100100101 .
#2100000
b11111111111111111111001001001100 #
b11111111111111111111001001001100 b
b10100100000100010000011001100011 +
b10100100000100010000011001100011 a
b100100110 .
0*
#2101000
b11111111111111111111001001001110 #
b11111111111111111111001001001110 b
b10100100000100010000011101100011 +
b10100100000100010000011101100011 a
b100100111 .
#2102000
b11111111111111111111001001010000 #
b11111111111111111111001001010000 b
b10100100000100010000100001100011 +
b10100100000100010000100001100011 a
b100101000 .
#2103000
b11111111111111111111001001010010 #
b11111111111111111111001001010010 b
b10100100000100010000100101100011 +
b10100100000100010000100101100011 a
b100101001 .
#2104000
b11111111111111111111001001010100 #
b11111111111111111111001001010100 b
b10100100000100010000101001100011 +
b10100100000100010000101001100011 a
b100101010 .
#2105000
b11111111111111111111001001010110 #
b11111111111111111111001001010110 b
b10100100000100010000101101100011 +
b10100100000100010000101101100011 a
b100101011 .
1*
#2106000
b11111111111111111111001001011000 #
b11111111111111111111001001011000 b
b10100100000100010000110001100011 +
b10100100000100010000110001100011 a
b100101100 .
#2107000
b11111111111111111111001001011010 #
b11111111111111111111001001011010 b
b10100100000100010000110101100011 +
b10100100000100010000110101100011 a
b100101101 .
#2108000
b11111111111111111111001001011100 #
b11111111111111111111001001011100 b
b10100100000100010000111001100011 +
b10100100000100010000111001100011 a
b100101110 .
#2109000
b11111111111111111111001001011110 #
b11111111111111111111001001011110 b
b10100100000100010000111101100011 +
b10100100000100010000111101100011 a
b100101111 .
#2110000
b11111111111111111111001001100000 #
b11111111111111111111001001100000 b
b10100110000100010000000001100011 +
b10100110000100010000000001100011 a
b100110000 .
0*
#2111000
b11111111111111111111001001100010 #
b11111111111111111111001001100010 b
b10100110000100010000000101100011 +
b10100110000100010000000101100011 a
b100110001 .
#2112000
b11111111111111111111001001100100 #
b11111111111111111111001001100100 b
b10100110000100010000001001100011 +
b10100110000100010000001001100011 a
b100110010 .
#2113000
b11111111111111111111001001100110 #
b11111111111111111111001001100110 b
b10100110000100010000001101100011 +
b10100110000100010000001101100011 a
b100110011 .
#2114000
b11111111111111111111001001101000 #
b11111111111111111111001001101000 b
b10100110000100010000010001100011 +
b10100110000100010000010001100011 a
b100110100 .
#2115000
b11111111111111111111001001101010 #
b11111111111111111111001001101010 b
b10100110000100010000010101100011 +
b10100110000100010000010101100011 a
b100110101 .
1*
#2116000
b11111111111111111111001001101100 #
b11111111111111111111001001101100 b
b10100110000100010000011001100011 +
b10100110000100010000011001100011 a
b100110110 .
#2117000
b11111111111111111111001001101110 #
b11111111111111111111001001101110 b
b10100110000100010000011101100011 +
b10100110000100010000011101100011 a
b100110111 .
#2118000
b11111111111111111111001001110000 #
b11111111111111111111001001110000 b
b10100110000100010000100001100011 +
b10100110000100010000100001100011 a
b100111000 .
#2119000
b11111111111111111111001001110010 #
b11111111111111111111001001110010 b
b10100110000100010000100101100011 +
b10100110000100010000100101100011 a
b100111001 .
#2120000
b11111111111111111111001001110100 #
b11111111111111111111001001110100 b
b10100110000100010000101001100011 +
b10100110000100010000101001100011 a
b100111010 .
0*
#2121000
b11111111111111111111001001110110 #
b11111111111111111111001001110110 b
b10100110000100010000101101100011 +
b10100110000100010000101101100011 a
b100111011 .
#2122000
b11111111111111111111001001111000 #
b11111111111111111111001001111000 b
b10100110000100010000110001100011 +
b10100110000100010000110001100011 a
b100111100 .
#2123000
b11111111111111111111001001111010 #
b11111111111111111111001001111010 b
b10100110000100010000110101100011 +
b10100110000100010000110101100011 a
b100111101 .
#2124000
b11111111111111111111001001111100 #
b11111111111111111111001001111100 b
b10100110000100010000111001100011 +
b10100110000100010000111001100011 a
b100111110 .
#2125000
b11111111111111111111001001111110 #
b11111111111111111111001001111110 b
b10100110000100010000111101100011 +
b10100110000100010000111101100011 a
b100111111 .
1*
#2126000
b11111111111111111111001010000000 #
b11111111111111111111001010000000 b
b10101000000100010000000001100011 +
b10101000000100010000000001100011 a
b101000000 .
#2127000
b11111111111111111111001010000010 #
b11111111111111111111001010000010 b
b10101000000100010000000101100011 +
b10101000000100010000000101100011 a
b101000001 .
#2128000
b11111111111111111111001010000100 #
b11111111111111111111001010000100 b
b10101000000100010000001001100011 +
b10101000000100010000001001100011 a
b101000010 .
#2129000
b11111111111111111111001010000110 #
b11111111111111111111001010000110 b
b10101000000100010000001101100011 +
b10101000000100010000001101100011 a
b101000011 .
#2130000
b11111111111111111111001010001000 #
b11111111111111111111001010001000 b
b10101000000100010000010001100011 +
b10101000000100010000010001100011 a
b101000100 .
0*
#2131000
b11111111111111111111001010001010 #
b11111111111111111111001010001010 b
b10101000000100010000010101100011 +
b10101000000100010000010101100011 a
b101000101 .
#2132000
b11111111111111111111001010001100 #
b11111111111111111111001010001100 b
b10101000000100010000011001100011 +
b10101000000100010000011001100011 a
b101000110 .
#2133000
b11111111111111111111001010001110 #
b11111111111111111111001010001110 b
b10101000000100010000011101100011 +
b10101000000100010000011101100011 a
b101000111 .
#2134000
b11111111111111111111001010010000 #
b11111111111111111111001010010000 b
b10101000000100010000100001100011 +
b10101000000100010000100001100011 a
b101001000 .
#2135000
b11111111111111111111001010010010 #
b11111111111111111111001010010010 b
b10101000000100010000100101100011 +
b10101000000100010000100101100011 a
b101001001 .
1*
#2136000
b11111111111111111111001010010100 #
b11111111111111111111001010010100 b
b10101000000100010000101001100011 +
b10101000000100010000101001100011 a
b101001010 .
#2137000
b11111111111111111111001010010110 #
b11111111111111111111001010010110 b
b10101000000100010000101101100011 +
b10101000000100010000101101100011 a
b101001011 .
#2138000
b11111111111111111111001010011000 #
b11111111111111111111001010011000 b
b10101000000100010000110001100011 +
b10101000000100010000110001100011 a
b101001100 .
#2139000
b11111111111111111111001010011010 #
b11111111111111111111001010011010 b
b10101000000100010000110101100011 +
b10101000000100010000110101100011 a
b101001101 .
#2140000
b11111111111111111111001010011100 #
b11111111111111111111001010011100 b
b10101000000100010000111001100011 +
b10101000000100010000111001100011 a
b101001110 .
0*
#2141000
b11111111111111111111001010011110 #
b11111111111111111111001010011110 b
b10101000000100010000111101100011 +
b10101000000100010000111101100011 a
b101001111 .
#2142000
b11111111111111111111001010100000 #
b11111111111111111111001010100000 b
b10101010000100010000000001100011 +
b10101010000100010000000001100011 a
b101010000 .
#2143000
b11111111111111111111001010100010 #
b11111111111111111111001010100010 b
b10101010000100010000000101100011 +
b10101010000100010000000101100011 a
b101010001 .
#2144000
b11111111111111111111001010100100 #
b11111111111111111111001010100100 b
b10101010000100010000001001100011 +
b10101010000100010000001001100011 a
b101010010 .
#2145000
b11111111111111111111001010100110 #
b11111111111111111111001010100110 b
b10101010000100010000001101100011 +
b10101010000100010000001101100011 a
b101010011 .
1*
#2146000
b11111111111111111111001010101000 #
b11111111111111111111001010101000 b
b10101010000100010000010001100011 +
b10101010000100010000010001100011 a
b101010100 .
#2147000
b11111111111111111111001010101010 #
b11111111111111111111001010101010 b
b10101010000100010000010101100011 +
b10101010000100010000010101100011 a
b101010101 .
#2148000
b11111111111111111111001010101100 #
b11111111111111111111001010101100 b
b10101010000100010000011001100011 +
b10101010000100010000011001100011 a
b101010110 .
#2149000
b11111111111111111111001010101110 #
b11111111111111111111001010101110 b
b10101010000100010000011101100011 +
b10101010000100010000011101100011 a
b101010111 .
#2150000
b11111111111111111111001010110000 #
b11111111111111111111001010110000 b
b10101010000100010000100001100011 +
b10101010000100010000100001100011 a
b101011000 .
0*
#2151000
b11111111111111111111001010110010 #
b11111111111111111111001010110010 b
b10101010000100010000100101100011 +
b10101010000100010000100101100011 a
b101011001 .
#2152000
b11111111111111111111001010110100 #
b11111111111111111111001010110100 b
b10101010000100010000101001100011 +
b10101010000100010000101001100011 a
b101011010 .
#2153000
b11111111111111111111001010110110 #
b11111111111111111111001010110110 b
b10101010000100010000101101100011 +
b10101010000100010000101101100011 a
b101011011 .
#2154000
b11111111111111111111001010111000 #
b11111111111111111111001010111000 b
b10101010000100010000110001100011 +
b10101010000100010000110001100011 a
b101011100 .
#2155000
b11111111111111111111001010111010 #
b11111111111111111111001010111010 b
b10101010000100010000110101100011 +
b10101010000100010000110101100011 a
b101011101 .
1*
#2156000
b11111111111111111111001010111100 #
b11111111111111111111001010111100 b
b10101010000100010000111001100011 +
b10101010000100010000111001100011 a
b101011110 .
#2157000
b11111111111111111111001010111110 #
b11111111111111111111001010111110 b
b10101010000100010000111101100011 +
b10101010000100010000111101100011 a
b101011111 .
#2158000
b11111111111111111111001011000000 #
b11111111111111111111001011000000 b
b10101100000100010000000001100011 +
b10101100000100010000000001100011 a
b101100000 .
#2159000
b11111111111111111111001011000010 #
b11111111111111111111001011000010 b
b10101100000100010000000101100011 +
b10101100000100010000000101100011 a
b101100001 .
#2160000
b11111111111111111111001011000100 #
b11111111111111111111001011000100 b
b10101100000100010000001001100011 +
b10101100000100010000001001100011 a
b101100010 .
0*
#2161000
b11111111111111111111001011000110 #
b11111111111111111111001011000110 b
b10101100000100010000001101100011 +
b10101100000100010000001101100011 a
b101100011 .
#2162000
b11111111111111111111001011001000 #
b11111111111111111111001011001000 b
b10101100000100010000010001100011 +
b10101100000100010000010001100011 a
b101100100 .
#2163000
b11111111111111111111001011001010 #
b11111111111111111111001011001010 b
b10101100000100010000010101100011 +
b10101100000100010000010101100011 a
b101100101 .
#2164000
b11111111111111111111001011001100 #
b11111111111111111111001011001100 b
b10101100000100010000011001100011 +
b10101100000100010000011001100011 a
b101100110 .
#2165000
b11111111111111111111001011001110 #
b11111111111111111111001011001110 b
b10101100000100010000011101100011 +
b10101100000100010000011101100011 a
b101100111 .
1*
#2166000
b11111111111111111111001011010000 #
b11111111111111111111001011010000 b
b10101100000100010000100001100011 +
b10101100000100010000100001100011 a
b101101000 .
#2167000
b11111111111111111111001011010010 #
b11111111111111111111001011010010 b
b10101100000100010000100101100011 +
b10101100000100010000100101100011 a
b101101001 .
#2168000
b11111111111111111111001011010100 #
b11111111111111111111001011010100 b
b10101100000100010000101001100011 +
b10101100000100010000101001100011 a
b101101010 .
#2169000
b11111111111111111111001011010110 #
b11111111111111111111001011010110 b
b10101100000100010000101101100011 +
b10101100000100010000101101100011 a
b101101011 .
#2170000
b11111111111111111111001011011000 #
b11111111111111111111001011011000 b
b10101100000100010000110001100011 +
b10101100000100010000110001100011 a
b101101100 .
0*
#2171000
b11111111111111111111001011011010 #
b11111111111111111111001011011010 b
b10101100000100010000110101100011 +
b10101100000100010000110101100011 a
b101101101 .
#2172000
b11111111111111111111001011011100 #
b11111111111111111111001011011100 b
b10101100000100010000111001100011 +
b10101100000100010000111001100011 a
b101101110 .
#2173000
b11111111111111111111001011011110 #
b11111111111111111111001011011110 b
b10101100000100010000111101100011 +
b10101100000100010000111101100011 a
b101101111 .
#2174000
b11111111111111111111001011100000 #
b11111111111111111111001011100000 b
b10101110000100010000000001100011 +
b10101110000100010000000001100011 a
b101110000 .
#2175000
b11111111111111111111001011100010 #
b11111111111111111111001011100010 b
b10101110000100010000000101100011 +
b10101110000100010000000101100011 a
b101110001 .
1*
#2176000
b11111111111111111111001011100100 #
b11111111111111111111001011100100 b
b10101110000100010000001001100011 +
b10101110000100010000001001100011 a
b101110010 .
#2177000
b11111111111111111111001011100110 #
b11111111111111111111001011100110 b
b10101110000100010000001101100011 +
b10101110000100010000001101100011 a
b101110011 .
#2178000
b11111111111111111111001011101000 #
b11111111111111111111001011101000 b
b10101110000100010000010001100011 +
b10101110000100010000010001100011 a
b101110100 .
#2179000
b11111111111111111111001011101010 #
b11111111111111111111001011101010 b
b10101110000100010000010101100011 +
b10101110000100010000010101100011 a
b101110101 .
#2180000
b11111111111111111111001011101100 #
b11111111111111111111001011101100 b
b10101110000100010000011001100011 +
b10101110000100010000011001100011 a
b101110110 .
0*
#2181000
b11111111111111111111001011101110 #
b11111111111111111111001011101110 b
b10101110000100010000011101100011 +
b10101110000100010000011101100011 a
b101110111 .
#2182000
b11111111111111111111001011110000 #
b11111111111111111111001011110000 b
b10101110000100010000100001100011 +
b10101110000100010000100001100011 a
b101111000 .
#2183000
b11111111111111111111001011110010 #
b11111111111111111111001011110010 b
b10101110000100010000100101100011 +
b10101110000100010000100101100011 a
b101111001 .
#2184000
b11111111111111111111001011110100 #
b11111111111111111111001011110100 b
b10101110000100010000101001100011 +
b10101110000100010000101001100011 a
b101111010 .
#2185000
b11111111111111111111001011110110 #
b11111111111111111111001011110110 b
b10101110000100010000101101100011 +
b10101110000100010000101101100011 a
b101111011 .
1*
#2186000
b11111111111111111111001011111000 #
b11111111111111111111001011111000 b
b10101110000100010000110001100011 +
b10101110000100010000110001100011 a
b101111100 .
#2187000
b11111111111111111111001011111010 #
b11111111111111111111001011111010 b
b10101110000100010000110101100011 +
b10101110000100010000110101100011 a
b101111101 .
#2188000
b11111111111111111111001011111100 #
b11111111111111111111001011111100 b
b10101110000100010000111001100011 +
b10101110000100010000111001100011 a
b101111110 .
#2189000
b11111111111111111111001011111110 #
b11111111111111111111001011111110 b
b10101110000100010000111101100011 +
b10101110000100010000111101100011 a
b101111111 .
#2190000
b11111111111111111111001100000000 #
b11111111111111111111001100000000 b
b10110000000100010000000001100011 +
b10110000000100010000000001100011 a
b110000000 .
0*
#2191000
b11111111111111111111001100000010 #
b11111111111111111111001100000010 b
b10110000000100010000000101100011 +
b10110000000100010000000101100011 a
b110000001 .
#2192000
b11111111111111111111001100000100 #
b11111111111111111111001100000100 b
b10110000000100010000001001100011 +
b10110000000100010000001001100011 a
b110000010 .
#2193000
b11111111111111111111001100000110 #
b11111111111111111111001100000110 b
b10110000000100010000001101100011 +
b10110000000100010000001101100011 a
b110000011 .
#2194000
b11111111111111111111001100001000 #
b11111111111111111111001100001000 b
b10110000000100010000010001100011 +
b10110000000100010000010001100011 a
b110000100 .
#2195000
b11111111111111111111001100001010 #
b11111111111111111111001100001010 b
b10110000000100010000010101100011 +
b10110000000100010000010101100011 a
b110000101 .
1*
#2196000
b11111111111111111111001100001100 #
b11111111111111111111001100001100 b
b10110000000100010000011001100011 +
b10110000000100010000011001100011 a
b110000110 .
#2197000
b11111111111111111111001100001110 #
b11111111111111111111001100001110 b
b10110000000100010000011101100011 +
b10110000000100010000011101100011 a
b110000111 .
#2198000
b11111111111111111111001100010000 #
b11111111111111111111001100010000 b
b10110000000100010000100001100011 +
b10110000000100010000100001100011 a
b110001000 .
#2199000
b11111111111111111111001100010010 #
b11111111111111111111001100010010 b
b10110000000100010000100101100011 +
b10110000000100010000100101100011 a
b110001001 .
#2200000
b11111111111111111111001100010100 #
b11111111111111111111001100010100 b
b10110000000100010000101001100011 +
b10110000000100010000101001100011 a
b110001010 .
0*
#2201000
b11111111111111111111001100010110 #
b11111111111111111111001100010110 b
b10110000000100010000101101100011 +
b10110000000100010000101101100011 a
b110001011 .
#2202000
b11111111111111111111001100011000 #
b11111111111111111111001100011000 b
b10110000000100010000110001100011 +
b10110000000100010000110001100011 a
b110001100 .
#2203000
b11111111111111111111001100011010 #
b11111111111111111111001100011010 b
b10110000000100010000110101100011 +
b10110000000100010000110101100011 a
b110001101 .
#2204000
b11111111111111111111001100011100 #
b11111111111111111111001100011100 b
b10110000000100010000111001100011 +
b10110000000100010000111001100011 a
b110001110 .
#2205000
b11111111111111111111001100011110 #
b11111111111111111111001100011110 b
b10110000000100010000111101100011 +
b10110000000100010000111101100011 a
b110001111 .
1*
#2206000
b11111111111111111111001100100000 #
b11111111111111111111001100100000 b
b10110010000100010000000001100011 +
b10110010000100010000000001100011 a
b110010000 .
#2207000
b11111111111111111111001100100010 #
b11111111111111111111001100100010 b
b10110010000100010000000101100011 +
b10110010000100010000000101100011 a
b110010001 .
#2208000
b11111111111111111111001100100100 #
b11111111111111111111001100100100 b
b10110010000100010000001001100011 +
b10110010000100010000001001100011 a
b110010010 .
#2209000
b11111111111111111111001100100110 #
b11111111111111111111001100100110 b
b10110010000100010000001101100011 +
b10110010000100010000001101100011 a
b110010011 .
#2210000
b11111111111111111111001100101000 #
b11111111111111111111001100101000 b
b10110010000100010000010001100011 +
b10110010000100010000010001100011 a
b110010100 .
0*
#2211000
b11111111111111111111001100101010 #
b11111111111111111111001100101010 b
b10110010000100010000010101100011 +
b10110010000100010000010101100011 a
b110010101 .
#2212000
b11111111111111111111001100101100 #
b11111111111111111111001100101100 b
b10110010000100010000011001100011 +
b10110010000100010000011001100011 a
b110010110 .
#2213000
b11111111111111111111001100101110 #
b11111111111111111111001100101110 b
b10110010000100010000011101100011 +
b10110010000100010000011101100011 a
b110010111 .
#2214000
b11111111111111111111001100110000 #
b11111111111111111111001100110000 b
b10110010000100010000100001100011 +
b10110010000100010000100001100011 a
b110011000 .
#2215000
b11111111111111111111001100110010 #
b11111111111111111111001100110010 b
b10110010000100010000100101100011 +
b10110010000100010000100101100011 a
b110011001 .
1*
#2216000
b11111111111111111111001100110100 #
b11111111111111111111001100110100 b
b10110010000100010000101001100011 +
b10110010000100010000101001100011 a
b110011010 .
#2217000
b11111111111111111111001100110110 #
b11111111111111111111001100110110 b
b10110010000100010000101101100011 +
b10110010000100010000101101100011 a
b110011011 .
#2218000
b11111111111111111111001100111000 #
b11111111111111111111001100111000 b
b10110010000100010000110001100011 +
b10110010000100010000110001100011 a
b110011100 .
#2219000
b11111111111111111111001100111010 #
b11111111111111111111001100111010 b
b10110010000100010000110101100011 +
b10110010000100010000110101100011 a
b110011101 .
#2220000
b11111111111111111111001100111100 #
b11111111111111111111001100111100 b
b10110010000100010000111001100011 +
b10110010000100010000111001100011 a
b110011110 .
0*
#2221000
b11111111111111111111001100111110 #
b11111111111111111111001100111110 b
b10110010000100010000111101100011 +
b10110010000100010000111101100011 a
b110011111 .
#2222000
b11111111111111111111001101000000 #
b11111111111111111111001101000000 b
b10110100000100010000000001100011 +
b10110100000100010000000001100011 a
b110100000 .
#2223000
b11111111111111111111001101000010 #
b11111111111111111111001101000010 b
b10110100000100010000000101100011 +
b10110100000100010000000101100011 a
b110100001 .
#2224000
b11111111111111111111001101000100 #
b11111111111111111111001101000100 b
b10110100000100010000001001100011 +
b10110100000100010000001001100011 a
b110100010 .
#2225000
b11111111111111111111001101000110 #
b11111111111111111111001101000110 b
b10110100000100010000001101100011 +
b10110100000100010000001101100011 a
b110100011 .
1*
#2226000
b11111111111111111111001101001000 #
b11111111111111111111001101001000 b
b10110100000100010000010001100011 +
b10110100000100010000010001100011 a
b110100100 .
#2227000
b11111111111111111111001101001010 #
b11111111111111111111001101001010 b
b10110100000100010000010101100011 +
b10110100000100010000010101100011 a
b110100101 .
#2228000
b11111111111111111111001101001100 #
b11111111111111111111001101001100 b
b10110100000100010000011001100011 +
b10110100000100010000011001100011 a
b110100110 .
#2229000
b11111111111111111111001101001110 #
b11111111111111111111001101001110 b
b10110100000100010000011101100011 +
b10110100000100010000011101100011 a
b110100111 .
#2230000
b11111111111111111111001101010000 #
b11111111111111111111001101010000 b
b10110100000100010000100001100011 +
b10110100000100010000100001100011 a
b110101000 .
0*
#2231000
b11111111111111111111001101010010 #
b11111111111111111111001101010010 b
b10110100000100010000100101100011 +
b10110100000100010000100101100011 a
b110101001 .
#2232000
b11111111111111111111001101010100 #
b11111111111111111111001101010100 b
b10110100000100010000101001100011 +
b10110100000100010000101001100011 a
b110101010 .
#2233000
b11111111111111111111001101010110 #
b11111111111111111111001101010110 b
b10110100000100010000101101100011 +
b10110100000100010000101101100011 a
b110101011 .
#2234000
b11111111111111111111001101011000 #
b11111111111111111111001101011000 b
b10110100000100010000110001100011 +
b10110100000100010000110001100011 a
b110101100 .
#2235000
b11111111111111111111001101011010 #
b11111111111111111111001101011010 b
b10110100000100010000110101100011 +
b10110100000100010000110101100011 a
b110101101 .
1*
#2236000
b11111111111111111111001101011100 #
b11111111111111111111001101011100 b
b10110100000100010000111001100011 +
b10110100000100010000111001100011 a
b110101110 .
#2237000
b11111111111111111111001101011110 #
b11111111111111111111001101011110 b
b10110100000100010000111101100011 +
b10110100000100010000111101100011 a
b110101111 .
#2238000
b11111111111111111111001101100000 #
b11111111111111111111001101100000 b
b10110110000100010000000001100011 +
b10110110000100010000000001100011 a
b110110000 .
#2239000
b11111111111111111111001101100010 #
b11111111111111111111001101100010 b
b10110110000100010000000101100011 +
b10110110000100010000000101100011 a
b110110001 .
#2240000
b11111111111111111111001101100100 #
b11111111111111111111001101100100 b
b10110110000100010000001001100011 +
b10110110000100010000001001100011 a
b110110010 .
0*
#2241000
b11111111111111111111001101100110 #
b11111111111111111111001101100110 b
b10110110000100010000001101100011 +
b10110110000100010000001101100011 a
b110110011 .
#2242000
b11111111111111111111001101101000 #
b11111111111111111111001101101000 b
b10110110000100010000010001100011 +
b10110110000100010000010001100011 a
b110110100 .
#2243000
b11111111111111111111001101101010 #
b11111111111111111111001101101010 b
b10110110000100010000010101100011 +
b10110110000100010000010101100011 a
b110110101 .
#2244000
b11111111111111111111001101101100 #
b11111111111111111111001101101100 b
b10110110000100010000011001100011 +
b10110110000100010000011001100011 a
b110110110 .
#2245000
b11111111111111111111001101101110 #
b11111111111111111111001101101110 b
b10110110000100010000011101100011 +
b10110110000100010000011101100011 a
b110110111 .
1*
#2246000
b11111111111111111111001101110000 #
b11111111111111111111001101110000 b
b10110110000100010000100001100011 +
b10110110000100010000100001100011 a
b110111000 .
#2247000
b11111111111111111111001101110010 #
b11111111111111111111001101110010 b
b10110110000100010000100101100011 +
b10110110000100010000100101100011 a
b110111001 .
#2248000
b11111111111111111111001101110100 #
b11111111111111111111001101110100 b
b10110110000100010000101001100011 +
b10110110000100010000101001100011 a
b110111010 .
#2249000
b11111111111111111111001101110110 #
b11111111111111111111001101110110 b
b10110110000100010000101101100011 +
b10110110000100010000101101100011 a
b110111011 .
#2250000
b11111111111111111111001101111000 #
b11111111111111111111001101111000 b
b10110110000100010000110001100011 +
b10110110000100010000110001100011 a
b110111100 .
0*
#2251000
b11111111111111111111001101111010 #
b11111111111111111111001101111010 b
b10110110000100010000110101100011 +
b10110110000100010000110101100011 a
b110111101 .
#2252000
b11111111111111111111001101111100 #
b11111111111111111111001101111100 b
b10110110000100010000111001100011 +
b10110110000100010000111001100011 a
b110111110 .
#2253000
b11111111111111111111001101111110 #
b11111111111111111111001101111110 b
b10110110000100010000111101100011 +
b10110110000100010000111101100011 a
b110111111 .
#2254000
b11111111111111111111001110000000 #
b11111111111111111111001110000000 b
b10111000000100010000000001100011 +
b10111000000100010000000001100011 a
b111000000 .
#2255000
b11111111111111111111001110000010 #
b11111111111111111111001110000010 b
b10111000000100010000000101100011 +
b10111000000100010000000101100011 a
b111000001 .
1*
#2256000
b11111111111111111111001110000100 #
b11111111111111111111001110000100 b
b10111000000100010000001001100011 +
b10111000000100010000001001100011 a
b111000010 .
#2257000
b11111111111111111111001110000110 #
b11111111111111111111001110000110 b
b10111000000100010000001101100011 +
b10111000000100010000001101100011 a
b111000011 .
#2258000
b11111111111111111111001110001000 #
b11111111111111111111001110001000 b
b10111000000100010000010001100011 +
b10111000000100010000010001100011 a
b111000100 .
#2259000
b11111111111111111111001110001010 #
b11111111111111111111001110001010 b
b10111000000100010000010101100011 +
b10111000000100010000010101100011 a
b111000101 .
#2260000
b11111111111111111111001110001100 #
b11111111111111111111001110001100 b
b10111000000100010000011001100011 +
b10111000000100010000011001100011 a
b111000110 .
0*
#2261000
b11111111111111111111001110001110 #
b11111111111111111111001110001110 b
b10111000000100010000011101100011 +
b10111000000100010000011101100011 a
b111000111 .
#2262000
b11111111111111111111001110010000 #
b11111111111111111111001110010000 b
b10111000000100010000100001100011 +
b10111000000100010000100001100011 a
b111001000 .
#2263000
b11111111111111111111001110010010 #
b11111111111111111111001110010010 b
b10111000000100010000100101100011 +
b10111000000100010000100101100011 a
b111001001 .
#2264000
b11111111111111111111001110010100 #
b11111111111111111111001110010100 b
b10111000000100010000101001100011 +
b10111000000100010000101001100011 a
b111001010 .
#2265000
b11111111111111111111001110010110 #
b11111111111111111111001110010110 b
b10111000000100010000101101100011 +
b10111000000100010000101101100011 a
b111001011 .
1*
#2266000
b11111111111111111111001110011000 #
b11111111111111111111001110011000 b
b10111000000100010000110001100011 +
b10111000000100010000110001100011 a
b111001100 .
#2267000
b11111111111111111111001110011010 #
b11111111111111111111001110011010 b
b10111000000100010000110101100011 +
b10111000000100010000110101100011 a
b111001101 .
#2268000
b11111111111111111111001110011100 #
b11111111111111111111001110011100 b
b10111000000100010000111001100011 +
b10111000000100010000111001100011 a
b111001110 .
#2269000
b11111111111111111111001110011110 #
b11111111111111111111001110011110 b
b10111000000100010000111101100011 +
b10111000000100010000111101100011 a
b111001111 .
#2270000
b11111111111111111111001110100000 #
b11111111111111111111001110100000 b
b10111010000100010000000001100011 +
b10111010000100010000000001100011 a
b111010000 .
0*
#2271000
b11111111111111111111001110100010 #
b11111111111111111111001110100010 b
b10111010000100010000000101100011 +
b10111010000100010000000101100011 a
b111010001 .
#2272000
b11111111111111111111001110100100 #
b11111111111111111111001110100100 b
b10111010000100010000001001100011 +
b10111010000100010000001001100011 a
b111010010 .
#2273000
b11111111111111111111001110100110 #
b11111111111111111111001110100110 b
b10111010000100010000001101100011 +
b10111010000100010000001101100011 a
b111010011 .
#2274000
b11111111111111111111001110101000 #
b11111111111111111111001110101000 b
b10111010000100010000010001100011 +
b10111010000100010000010001100011 a
b111010100 .
#2275000
b11111111111111111111001110101010 #
b11111111111111111111001110101010 b
b10111010000100010000010101100011 +
b10111010000100010000010101100011 a
b111010101 .
1*
#2276000
b11111111111111111111001110101100 #
b11111111111111111111001110101100 b
b10111010000100010000011001100011 +
b10111010000100010000011001100011 a
b111010110 .
#2277000
b11111111111111111111001110101110 #
b11111111111111111111001110101110 b
b10111010000100010000011101100011 +
b10111010000100010000011101100011 a
b111010111 .
#2278000
b11111111111111111111001110110000 #
b11111111111111111111001110110000 b
b10111010000100010000100001100011 +
b10111010000100010000100001100011 a
b111011000 .
#2279000
b11111111111111111111001110110010 #
b11111111111111111111001110110010 b
b10111010000100010000100101100011 +
b10111010000100010000100101100011 a
b111011001 .
#2280000
b11111111111111111111001110110100 #
b11111111111111111111001110110100 b
b10111010000100010000101001100011 +
b10111010000100010000101001100011 a
b111011010 .
0*
#2281000
b11111111111111111111001110110110 #
b11111111111111111111001110110110 b
b10111010000100010000101101100011 +
b10111010000100010000101101100011 a
b111011011 .
#2282000
b11111111111111111111001110111000 #
b11111111111111111111001110111000 b
b10111010000100010000110001100011 +
b10111010000100010000110001100011 a
b111011100 .
#2283000
b11111111111111111111001110111010 #
b11111111111111111111001110111010 b
b10111010000100010000110101100011 +
b10111010000100010000110101100011 a
b111011101 .
#2284000
b11111111111111111111001110111100 #
b11111111111111111111001110111100 b
b10111010000100010000111001100011 +
b10111010000100010000111001100011 a
b111011110 .
#2285000
b11111111111111111111001110111110 #
b11111111111111111111001110111110 b
b10111010000100010000111101100011 +
b10111010000100010000111101100011 a
b111011111 .
1*
#2286000
b11111111111111111111001111000000 #
b11111111111111111111001111000000 b
b10111100000100010000000001100011 +
b10111100000100010000000001100011 a
b111100000 .
#2287000
b11111111111111111111001111000010 #
b11111111111111111111001111000010 b
b10111100000100010000000101100011 +
b10111100000100010000000101100011 a
b111100001 .
#2288000
b11111111111111111111001111000100 #
b11111111111111111111001111000100 b
b10111100000100010000001001100011 +
b10111100000100010000001001100011 a
b111100010 .
#2289000
b11111111111111111111001111000110 #
b11111111111111111111001111000110 b
b10111100000100010000001101100011 +
b10111100000100010000001101100011 a
b111100011 .
#2290000
b11111111111111111111001111001000 #
b11111111111111111111001111001000 b
b10111100000100010000010001100011 +
b10111100000100010000010001100011 a
b111100100 .
0*
#2291000
b11111111111111111111001111001010 #
b11111111111111111111001111001010 b
b10111100000100010000010101100011 +
b10111100000100010000010101100011 a
b111100101 .
#2292000
b11111111111111111111001111001100 #
b11111111111111111111001111001100 b
b10111100000100010000011001100011 +
b10111100000100010000011001100011 a
b111100110 .
#2293000
b11111111111111111111001111001110 #
b11111111111111111111001111001110 b
b10111100000100010000011101100011 +
b10111100000100010000011101100011 a
b111100111 .
#2294000
b11111111111111111111001111010000 #
b11111111111111111111001111010000 b
b10111100000100010000100001100011 +
b10111100000100010000100001100011 a
b111101000 .
#2295000
b11111111111111111111001111010010 #
b11111111111111111111001111010010 b
b10111100000100010000100101100011 +
b10111100000100010000100101100011 a
b111101001 .
1*
#2296000
b11111111111111111111001111010100 #
b11111111111111111111001111010100 b
b10111100000100010000101001100011 +
b10111100000100010000101001100011 a
b111101010 .
#2297000
b11111111111111111111001111010110 #
b11111111111111111111001111010110 b
b10111100000100010000101101100011 +
b10111100000100010000101101100011 a
b111101011 .
#2298000
b11111111111111111111001111011000 #
b11111111111111111111001111011000 b
b10111100000100010000110001100011 +
b10111100000100010000110001100011 a
b111101100 .
#2299000
b11111111111111111111001111011010 #
b11111111111111111111001111011010 b
b10111100000100010000110101100011 +
b10111100000100010000110101100011 a
b111101101 .
#2300000
b11111111111111111111001111011100 #
b11111111111111111111001111011100 b
b10111100000100010000111001100011 +
b10111100000100010000111001100011 a
b111101110 .
0*
#2301000
b11111111111111111111001111011110 #
b11111111111111111111001111011110 b
b10111100000100010000111101100011 +
b10111100000100010000111101100011 a
b111101111 .
#2302000
b11111111111111111111001111100000 #
b11111111111111111111001111100000 b
b10111110000100010000000001100011 +
b10111110000100010000000001100011 a
b111110000 .
#2303000
b11111111111111111111001111100010 #
b11111111111111111111001111100010 b
b10111110000100010000000101100011 +
b10111110000100010000000101100011 a
b111110001 .
#2304000
b11111111111111111111001111100100 #
b11111111111111111111001111100100 b
b10111110000100010000001001100011 +
b10111110000100010000001001100011 a
b111110010 .
#2305000
b11111111111111111111001111100110 #
b11111111111111111111001111100110 b
b10111110000100010000001101100011 +
b10111110000100010000001101100011 a
b111110011 .
1*
#2306000
b11111111111111111111001111101000 #
b11111111111111111111001111101000 b
b10111110000100010000010001100011 +
b10111110000100010000010001100011 a
b111110100 .
#2307000
b11111111111111111111001111101010 #
b11111111111111111111001111101010 b
b10111110000100010000010101100011 +
b10111110000100010000010101100011 a
b111110101 .
#2308000
b11111111111111111111001111101100 #
b11111111111111111111001111101100 b
b10111110000100010000011001100011 +
b10111110000100010000011001100011 a
b111110110 .
#2309000
b11111111111111111111001111101110 #
b11111111111111111111001111101110 b
b10111110000100010000011101100011 +
b10111110000100010000011101100011 a
b111110111 .
#2310000
b11111111111111111111001111110000 #
b11111111111111111111001111110000 b
b10111110000100010000100001100011 +
b10111110000100010000100001100011 a
b111111000 .
0*
#2311000
b11111111111111111111001111110010 #
b11111111111111111111001111110010 b
b10111110000100010000100101100011 +
b10111110000100010000100101100011 a
b111111001 .
#2312000
b11111111111111111111001111110100 #
b11111111111111111111001111110100 b
b10111110000100010000101001100011 +
b10111110000100010000101001100011 a
b111111010 .
#2313000
b11111111111111111111001111110110 #
b11111111111111111111001111110110 b
b10111110000100010000101101100011 +
b10111110000100010000101101100011 a
b111111011 .
#2314000
b11111111111111111111001111111000 #
b11111111111111111111001111111000 b
b10111110000100010000110001100011 +
b10111110000100010000110001100011 a
b111111100 .
#2315000
b11111111111111111111001111111010 #
b11111111111111111111001111111010 b
b10111110000100010000110101100011 +
b10111110000100010000110101100011 a
b111111101 .
1*
#2316000
b11111111111111111111001111111100 #
b11111111111111111111001111111100 b
b10111110000100010000111001100011 +
b10111110000100010000111001100011 a
b111111110 .
#2317000
b11111111111111111111001111111110 #
b11111111111111111111001111111110 b
b10111110000100010000111101100011 +
b10111110000100010000111101100011 a
b111111111 .
#2318000
b11111111111111111111010000000000 #
b11111111111111111111010000000000 b
b11000000000100010000000001100011 +
b11000000000100010000000001100011 a
b1000000000 .
#2319000
b11111111111111111111010000000010 #
b11111111111111111111010000000010 b
b11000000000100010000000101100011 +
b11000000000100010000000101100011 a
b1000000001 .
#2320000
b11111111111111111111010000000100 #
b11111111111111111111010000000100 b
b11000000000100010000001001100011 +
b11000000000100010000001001100011 a
b1000000010 .
0*
#2321000
b11111111111111111111010000000110 #
b11111111111111111111010000000110 b
b11000000000100010000001101100011 +
b11000000000100010000001101100011 a
b1000000011 .
#2322000
b11111111111111111111010000001000 #
b11111111111111111111010000001000 b
b11000000000100010000010001100011 +
b11000000000100010000010001100011 a
b1000000100 .
#2323000
b11111111111111111111010000001010 #
b11111111111111111111010000001010 b
b11000000000100010000010101100011 +
b11000000000100010000010101100011 a
b1000000101 .
#2324000
b11111111111111111111010000001100 #
b11111111111111111111010000001100 b
b11000000000100010000011001100011 +
b11000000000100010000011001100011 a
b1000000110 .
#2325000
b11111111111111111111010000001110 #
b11111111111111111111010000001110 b
b11000000000100010000011101100011 +
b11000000000100010000011101100011 a
b1000000111 .
1*
#2326000
b11111111111111111111010000010000 #
b11111111111111111111010000010000 b
b11000000000100010000100001100011 +
b11000000000100010000100001100011 a
b1000001000 .
#2327000
b11111111111111111111010000010010 #
b11111111111111111111010000010010 b
b11000000000100010000100101100011 +
b11000000000100010000100101100011 a
b1000001001 .
#2328000
b11111111111111111111010000010100 #
b11111111111111111111010000010100 b
b11000000000100010000101001100011 +
b11000000000100010000101001100011 a
b1000001010 .
#2329000
b11111111111111111111010000010110 #
b11111111111111111111010000010110 b
b11000000000100010000101101100011 +
b11000000000100010000101101100011 a
b1000001011 .
#2330000
b11111111111111111111010000011000 #
b11111111111111111111010000011000 b
b11000000000100010000110001100011 +
b11000000000100010000110001100011 a
b1000001100 .
0*
#2331000
b11111111111111111111010000011010 #
b11111111111111111111010000011010 b
b11000000000100010000110101100011 +
b11000000000100010000110101100011 a
b1000001101 .
#2332000
b11111111111111111111010000011100 #
b11111111111111111111010000011100 b
b11000000000100010000111001100011 +
b11000000000100010000111001100011 a
b1000001110 .
#2333000
b11111111111111111111010000011110 #
b11111111111111111111010000011110 b
b11000000000100010000111101100011 +
b11000000000100010000111101100011 a
b1000001111 .
#2334000
b11111111111111111111010000100000 #
b11111111111111111111010000100000 b
b11000010000100010000000001100011 +
b11000010000100010000000001100011 a
b1000010000 .
#2335000
b11111111111111111111010000100010 #
b11111111111111111111010000100010 b
b11000010000100010000000101100011 +
b11000010000100010000000101100011 a
b1000010001 .
1*
#2336000
b11111111111111111111010000100100 #
b11111111111111111111010000100100 b
b11000010000100010000001001100011 +
b11000010000100010000001001100011 a
b1000010010 .
#2337000
b11111111111111111111010000100110 #
b11111111111111111111010000100110 b
b11000010000100010000001101100011 +
b11000010000100010000001101100011 a
b1000010011 .
#2338000
b11111111111111111111010000101000 #
b11111111111111111111010000101000 b
b11000010000100010000010001100011 +
b11000010000100010000010001100011 a
b1000010100 .
#2339000
b11111111111111111111010000101010 #
b11111111111111111111010000101010 b
b11000010000100010000010101100011 +
b11000010000100010000010101100011 a
b1000010101 .
#2340000
b11111111111111111111010000101100 #
b11111111111111111111010000101100 b
b11000010000100010000011001100011 +
b11000010000100010000011001100011 a
b1000010110 .
0*
#2341000
b11111111111111111111010000101110 #
b11111111111111111111010000101110 b
b11000010000100010000011101100011 +
b11000010000100010000011101100011 a
b1000010111 .
#2342000
b11111111111111111111010000110000 #
b11111111111111111111010000110000 b
b11000010000100010000100001100011 +
b11000010000100010000100001100011 a
b1000011000 .
#2343000
b11111111111111111111010000110010 #
b11111111111111111111010000110010 b
b11000010000100010000100101100011 +
b11000010000100010000100101100011 a
b1000011001 .
#2344000
b11111111111111111111010000110100 #
b11111111111111111111010000110100 b
b11000010000100010000101001100011 +
b11000010000100010000101001100011 a
b1000011010 .
#2345000
b11111111111111111111010000110110 #
b11111111111111111111010000110110 b
b11000010000100010000101101100011 +
b11000010000100010000101101100011 a
b1000011011 .
1*
#2346000
b11111111111111111111010000111000 #
b11111111111111111111010000111000 b
b11000010000100010000110001100011 +
b11000010000100010000110001100011 a
b1000011100 .
#2347000
b11111111111111111111010000111010 #
b11111111111111111111010000111010 b
b11000010000100010000110101100011 +
b11000010000100010000110101100011 a
b1000011101 .
#2348000
b11111111111111111111010000111100 #
b11111111111111111111010000111100 b
b11000010000100010000111001100011 +
b11000010000100010000111001100011 a
b1000011110 .
#2349000
b11111111111111111111010000111110 #
b11111111111111111111010000111110 b
b11000010000100010000111101100011 +
b11000010000100010000111101100011 a
b1000011111 .
#2350000
b11111111111111111111010001000000 #
b11111111111111111111010001000000 b
b11000100000100010000000001100011 +
b11000100000100010000000001100011 a
b1000100000 .
0*
#2351000
b11111111111111111111010001000010 #
b11111111111111111111010001000010 b
b11000100000100010000000101100011 +
b11000100000100010000000101100011 a
b1000100001 .
#2352000
b11111111111111111111010001000100 #
b11111111111111111111010001000100 b
b11000100000100010000001001100011 +
b11000100000100010000001001100011 a
b1000100010 .
#2353000
b11111111111111111111010001000110 #
b11111111111111111111010001000110 b
b11000100000100010000001101100011 +
b11000100000100010000001101100011 a
b1000100011 .
#2354000
b11111111111111111111010001001000 #
b11111111111111111111010001001000 b
b11000100000100010000010001100011 +
b11000100000100010000010001100011 a
b1000100100 .
#2355000
b11111111111111111111010001001010 #
b11111111111111111111010001001010 b
b11000100000100010000010101100011 +
b11000100000100010000010101100011 a
b1000100101 .
1*
#2356000
b11111111111111111111010001001100 #
b11111111111111111111010001001100 b
b11000100000100010000011001100011 +
b11000100000100010000011001100011 a
b1000100110 .
#2357000
b11111111111111111111010001001110 #
b11111111111111111111010001001110 b
b11000100000100010000011101100011 +
b11000100000100010000011101100011 a
b1000100111 .
#2358000
b11111111111111111111010001010000 #
b11111111111111111111010001010000 b
b11000100000100010000100001100011 +
b11000100000100010000100001100011 a
b1000101000 .
#2359000
b11111111111111111111010001010010 #
b11111111111111111111010001010010 b
b11000100000100010000100101100011 +
b11000100000100010000100101100011 a
b1000101001 .
#2360000
b11111111111111111111010001010100 #
b11111111111111111111010001010100 b
b11000100000100010000101001100011 +
b11000100000100010000101001100011 a
b1000101010 .
0*
#2361000
b11111111111111111111010001010110 #
b11111111111111111111010001010110 b
b11000100000100010000101101100011 +
b11000100000100010000101101100011 a
b1000101011 .
#2362000
b11111111111111111111010001011000 #
b11111111111111111111010001011000 b
b11000100000100010000110001100011 +
b11000100000100010000110001100011 a
b1000101100 .
#2363000
b11111111111111111111010001011010 #
b11111111111111111111010001011010 b
b11000100000100010000110101100011 +
b11000100000100010000110101100011 a
b1000101101 .
#2364000
b11111111111111111111010001011100 #
b11111111111111111111010001011100 b
b11000100000100010000111001100011 +
b11000100000100010000111001100011 a
b1000101110 .
#2365000
b11111111111111111111010001011110 #
b11111111111111111111010001011110 b
b11000100000100010000111101100011 +
b11000100000100010000111101100011 a
b1000101111 .
1*
#2366000
b11111111111111111111010001100000 #
b11111111111111111111010001100000 b
b11000110000100010000000001100011 +
b11000110000100010000000001100011 a
b1000110000 .
#2367000
b11111111111111111111010001100010 #
b11111111111111111111010001100010 b
b11000110000100010000000101100011 +
b11000110000100010000000101100011 a
b1000110001 .
#2368000
b11111111111111111111010001100100 #
b11111111111111111111010001100100 b
b11000110000100010000001001100011 +
b11000110000100010000001001100011 a
b1000110010 .
#2369000
b11111111111111111111010001100110 #
b11111111111111111111010001100110 b
b11000110000100010000001101100011 +
b11000110000100010000001101100011 a
b1000110011 .
#2370000
b11111111111111111111010001101000 #
b11111111111111111111010001101000 b
b11000110000100010000010001100011 +
b11000110000100010000010001100011 a
b1000110100 .
0*
#2371000
b11111111111111111111010001101010 #
b11111111111111111111010001101010 b
b11000110000100010000010101100011 +
b11000110000100010000010101100011 a
b1000110101 .
#2372000
b11111111111111111111010001101100 #
b11111111111111111111010001101100 b
b11000110000100010000011001100011 +
b11000110000100010000011001100011 a
b1000110110 .
#2373000
b11111111111111111111010001101110 #
b11111111111111111111010001101110 b
b11000110000100010000011101100011 +
b11000110000100010000011101100011 a
b1000110111 .
#2374000
b11111111111111111111010001110000 #
b11111111111111111111010001110000 b
b11000110000100010000100001100011 +
b11000110000100010000100001100011 a
b1000111000 .
#2375000
b11111111111111111111010001110010 #
b11111111111111111111010001110010 b
b11000110000100010000100101100011 +
b11000110000100010000100101100011 a
b1000111001 .
1*
#2376000
b11111111111111111111010001110100 #
b11111111111111111111010001110100 b
b11000110000100010000101001100011 +
b11000110000100010000101001100011 a
b1000111010 .
#2377000
b11111111111111111111010001110110 #
b11111111111111111111010001110110 b
b11000110000100010000101101100011 +
b11000110000100010000101101100011 a
b1000111011 .
#2378000
b11111111111111111111010001111000 #
b11111111111111111111010001111000 b
b11000110000100010000110001100011 +
b11000110000100010000110001100011 a
b1000111100 .
#2379000
b11111111111111111111010001111010 #
b11111111111111111111010001111010 b
b11000110000100010000110101100011 +
b11000110000100010000110101100011 a
b1000111101 .
#2380000
b11111111111111111111010001111100 #
b11111111111111111111010001111100 b
b11000110000100010000111001100011 +
b11000110000100010000111001100011 a
b1000111110 .
0*
#2381000
b11111111111111111111010001111110 #
b11111111111111111111010001111110 b
b11000110000100010000111101100011 +
b11000110000100010000111101100011 a
b1000111111 .
#2382000
b11111111111111111111010010000000 #
b11111111111111111111010010000000 b
b11001000000100010000000001100011 +
b11001000000100010000000001100011 a
b1001000000 .
#2383000
b11111111111111111111010010000010 #
b11111111111111111111010010000010 b
b11001000000100010000000101100011 +
b11001000000100010000000101100011 a
b1001000001 .
#2384000
b11111111111111111111010010000100 #
b11111111111111111111010010000100 b
b11001000000100010000001001100011 +
b11001000000100010000001001100011 a
b1001000010 .
#2385000
b11111111111111111111010010000110 #
b11111111111111111111010010000110 b
b11001000000100010000001101100011 +
b11001000000100010000001101100011 a
b1001000011 .
1*
#2386000
b11111111111111111111010010001000 #
b11111111111111111111010010001000 b
b11001000000100010000010001100011 +
b11001000000100010000010001100011 a
b1001000100 .
#2387000
b11111111111111111111010010001010 #
b11111111111111111111010010001010 b
b11001000000100010000010101100011 +
b11001000000100010000010101100011 a
b1001000101 .
#2388000
b11111111111111111111010010001100 #
b11111111111111111111010010001100 b
b11001000000100010000011001100011 +
b11001000000100010000011001100011 a
b1001000110 .
#2389000
b11111111111111111111010010001110 #
b11111111111111111111010010001110 b
b11001000000100010000011101100011 +
b11001000000100010000011101100011 a
b1001000111 .
#2390000
b11111111111111111111010010010000 #
b11111111111111111111010010010000 b
b11001000000100010000100001100011 +
b11001000000100010000100001100011 a
b1001001000 .
0*
#2391000
b11111111111111111111010010010010 #
b11111111111111111111010010010010 b
b11001000000100010000100101100011 +
b11001000000100010000100101100011 a
b1001001001 .
#2392000
b11111111111111111111010010010100 #
b11111111111111111111010010010100 b
b11001000000100010000101001100011 +
b11001000000100010000101001100011 a
b1001001010 .
#2393000
b11111111111111111111010010010110 #
b11111111111111111111010010010110 b
b11001000000100010000101101100011 +
b11001000000100010000101101100011 a
b1001001011 .
#2394000
b11111111111111111111010010011000 #
b11111111111111111111010010011000 b
b11001000000100010000110001100011 +
b11001000000100010000110001100011 a
b1001001100 .
#2395000
b11111111111111111111010010011010 #
b11111111111111111111010010011010 b
b11001000000100010000110101100011 +
b11001000000100010000110101100011 a
b1001001101 .
1*
#2396000
b11111111111111111111010010011100 #
b11111111111111111111010010011100 b
b11001000000100010000111001100011 +
b11001000000100010000111001100011 a
b1001001110 .
#2397000
b11111111111111111111010010011110 #
b11111111111111111111010010011110 b
b11001000000100010000111101100011 +
b11001000000100010000111101100011 a
b1001001111 .
#2398000
b11111111111111111111010010100000 #
b11111111111111111111010010100000 b
b11001010000100010000000001100011 +
b11001010000100010000000001100011 a
b1001010000 .
#2399000
b11111111111111111111010010100010 #
b11111111111111111111010010100010 b
b11001010000100010000000101100011 +
b11001010000100010000000101100011 a
b1001010001 .
#2400000
b11111111111111111111010010100100 #
b11111111111111111111010010100100 b
b11001010000100010000001001100011 +
b11001010000100010000001001100011 a
b1001010010 .
0*
#2401000
b11111111111111111111010010100110 #
b11111111111111111111010010100110 b
b11001010000100010000001101100011 +
b11001010000100010000001101100011 a
b1001010011 .
#2402000
b11111111111111111111010010101000 #
b11111111111111111111010010101000 b
b11001010000100010000010001100011 +
b11001010000100010000010001100011 a
b1001010100 .
#2403000
b11111111111111111111010010101010 #
b11111111111111111111010010101010 b
b11001010000100010000010101100011 +
b11001010000100010000010101100011 a
b1001010101 .
#2404000
b11111111111111111111010010101100 #
b11111111111111111111010010101100 b
b11001010000100010000011001100011 +
b11001010000100010000011001100011 a
b1001010110 .
#2405000
b11111111111111111111010010101110 #
b11111111111111111111010010101110 b
b11001010000100010000011101100011 +
b11001010000100010000011101100011 a
b1001010111 .
1*
#2406000
b11111111111111111111010010110000 #
b11111111111111111111010010110000 b
b11001010000100010000100001100011 +
b11001010000100010000100001100011 a
b1001011000 .
#2407000
b11111111111111111111010010110010 #
b11111111111111111111010010110010 b
b11001010000100010000100101100011 +
b11001010000100010000100101100011 a
b1001011001 .
#2408000
b11111111111111111111010010110100 #
b11111111111111111111010010110100 b
b11001010000100010000101001100011 +
b11001010000100010000101001100011 a
b1001011010 .
#2409000
b11111111111111111111010010110110 #
b11111111111111111111010010110110 b
b11001010000100010000101101100011 +
b11001010000100010000101101100011 a
b1001011011 .
#2410000
b11111111111111111111010010111000 #
b11111111111111111111010010111000 b
b11001010000100010000110001100011 +
b11001010000100010000110001100011 a
b1001011100 .
0*
#2411000
b11111111111111111111010010111010 #
b11111111111111111111010010111010 b
b11001010000100010000110101100011 +
b11001010000100010000110101100011 a
b1001011101 .
#2412000
b11111111111111111111010010111100 #
b11111111111111111111010010111100 b
b11001010000100010000111001100011 +
b11001010000100010000111001100011 a
b1001011110 .
#2413000
b11111111111111111111010010111110 #
b11111111111111111111010010111110 b
b11001010000100010000111101100011 +
b11001010000100010000111101100011 a
b1001011111 .
#2414000
b11111111111111111111010011000000 #
b11111111111111111111010011000000 b
b11001100000100010000000001100011 +
b11001100000100010000000001100011 a
b1001100000 .
#2415000
b11111111111111111111010011000010 #
b11111111111111111111010011000010 b
b11001100000100010000000101100011 +
b11001100000100010000000101100011 a
b1001100001 .
1*
#2416000
b11111111111111111111010011000100 #
b11111111111111111111010011000100 b
b11001100000100010000001001100011 +
b11001100000100010000001001100011 a
b1001100010 .
#2417000
b11111111111111111111010011000110 #
b11111111111111111111010011000110 b
b11001100000100010000001101100011 +
b11001100000100010000001101100011 a
b1001100011 .
#2418000
b11111111111111111111010011001000 #
b11111111111111111111010011001000 b
b11001100000100010000010001100011 +
b11001100000100010000010001100011 a
b1001100100 .
#2419000
b11111111111111111111010011001010 #
b11111111111111111111010011001010 b
b11001100000100010000010101100011 +
b11001100000100010000010101100011 a
b1001100101 .
#2420000
b11111111111111111111010011001100 #
b11111111111111111111010011001100 b
b11001100000100010000011001100011 +
b11001100000100010000011001100011 a
b1001100110 .
0*
#2421000
b11111111111111111111010011001110 #
b11111111111111111111010011001110 b
b11001100000100010000011101100011 +
b11001100000100010000011101100011 a
b1001100111 .
#2422000
b11111111111111111111010011010000 #
b11111111111111111111010011010000 b
b11001100000100010000100001100011 +
b11001100000100010000100001100011 a
b1001101000 .
#2423000
b11111111111111111111010011010010 #
b11111111111111111111010011010010 b
b11001100000100010000100101100011 +
b11001100000100010000100101100011 a
b1001101001 .
#2424000
b11111111111111111111010011010100 #
b11111111111111111111010011010100 b
b11001100000100010000101001100011 +
b11001100000100010000101001100011 a
b1001101010 .
#2425000
b11111111111111111111010011010110 #
b11111111111111111111010011010110 b
b11001100000100010000101101100011 +
b11001100000100010000101101100011 a
b1001101011 .
1*
#2426000
b11111111111111111111010011011000 #
b11111111111111111111010011011000 b
b11001100000100010000110001100011 +
b11001100000100010000110001100011 a
b1001101100 .
#2427000
b11111111111111111111010011011010 #
b11111111111111111111010011011010 b
b11001100000100010000110101100011 +
b11001100000100010000110101100011 a
b1001101101 .
#2428000
b11111111111111111111010011011100 #
b11111111111111111111010011011100 b
b11001100000100010000111001100011 +
b11001100000100010000111001100011 a
b1001101110 .
#2429000
b11111111111111111111010011011110 #
b11111111111111111111010011011110 b
b11001100000100010000111101100011 +
b11001100000100010000111101100011 a
b1001101111 .
#2430000
b11111111111111111111010011100000 #
b11111111111111111111010011100000 b
b11001110000100010000000001100011 +
b11001110000100010000000001100011 a
b1001110000 .
0*
#2431000
b11111111111111111111010011100010 #
b11111111111111111111010011100010 b
b11001110000100010000000101100011 +
b11001110000100010000000101100011 a
b1001110001 .
#2432000
b11111111111111111111010011100100 #
b11111111111111111111010011100100 b
b11001110000100010000001001100011 +
b11001110000100010000001001100011 a
b1001110010 .
#2433000
b11111111111111111111010011100110 #
b11111111111111111111010011100110 b
b11001110000100010000001101100011 +
b11001110000100010000001101100011 a
b1001110011 .
#2434000
b11111111111111111111010011101000 #
b11111111111111111111010011101000 b
b11001110000100010000010001100011 +
b11001110000100010000010001100011 a
b1001110100 .
#2435000
b11111111111111111111010011101010 #
b11111111111111111111010011101010 b
b11001110000100010000010101100011 +
b11001110000100010000010101100011 a
b1001110101 .
1*
#2436000
b11111111111111111111010011101100 #
b11111111111111111111010011101100 b
b11001110000100010000011001100011 +
b11001110000100010000011001100011 a
b1001110110 .
#2437000
b11111111111111111111010011101110 #
b11111111111111111111010011101110 b
b11001110000100010000011101100011 +
b11001110000100010000011101100011 a
b1001110111 .
#2438000
b11111111111111111111010011110000 #
b11111111111111111111010011110000 b
b11001110000100010000100001100011 +
b11001110000100010000100001100011 a
b1001111000 .
#2439000
b11111111111111111111010011110010 #
b11111111111111111111010011110010 b
b11001110000100010000100101100011 +
b11001110000100010000100101100011 a
b1001111001 .
#2440000
b11111111111111111111010011110100 #
b11111111111111111111010011110100 b
b11001110000100010000101001100011 +
b11001110000100010000101001100011 a
b1001111010 .
0*
#2441000
b11111111111111111111010011110110 #
b11111111111111111111010011110110 b
b11001110000100010000101101100011 +
b11001110000100010000101101100011 a
b1001111011 .
#2442000
b11111111111111111111010011111000 #
b11111111111111111111010011111000 b
b11001110000100010000110001100011 +
b11001110000100010000110001100011 a
b1001111100 .
#2443000
b11111111111111111111010011111010 #
b11111111111111111111010011111010 b
b11001110000100010000110101100011 +
b11001110000100010000110101100011 a
b1001111101 .
#2444000
b11111111111111111111010011111100 #
b11111111111111111111010011111100 b
b11001110000100010000111001100011 +
b11001110000100010000111001100011 a
b1001111110 .
#2445000
b11111111111111111111010011111110 #
b11111111111111111111010011111110 b
b11001110000100010000111101100011 +
b11001110000100010000111101100011 a
b1001111111 .
1*
#2446000
b11111111111111111111010100000000 #
b11111111111111111111010100000000 b
b11010000000100010000000001100011 +
b11010000000100010000000001100011 a
b1010000000 .
#2447000
b11111111111111111111010100000010 #
b11111111111111111111010100000010 b
b11010000000100010000000101100011 +
b11010000000100010000000101100011 a
b1010000001 .
#2448000
b11111111111111111111010100000100 #
b11111111111111111111010100000100 b
b11010000000100010000001001100011 +
b11010000000100010000001001100011 a
b1010000010 .
#2449000
b11111111111111111111010100000110 #
b11111111111111111111010100000110 b
b11010000000100010000001101100011 +
b11010000000100010000001101100011 a
b1010000011 .
#2450000
b11111111111111111111010100001000 #
b11111111111111111111010100001000 b
b11010000000100010000010001100011 +
b11010000000100010000010001100011 a
b1010000100 .
0*
#2451000
b11111111111111111111010100001010 #
b11111111111111111111010100001010 b
b11010000000100010000010101100011 +
b11010000000100010000010101100011 a
b1010000101 .
#2452000
b11111111111111111111010100001100 #
b11111111111111111111010100001100 b
b11010000000100010000011001100011 +
b11010000000100010000011001100011 a
b1010000110 .
#2453000
b11111111111111111111010100001110 #
b11111111111111111111010100001110 b
b11010000000100010000011101100011 +
b11010000000100010000011101100011 a
b1010000111 .
#2454000
b11111111111111111111010100010000 #
b11111111111111111111010100010000 b
b11010000000100010000100001100011 +
b11010000000100010000100001100011 a
b1010001000 .
#2455000
b11111111111111111111010100010010 #
b11111111111111111111010100010010 b
b11010000000100010000100101100011 +
b11010000000100010000100101100011 a
b1010001001 .
1*
#2456000
b11111111111111111111010100010100 #
b11111111111111111111010100010100 b
b11010000000100010000101001100011 +
b11010000000100010000101001100011 a
b1010001010 .
#2457000
b11111111111111111111010100010110 #
b11111111111111111111010100010110 b
b11010000000100010000101101100011 +
b11010000000100010000101101100011 a
b1010001011 .
#2458000
b11111111111111111111010100011000 #
b11111111111111111111010100011000 b
b11010000000100010000110001100011 +
b11010000000100010000110001100011 a
b1010001100 .
#2459000
b11111111111111111111010100011010 #
b11111111111111111111010100011010 b
b11010000000100010000110101100011 +
b11010000000100010000110101100011 a
b1010001101 .
#2460000
b11111111111111111111010100011100 #
b11111111111111111111010100011100 b
b11010000000100010000111001100011 +
b11010000000100010000111001100011 a
b1010001110 .
0*
#2461000
b11111111111111111111010100011110 #
b11111111111111111111010100011110 b
b11010000000100010000111101100011 +
b11010000000100010000111101100011 a
b1010001111 .
#2462000
b11111111111111111111010100100000 #
b11111111111111111111010100100000 b
b11010010000100010000000001100011 +
b11010010000100010000000001100011 a
b1010010000 .
#2463000
b11111111111111111111010100100010 #
b11111111111111111111010100100010 b
b11010010000100010000000101100011 +
b11010010000100010000000101100011 a
b1010010001 .
#2464000
b11111111111111111111010100100100 #
b11111111111111111111010100100100 b
b11010010000100010000001001100011 +
b11010010000100010000001001100011 a
b1010010010 .
#2465000
b11111111111111111111010100100110 #
b11111111111111111111010100100110 b
b11010010000100010000001101100011 +
b11010010000100010000001101100011 a
b1010010011 .
1*
#2466000
b11111111111111111111010100101000 #
b11111111111111111111010100101000 b
b11010010000100010000010001100011 +
b11010010000100010000010001100011 a
b1010010100 .
#2467000
b11111111111111111111010100101010 #
b11111111111111111111010100101010 b
b11010010000100010000010101100011 +
b11010010000100010000010101100011 a
b1010010101 .
#2468000
b11111111111111111111010100101100 #
b11111111111111111111010100101100 b
b11010010000100010000011001100011 +
b11010010000100010000011001100011 a
b1010010110 .
#2469000
b11111111111111111111010100101110 #
b11111111111111111111010100101110 b
b11010010000100010000011101100011 +
b11010010000100010000011101100011 a
b1010010111 .
#2470000
b11111111111111111111010100110000 #
b11111111111111111111010100110000 b
b11010010000100010000100001100011 +
b11010010000100010000100001100011 a
b1010011000 .
0*
#2471000
b11111111111111111111010100110010 #
b11111111111111111111010100110010 b
b11010010000100010000100101100011 +
b11010010000100010000100101100011 a
b1010011001 .
#2472000
b11111111111111111111010100110100 #
b11111111111111111111010100110100 b
b11010010000100010000101001100011 +
b11010010000100010000101001100011 a
b1010011010 .
#2473000
b11111111111111111111010100110110 #
b11111111111111111111010100110110 b
b11010010000100010000101101100011 +
b11010010000100010000101101100011 a
b1010011011 .
#2474000
b11111111111111111111010100111000 #
b11111111111111111111010100111000 b
b11010010000100010000110001100011 +
b11010010000100010000110001100011 a
b1010011100 .
#2475000
b11111111111111111111010100111010 #
b11111111111111111111010100111010 b
b11010010000100010000110101100011 +
b11010010000100010000110101100011 a
b1010011101 .
1*
#2476000
b11111111111111111111010100111100 #
b11111111111111111111010100111100 b
b11010010000100010000111001100011 +
b11010010000100010000111001100011 a
b1010011110 .
#2477000
b11111111111111111111010100111110 #
b11111111111111111111010100111110 b
b11010010000100010000111101100011 +
b11010010000100010000111101100011 a
b1010011111 .
#2478000
b11111111111111111111010101000000 #
b11111111111111111111010101000000 b
b11010100000100010000000001100011 +
b11010100000100010000000001100011 a
b1010100000 .
#2479000
b11111111111111111111010101000010 #
b11111111111111111111010101000010 b
b11010100000100010000000101100011 +
b11010100000100010000000101100011 a
b1010100001 .
#2480000
b11111111111111111111010101000100 #
b11111111111111111111010101000100 b
b11010100000100010000001001100011 +
b11010100000100010000001001100011 a
b1010100010 .
0*
#2481000
b11111111111111111111010101000110 #
b11111111111111111111010101000110 b
b11010100000100010000001101100011 +
b11010100000100010000001101100011 a
b1010100011 .
#2482000
b11111111111111111111010101001000 #
b11111111111111111111010101001000 b
b11010100000100010000010001100011 +
b11010100000100010000010001100011 a
b1010100100 .
#2483000
b11111111111111111111010101001010 #
b11111111111111111111010101001010 b
b11010100000100010000010101100011 +
b11010100000100010000010101100011 a
b1010100101 .
#2484000
b11111111111111111111010101001100 #
b11111111111111111111010101001100 b
b11010100000100010000011001100011 +
b11010100000100010000011001100011 a
b1010100110 .
#2485000
b11111111111111111111010101001110 #
b11111111111111111111010101001110 b
b11010100000100010000011101100011 +
b11010100000100010000011101100011 a
b1010100111 .
1*
#2486000
b11111111111111111111010101010000 #
b11111111111111111111010101010000 b
b11010100000100010000100001100011 +
b11010100000100010000100001100011 a
b1010101000 .
#2487000
b11111111111111111111010101010010 #
b11111111111111111111010101010010 b
b11010100000100010000100101100011 +
b11010100000100010000100101100011 a
b1010101001 .
#2488000
b11111111111111111111010101010100 #
b11111111111111111111010101010100 b
b11010100000100010000101001100011 +
b11010100000100010000101001100011 a
b1010101010 .
#2489000
b11111111111111111111010101010110 #
b11111111111111111111010101010110 b
b11010100000100010000101101100011 +
b11010100000100010000101101100011 a
b1010101011 .
#2490000
b11111111111111111111010101011000 #
b11111111111111111111010101011000 b
b11010100000100010000110001100011 +
b11010100000100010000110001100011 a
b1010101100 .
0*
#2491000
b11111111111111111111010101011010 #
b11111111111111111111010101011010 b
b11010100000100010000110101100011 +
b11010100000100010000110101100011 a
b1010101101 .
#2492000
b11111111111111111111010101011100 #
b11111111111111111111010101011100 b
b11010100000100010000111001100011 +
b11010100000100010000111001100011 a
b1010101110 .
#2493000
b11111111111111111111010101011110 #
b11111111111111111111010101011110 b
b11010100000100010000111101100011 +
b11010100000100010000111101100011 a
b1010101111 .
#2494000
b11111111111111111111010101100000 #
b11111111111111111111010101100000 b
b11010110000100010000000001100011 +
b11010110000100010000000001100011 a
b1010110000 .
#2495000
b11111111111111111111010101100010 #
b11111111111111111111010101100010 b
b11010110000100010000000101100011 +
b11010110000100010000000101100011 a
b1010110001 .
1*
#2496000
b11111111111111111111010101100100 #
b11111111111111111111010101100100 b
b11010110000100010000001001100011 +
b11010110000100010000001001100011 a
b1010110010 .
#2497000
b11111111111111111111010101100110 #
b11111111111111111111010101100110 b
b11010110000100010000001101100011 +
b11010110000100010000001101100011 a
b1010110011 .
#2498000
b11111111111111111111010101101000 #
b11111111111111111111010101101000 b
b11010110000100010000010001100011 +
b11010110000100010000010001100011 a
b1010110100 .
#2499000
b11111111111111111111010101101010 #
b11111111111111111111010101101010 b
b11010110000100010000010101100011 +
b11010110000100010000010101100011 a
b1010110101 .
#2500000
b11111111111111111111010101101100 #
b11111111111111111111010101101100 b
b11010110000100010000011001100011 +
b11010110000100010000011001100011 a
b1010110110 .
0*
#2501000
b11111111111111111111010101101110 #
b11111111111111111111010101101110 b
b11010110000100010000011101100011 +
b11010110000100010000011101100011 a
b1010110111 .
#2502000
b11111111111111111111010101110000 #
b11111111111111111111010101110000 b
b11010110000100010000100001100011 +
b11010110000100010000100001100011 a
b1010111000 .
#2503000
b11111111111111111111010101110010 #
b11111111111111111111010101110010 b
b11010110000100010000100101100011 +
b11010110000100010000100101100011 a
b1010111001 .
#2504000
b11111111111111111111010101110100 #
b11111111111111111111010101110100 b
b11010110000100010000101001100011 +
b11010110000100010000101001100011 a
b1010111010 .
#2505000
b11111111111111111111010101110110 #
b11111111111111111111010101110110 b
b11010110000100010000101101100011 +
b11010110000100010000101101100011 a
b1010111011 .
1*
#2506000
b11111111111111111111010101111000 #
b11111111111111111111010101111000 b
b11010110000100010000110001100011 +
b11010110000100010000110001100011 a
b1010111100 .
#2507000
b11111111111111111111010101111010 #
b11111111111111111111010101111010 b
b11010110000100010000110101100011 +
b11010110000100010000110101100011 a
b1010111101 .
#2508000
b11111111111111111111010101111100 #
b11111111111111111111010101111100 b
b11010110000100010000111001100011 +
b11010110000100010000111001100011 a
b1010111110 .
#2509000
b11111111111111111111010101111110 #
b11111111111111111111010101111110 b
b11010110000100010000111101100011 +
b11010110000100010000111101100011 a
b1010111111 .
#2510000
b11111111111111111111010110000000 #
b11111111111111111111010110000000 b
b11011000000100010000000001100011 +
b11011000000100010000000001100011 a
b1011000000 .
0*
#2511000
b11111111111111111111010110000010 #
b11111111111111111111010110000010 b
b11011000000100010000000101100011 +
b11011000000100010000000101100011 a
b1011000001 .
#2512000
b11111111111111111111010110000100 #
b11111111111111111111010110000100 b
b11011000000100010000001001100011 +
b11011000000100010000001001100011 a
b1011000010 .
#2513000
b11111111111111111111010110000110 #
b11111111111111111111010110000110 b
b11011000000100010000001101100011 +
b11011000000100010000001101100011 a
b1011000011 .
#2514000
b11111111111111111111010110001000 #
b11111111111111111111010110001000 b
b11011000000100010000010001100011 +
b11011000000100010000010001100011 a
b1011000100 .
#2515000
b11111111111111111111010110001010 #
b11111111111111111111010110001010 b
b11011000000100010000010101100011 +
b11011000000100010000010101100011 a
b1011000101 .
1*
#2516000
b11111111111111111111010110001100 #
b11111111111111111111010110001100 b
b11011000000100010000011001100011 +
b11011000000100010000011001100011 a
b1011000110 .
#2517000
b11111111111111111111010110001110 #
b11111111111111111111010110001110 b
b11011000000100010000011101100011 +
b11011000000100010000011101100011 a
b1011000111 .
#2518000
b11111111111111111111010110010000 #
b11111111111111111111010110010000 b
b11011000000100010000100001100011 +
b11011000000100010000100001100011 a
b1011001000 .
#2519000
b11111111111111111111010110010010 #
b11111111111111111111010110010010 b
b11011000000100010000100101100011 +
b11011000000100010000100101100011 a
b1011001001 .
#2520000
b11111111111111111111010110010100 #
b11111111111111111111010110010100 b
b11011000000100010000101001100011 +
b11011000000100010000101001100011 a
b1011001010 .
0*
#2521000
b11111111111111111111010110010110 #
b11111111111111111111010110010110 b
b11011000000100010000101101100011 +
b11011000000100010000101101100011 a
b1011001011 .
#2522000
b11111111111111111111010110011000 #
b11111111111111111111010110011000 b
b11011000000100010000110001100011 +
b11011000000100010000110001100011 a
b1011001100 .
#2523000
b11111111111111111111010110011010 #
b11111111111111111111010110011010 b
b11011000000100010000110101100011 +
b11011000000100010000110101100011 a
b1011001101 .
#2524000
b11111111111111111111010110011100 #
b11111111111111111111010110011100 b
b11011000000100010000111001100011 +
b11011000000100010000111001100011 a
b1011001110 .
#2525000
b11111111111111111111010110011110 #
b11111111111111111111010110011110 b
b11011000000100010000111101100011 +
b11011000000100010000111101100011 a
b1011001111 .
1*
#2526000
b11111111111111111111010110100000 #
b11111111111111111111010110100000 b
b11011010000100010000000001100011 +
b11011010000100010000000001100011 a
b1011010000 .
#2527000
b11111111111111111111010110100010 #
b11111111111111111111010110100010 b
b11011010000100010000000101100011 +
b11011010000100010000000101100011 a
b1011010001 .
#2528000
b11111111111111111111010110100100 #
b11111111111111111111010110100100 b
b11011010000100010000001001100011 +
b11011010000100010000001001100011 a
b1011010010 .
#2529000
b11111111111111111111010110100110 #
b11111111111111111111010110100110 b
b11011010000100010000001101100011 +
b11011010000100010000001101100011 a
b1011010011 .
#2530000
b11111111111111111111010110101000 #
b11111111111111111111010110101000 b
b11011010000100010000010001100011 +
b11011010000100010000010001100011 a
b1011010100 .
0*
#2531000
b11111111111111111111010110101010 #
b11111111111111111111010110101010 b
b11011010000100010000010101100011 +
b11011010000100010000010101100011 a
b1011010101 .
#2532000
b11111111111111111111010110101100 #
b11111111111111111111010110101100 b
b11011010000100010000011001100011 +
b11011010000100010000011001100011 a
b1011010110 .
#2533000
b11111111111111111111010110101110 #
b11111111111111111111010110101110 b
b11011010000100010000011101100011 +
b11011010000100010000011101100011 a
b1011010111 .
#2534000
b11111111111111111111010110110000 #
b11111111111111111111010110110000 b
b11011010000100010000100001100011 +
b11011010000100010000100001100011 a
b1011011000 .
#2535000
b11111111111111111111010110110010 #
b11111111111111111111010110110010 b
b11011010000100010000100101100011 +
b11011010000100010000100101100011 a
b1011011001 .
1*
#2536000
b11111111111111111111010110110100 #
b11111111111111111111010110110100 b
b11011010000100010000101001100011 +
b11011010000100010000101001100011 a
b1011011010 .
#2537000
b11111111111111111111010110110110 #
b11111111111111111111010110110110 b
b11011010000100010000101101100011 +
b11011010000100010000101101100011 a
b1011011011 .
#2538000
b11111111111111111111010110111000 #
b11111111111111111111010110111000 b
b11011010000100010000110001100011 +
b11011010000100010000110001100011 a
b1011011100 .
#2539000
b11111111111111111111010110111010 #
b11111111111111111111010110111010 b
b11011010000100010000110101100011 +
b11011010000100010000110101100011 a
b1011011101 .
#2540000
b11111111111111111111010110111100 #
b11111111111111111111010110111100 b
b11011010000100010000111001100011 +
b11011010000100010000111001100011 a
b1011011110 .
0*
#2541000
b11111111111111111111010110111110 #
b11111111111111111111010110111110 b
b11011010000100010000111101100011 +
b11011010000100010000111101100011 a
b1011011111 .
#2542000
b11111111111111111111010111000000 #
b11111111111111111111010111000000 b
b11011100000100010000000001100011 +
b11011100000100010000000001100011 a
b1011100000 .
#2543000
b11111111111111111111010111000010 #
b11111111111111111111010111000010 b
b11011100000100010000000101100011 +
b11011100000100010000000101100011 a
b1011100001 .
#2544000
b11111111111111111111010111000100 #
b11111111111111111111010111000100 b
b11011100000100010000001001100011 +
b11011100000100010000001001100011 a
b1011100010 .
#2545000
b11111111111111111111010111000110 #
b11111111111111111111010111000110 b
b11011100000100010000001101100011 +
b11011100000100010000001101100011 a
b1011100011 .
1*
#2546000
b11111111111111111111010111001000 #
b11111111111111111111010111001000 b
b11011100000100010000010001100011 +
b11011100000100010000010001100011 a
b1011100100 .
#2547000
b11111111111111111111010111001010 #
b11111111111111111111010111001010 b
b11011100000100010000010101100011 +
b11011100000100010000010101100011 a
b1011100101 .
#2548000
b11111111111111111111010111001100 #
b11111111111111111111010111001100 b
b11011100000100010000011001100011 +
b11011100000100010000011001100011 a
b1011100110 .
#2549000
b11111111111111111111010111001110 #
b11111111111111111111010111001110 b
b11011100000100010000011101100011 +
b11011100000100010000011101100011 a
b1011100111 .
#2550000
b11111111111111111111010111010000 #
b11111111111111111111010111010000 b
b11011100000100010000100001100011 +
b11011100000100010000100001100011 a
b1011101000 .
0*
#2551000
b11111111111111111111010111010010 #
b11111111111111111111010111010010 b
b11011100000100010000100101100011 +
b11011100000100010000100101100011 a
b1011101001 .
#2552000
b11111111111111111111010111010100 #
b11111111111111111111010111010100 b
b11011100000100010000101001100011 +
b11011100000100010000101001100011 a
b1011101010 .
#2553000
b11111111111111111111010111010110 #
b11111111111111111111010111010110 b
b11011100000100010000101101100011 +
b11011100000100010000101101100011 a
b1011101011 .
#2554000
b11111111111111111111010111011000 #
b11111111111111111111010111011000 b
b11011100000100010000110001100011 +
b11011100000100010000110001100011 a
b1011101100 .
#2555000
b11111111111111111111010111011010 #
b11111111111111111111010111011010 b
b11011100000100010000110101100011 +
b11011100000100010000110101100011 a
b1011101101 .
1*
#2556000
b11111111111111111111010111011100 #
b11111111111111111111010111011100 b
b11011100000100010000111001100011 +
b11011100000100010000111001100011 a
b1011101110 .
#2557000
b11111111111111111111010111011110 #
b11111111111111111111010111011110 b
b11011100000100010000111101100011 +
b11011100000100010000111101100011 a
b1011101111 .
#2558000
b11111111111111111111010111100000 #
b11111111111111111111010111100000 b
b11011110000100010000000001100011 +
b11011110000100010000000001100011 a
b1011110000 .
#2559000
b11111111111111111111010111100010 #
b11111111111111111111010111100010 b
b11011110000100010000000101100011 +
b11011110000100010000000101100011 a
b1011110001 .
#2560000
b11111111111111111111010111100100 #
b11111111111111111111010111100100 b
b11011110000100010000001001100011 +
b11011110000100010000001001100011 a
b1011110010 .
0*
#2561000
b11111111111111111111010111100110 #
b11111111111111111111010111100110 b
b11011110000100010000001101100011 +
b11011110000100010000001101100011 a
b1011110011 .
#2562000
b11111111111111111111010111101000 #
b11111111111111111111010111101000 b
b11011110000100010000010001100011 +
b11011110000100010000010001100011 a
b1011110100 .
#2563000
b11111111111111111111010111101010 #
b11111111111111111111010111101010 b
b11011110000100010000010101100011 +
b11011110000100010000010101100011 a
b1011110101 .
#2564000
b11111111111111111111010111101100 #
b11111111111111111111010111101100 b
b11011110000100010000011001100011 +
b11011110000100010000011001100011 a
b1011110110 .
#2565000
b11111111111111111111010111101110 #
b11111111111111111111010111101110 b
b11011110000100010000011101100011 +
b11011110000100010000011101100011 a
b1011110111 .
1*
#2566000
b11111111111111111111010111110000 #
b11111111111111111111010111110000 b
b11011110000100010000100001100011 +
b11011110000100010000100001100011 a
b1011111000 .
#2567000
b11111111111111111111010111110010 #
b11111111111111111111010111110010 b
b11011110000100010000100101100011 +
b11011110000100010000100101100011 a
b1011111001 .
#2568000
b11111111111111111111010111110100 #
b11111111111111111111010111110100 b
b11011110000100010000101001100011 +
b11011110000100010000101001100011 a
b1011111010 .
#2569000
b11111111111111111111010111110110 #
b11111111111111111111010111110110 b
b11011110000100010000101101100011 +
b11011110000100010000101101100011 a
b1011111011 .
#2570000
b11111111111111111111010111111000 #
b11111111111111111111010111111000 b
b11011110000100010000110001100011 +
b11011110000100010000110001100011 a
b1011111100 .
0*
#2571000
b11111111111111111111010111111010 #
b11111111111111111111010111111010 b
b11011110000100010000110101100011 +
b11011110000100010000110101100011 a
b1011111101 .
#2572000
b11111111111111111111010111111100 #
b11111111111111111111010111111100 b
b11011110000100010000111001100011 +
b11011110000100010000111001100011 a
b1011111110 .
#2573000
b11111111111111111111010111111110 #
b11111111111111111111010111111110 b
b11011110000100010000111101100011 +
b11011110000100010000111101100011 a
b1011111111 .
#2574000
b11111111111111111111011000000000 #
b11111111111111111111011000000000 b
b11100000000100010000000001100011 +
b11100000000100010000000001100011 a
b1100000000 .
#2575000
b11111111111111111111011000000010 #
b11111111111111111111011000000010 b
b11100000000100010000000101100011 +
b11100000000100010000000101100011 a
b1100000001 .
1*
#2576000
b11111111111111111111011000000100 #
b11111111111111111111011000000100 b
b11100000000100010000001001100011 +
b11100000000100010000001001100011 a
b1100000010 .
#2577000
b11111111111111111111011000000110 #
b11111111111111111111011000000110 b
b11100000000100010000001101100011 +
b11100000000100010000001101100011 a
b1100000011 .
#2578000
b11111111111111111111011000001000 #
b11111111111111111111011000001000 b
b11100000000100010000010001100011 +
b11100000000100010000010001100011 a
b1100000100 .
#2579000
b11111111111111111111011000001010 #
b11111111111111111111011000001010 b
b11100000000100010000010101100011 +
b11100000000100010000010101100011 a
b1100000101 .
#2580000
b11111111111111111111011000001100 #
b11111111111111111111011000001100 b
b11100000000100010000011001100011 +
b11100000000100010000011001100011 a
b1100000110 .
0*
#2581000
b11111111111111111111011000001110 #
b11111111111111111111011000001110 b
b11100000000100010000011101100011 +
b11100000000100010000011101100011 a
b1100000111 .
#2582000
b11111111111111111111011000010000 #
b11111111111111111111011000010000 b
b11100000000100010000100001100011 +
b11100000000100010000100001100011 a
b1100001000 .
#2583000
b11111111111111111111011000010010 #
b11111111111111111111011000010010 b
b11100000000100010000100101100011 +
b11100000000100010000100101100011 a
b1100001001 .
#2584000
b11111111111111111111011000010100 #
b11111111111111111111011000010100 b
b11100000000100010000101001100011 +
b11100000000100010000101001100011 a
b1100001010 .
#2585000
b11111111111111111111011000010110 #
b11111111111111111111011000010110 b
b11100000000100010000101101100011 +
b11100000000100010000101101100011 a
b1100001011 .
1*
#2586000
b11111111111111111111011000011000 #
b11111111111111111111011000011000 b
b11100000000100010000110001100011 +
b11100000000100010000110001100011 a
b1100001100 .
#2587000
b11111111111111111111011000011010 #
b11111111111111111111011000011010 b
b11100000000100010000110101100011 +
b11100000000100010000110101100011 a
b1100001101 .
#2588000
b11111111111111111111011000011100 #
b11111111111111111111011000011100 b
b11100000000100010000111001100011 +
b11100000000100010000111001100011 a
b1100001110 .
#2589000
b11111111111111111111011000011110 #
b11111111111111111111011000011110 b
b11100000000100010000111101100011 +
b11100000000100010000111101100011 a
b1100001111 .
#2590000
b11111111111111111111011000100000 #
b11111111111111111111011000100000 b
b11100010000100010000000001100011 +
b11100010000100010000000001100011 a
b1100010000 .
0*
#2591000
b11111111111111111111011000100010 #
b11111111111111111111011000100010 b
b11100010000100010000000101100011 +
b11100010000100010000000101100011 a
b1100010001 .
#2592000
b11111111111111111111011000100100 #
b11111111111111111111011000100100 b
b11100010000100010000001001100011 +
b11100010000100010000001001100011 a
b1100010010 .
#2593000
b11111111111111111111011000100110 #
b11111111111111111111011000100110 b
b11100010000100010000001101100011 +
b11100010000100010000001101100011 a
b1100010011 .
#2594000
b11111111111111111111011000101000 #
b11111111111111111111011000101000 b
b11100010000100010000010001100011 +
b11100010000100010000010001100011 a
b1100010100 .
#2595000
b11111111111111111111011000101010 #
b11111111111111111111011000101010 b
b11100010000100010000010101100011 +
b11100010000100010000010101100011 a
b1100010101 .
1*
#2596000
b11111111111111111111011000101100 #
b11111111111111111111011000101100 b
b11100010000100010000011001100011 +
b11100010000100010000011001100011 a
b1100010110 .
#2597000
b11111111111111111111011000101110 #
b11111111111111111111011000101110 b
b11100010000100010000011101100011 +
b11100010000100010000011101100011 a
b1100010111 .
#2598000
b11111111111111111111011000110000 #
b11111111111111111111011000110000 b
b11100010000100010000100001100011 +
b11100010000100010000100001100011 a
b1100011000 .
#2599000
b11111111111111111111011000110010 #
b11111111111111111111011000110010 b
b11100010000100010000100101100011 +
b11100010000100010000100101100011 a
b1100011001 .
#2600000
b11111111111111111111011000110100 #
b11111111111111111111011000110100 b
b11100010000100010000101001100011 +
b11100010000100010000101001100011 a
b1100011010 .
0*
#2601000
b11111111111111111111011000110110 #
b11111111111111111111011000110110 b
b11100010000100010000101101100011 +
b11100010000100010000101101100011 a
b1100011011 .
#2602000
b11111111111111111111011000111000 #
b11111111111111111111011000111000 b
b11100010000100010000110001100011 +
b11100010000100010000110001100011 a
b1100011100 .
#2603000
b11111111111111111111011000111010 #
b11111111111111111111011000111010 b
b11100010000100010000110101100011 +
b11100010000100010000110101100011 a
b1100011101 .
#2604000
b11111111111111111111011000111100 #
b11111111111111111111011000111100 b
b11100010000100010000111001100011 +
b11100010000100010000111001100011 a
b1100011110 .
#2605000
b11111111111111111111011000111110 #
b11111111111111111111011000111110 b
b11100010000100010000111101100011 +
b11100010000100010000111101100011 a
b1100011111 .
1*
#2606000
b11111111111111111111011001000000 #
b11111111111111111111011001000000 b
b11100100000100010000000001100011 +
b11100100000100010000000001100011 a
b1100100000 .
#2607000
b11111111111111111111011001000010 #
b11111111111111111111011001000010 b
b11100100000100010000000101100011 +
b11100100000100010000000101100011 a
b1100100001 .
#2608000
b11111111111111111111011001000100 #
b11111111111111111111011001000100 b
b11100100000100010000001001100011 +
b11100100000100010000001001100011 a
b1100100010 .
#2609000
b11111111111111111111011001000110 #
b11111111111111111111011001000110 b
b11100100000100010000001101100011 +
b11100100000100010000001101100011 a
b1100100011 .
#2610000
b11111111111111111111011001001000 #
b11111111111111111111011001001000 b
b11100100000100010000010001100011 +
b11100100000100010000010001100011 a
b1100100100 .
0*
#2611000
b11111111111111111111011001001010 #
b11111111111111111111011001001010 b
b11100100000100010000010101100011 +
b11100100000100010000010101100011 a
b1100100101 .
#2612000
b11111111111111111111011001001100 #
b11111111111111111111011001001100 b
b11100100000100010000011001100011 +
b11100100000100010000011001100011 a
b1100100110 .
#2613000
b11111111111111111111011001001110 #
b11111111111111111111011001001110 b
b11100100000100010000011101100011 +
b11100100000100010000011101100011 a
b1100100111 .
#2614000
b11111111111111111111011001010000 #
b11111111111111111111011001010000 b
b11100100000100010000100001100011 +
b11100100000100010000100001100011 a
b1100101000 .
#2615000
b11111111111111111111011001010010 #
b11111111111111111111011001010010 b
b11100100000100010000100101100011 +
b11100100000100010000100101100011 a
b1100101001 .
1*
#2616000
b11111111111111111111011001010100 #
b11111111111111111111011001010100 b
b11100100000100010000101001100011 +
b11100100000100010000101001100011 a
b1100101010 .
#2617000
b11111111111111111111011001010110 #
b11111111111111111111011001010110 b
b11100100000100010000101101100011 +
b11100100000100010000101101100011 a
b1100101011 .
#2618000
b11111111111111111111011001011000 #
b11111111111111111111011001011000 b
b11100100000100010000110001100011 +
b11100100000100010000110001100011 a
b1100101100 .
#2619000
b11111111111111111111011001011010 #
b11111111111111111111011001011010 b
b11100100000100010000110101100011 +
b11100100000100010000110101100011 a
b1100101101 .
#2620000
b11111111111111111111011001011100 #
b11111111111111111111011001011100 b
b11100100000100010000111001100011 +
b11100100000100010000111001100011 a
b1100101110 .
0*
#2621000
b11111111111111111111011001011110 #
b11111111111111111111011001011110 b
b11100100000100010000111101100011 +
b11100100000100010000111101100011 a
b1100101111 .
#2622000
b11111111111111111111011001100000 #
b11111111111111111111011001100000 b
b11100110000100010000000001100011 +
b11100110000100010000000001100011 a
b1100110000 .
#2623000
b11111111111111111111011001100010 #
b11111111111111111111011001100010 b
b11100110000100010000000101100011 +
b11100110000100010000000101100011 a
b1100110001 .
#2624000
b11111111111111111111011001100100 #
b11111111111111111111011001100100 b
b11100110000100010000001001100011 +
b11100110000100010000001001100011 a
b1100110010 .
#2625000
b11111111111111111111011001100110 #
b11111111111111111111011001100110 b
b11100110000100010000001101100011 +
b11100110000100010000001101100011 a
b1100110011 .
1*
#2626000
b11111111111111111111011001101000 #
b11111111111111111111011001101000 b
b11100110000100010000010001100011 +
b11100110000100010000010001100011 a
b1100110100 .
#2627000
b11111111111111111111011001101010 #
b11111111111111111111011001101010 b
b11100110000100010000010101100011 +
b11100110000100010000010101100011 a
b1100110101 .
#2628000
b11111111111111111111011001101100 #
b11111111111111111111011001101100 b
b11100110000100010000011001100011 +
b11100110000100010000011001100011 a
b1100110110 .
#2629000
b11111111111111111111011001101110 #
b11111111111111111111011001101110 b
b11100110000100010000011101100011 +
b11100110000100010000011101100011 a
b1100110111 .
#2630000
b11111111111111111111011001110000 #
b11111111111111111111011001110000 b
b11100110000100010000100001100011 +
b11100110000100010000100001100011 a
b1100111000 .
0*
#2631000
b11111111111111111111011001110010 #
b11111111111111111111011001110010 b
b11100110000100010000100101100011 +
b11100110000100010000100101100011 a
b1100111001 .
#2632000
b11111111111111111111011001110100 #
b11111111111111111111011001110100 b
b11100110000100010000101001100011 +
b11100110000100010000101001100011 a
b1100111010 .
#2633000
b11111111111111111111011001110110 #
b11111111111111111111011001110110 b
b11100110000100010000101101100011 +
b11100110000100010000101101100011 a
b1100111011 .
#2634000
b11111111111111111111011001111000 #
b11111111111111111111011001111000 b
b11100110000100010000110001100011 +
b11100110000100010000110001100011 a
b1100111100 .
#2635000
b11111111111111111111011001111010 #
b11111111111111111111011001111010 b
b11100110000100010000110101100011 +
b11100110000100010000110101100011 a
b1100111101 .
1*
#2636000
b11111111111111111111011001111100 #
b11111111111111111111011001111100 b
b11100110000100010000111001100011 +
b11100110000100010000111001100011 a
b1100111110 .
#2637000
b11111111111111111111011001111110 #
b11111111111111111111011001111110 b
b11100110000100010000111101100011 +
b11100110000100010000111101100011 a
b1100111111 .
#2638000
b11111111111111111111011010000000 #
b11111111111111111111011010000000 b
b11101000000100010000000001100011 +
b11101000000100010000000001100011 a
b1101000000 .
#2639000
b11111111111111111111011010000010 #
b11111111111111111111011010000010 b
b11101000000100010000000101100011 +
b11101000000100010000000101100011 a
b1101000001 .
#2640000
b11111111111111111111011010000100 #
b11111111111111111111011010000100 b
b11101000000100010000001001100011 +
b11101000000100010000001001100011 a
b1101000010 .
0*
#2641000
b11111111111111111111011010000110 #
b11111111111111111111011010000110 b
b11101000000100010000001101100011 +
b11101000000100010000001101100011 a
b1101000011 .
#2642000
b11111111111111111111011010001000 #
b11111111111111111111011010001000 b
b11101000000100010000010001100011 +
b11101000000100010000010001100011 a
b1101000100 .
#2643000
b11111111111111111111011010001010 #
b11111111111111111111011010001010 b
b11101000000100010000010101100011 +
b11101000000100010000010101100011 a
b1101000101 .
#2644000
b11111111111111111111011010001100 #
b11111111111111111111011010001100 b
b11101000000100010000011001100011 +
b11101000000100010000011001100011 a
b1101000110 .
#2645000
b11111111111111111111011010001110 #
b11111111111111111111011010001110 b
b11101000000100010000011101100011 +
b11101000000100010000011101100011 a
b1101000111 .
1*
#2646000
b11111111111111111111011010010000 #
b11111111111111111111011010010000 b
b11101000000100010000100001100011 +
b11101000000100010000100001100011 a
b1101001000 .
#2647000
b11111111111111111111011010010010 #
b11111111111111111111011010010010 b
b11101000000100010000100101100011 +
b11101000000100010000100101100011 a
b1101001001 .
#2648000
b11111111111111111111011010010100 #
b11111111111111111111011010010100 b
b11101000000100010000101001100011 +
b11101000000100010000101001100011 a
b1101001010 .
#2649000
b11111111111111111111011010010110 #
b11111111111111111111011010010110 b
b11101000000100010000101101100011 +
b11101000000100010000101101100011 a
b1101001011 .
#2650000
b11111111111111111111011010011000 #
b11111111111111111111011010011000 b
b11101000000100010000110001100011 +
b11101000000100010000110001100011 a
b1101001100 .
0*
#2651000
b11111111111111111111011010011010 #
b11111111111111111111011010011010 b
b11101000000100010000110101100011 +
b11101000000100010000110101100011 a
b1101001101 .
#2652000
b11111111111111111111011010011100 #
b11111111111111111111011010011100 b
b11101000000100010000111001100011 +
b11101000000100010000111001100011 a
b1101001110 .
#2653000
b11111111111111111111011010011110 #
b11111111111111111111011010011110 b
b11101000000100010000111101100011 +
b11101000000100010000111101100011 a
b1101001111 .
#2654000
b11111111111111111111011010100000 #
b11111111111111111111011010100000 b
b11101010000100010000000001100011 +
b11101010000100010000000001100011 a
b1101010000 .
#2655000
b11111111111111111111011010100010 #
b11111111111111111111011010100010 b
b11101010000100010000000101100011 +
b11101010000100010000000101100011 a
b1101010001 .
1*
#2656000
b11111111111111111111011010100100 #
b11111111111111111111011010100100 b
b11101010000100010000001001100011 +
b11101010000100010000001001100011 a
b1101010010 .
#2657000
b11111111111111111111011010100110 #
b11111111111111111111011010100110 b
b11101010000100010000001101100011 +
b11101010000100010000001101100011 a
b1101010011 .
#2658000
b11111111111111111111011010101000 #
b11111111111111111111011010101000 b
b11101010000100010000010001100011 +
b11101010000100010000010001100011 a
b1101010100 .
#2659000
b11111111111111111111011010101010 #
b11111111111111111111011010101010 b
b11101010000100010000010101100011 +
b11101010000100010000010101100011 a
b1101010101 .
#2660000
b11111111111111111111011010101100 #
b11111111111111111111011010101100 b
b11101010000100010000011001100011 +
b11101010000100010000011001100011 a
b1101010110 .
0*
#2661000
b11111111111111111111011010101110 #
b11111111111111111111011010101110 b
b11101010000100010000011101100011 +
b11101010000100010000011101100011 a
b1101010111 .
#2662000
b11111111111111111111011010110000 #
b11111111111111111111011010110000 b
b11101010000100010000100001100011 +
b11101010000100010000100001100011 a
b1101011000 .
#2663000
b11111111111111111111011010110010 #
b11111111111111111111011010110010 b
b11101010000100010000100101100011 +
b11101010000100010000100101100011 a
b1101011001 .
#2664000
b11111111111111111111011010110100 #
b11111111111111111111011010110100 b
b11101010000100010000101001100011 +
b11101010000100010000101001100011 a
b1101011010 .
#2665000
b11111111111111111111011010110110 #
b11111111111111111111011010110110 b
b11101010000100010000101101100011 +
b11101010000100010000101101100011 a
b1101011011 .
1*
#2666000
b11111111111111111111011010111000 #
b11111111111111111111011010111000 b
b11101010000100010000110001100011 +
b11101010000100010000110001100011 a
b1101011100 .
#2667000
b11111111111111111111011010111010 #
b11111111111111111111011010111010 b
b11101010000100010000110101100011 +
b11101010000100010000110101100011 a
b1101011101 .
#2668000
b11111111111111111111011010111100 #
b11111111111111111111011010111100 b
b11101010000100010000111001100011 +
b11101010000100010000111001100011 a
b1101011110 .
#2669000
b11111111111111111111011010111110 #
b11111111111111111111011010111110 b
b11101010000100010000111101100011 +
b11101010000100010000111101100011 a
b1101011111 .
#2670000
b11111111111111111111011011000000 #
b11111111111111111111011011000000 b
b11101100000100010000000001100011 +
b11101100000100010000000001100011 a
b1101100000 .
0*
#2671000
b11111111111111111111011011000010 #
b11111111111111111111011011000010 b
b11101100000100010000000101100011 +
b11101100000100010000000101100011 a
b1101100001 .
#2672000
b11111111111111111111011011000100 #
b11111111111111111111011011000100 b
b11101100000100010000001001100011 +
b11101100000100010000001001100011 a
b1101100010 .
#2673000
b11111111111111111111011011000110 #
b11111111111111111111011011000110 b
b11101100000100010000001101100011 +
b11101100000100010000001101100011 a
b1101100011 .
#2674000
b11111111111111111111011011001000 #
b11111111111111111111011011001000 b
b11101100000100010000010001100011 +
b11101100000100010000010001100011 a
b1101100100 .
#2675000
b11111111111111111111011011001010 #
b11111111111111111111011011001010 b
b11101100000100010000010101100011 +
b11101100000100010000010101100011 a
b1101100101 .
1*
#2676000
b11111111111111111111011011001100 #
b11111111111111111111011011001100 b
b11101100000100010000011001100011 +
b11101100000100010000011001100011 a
b1101100110 .
#2677000
b11111111111111111111011011001110 #
b11111111111111111111011011001110 b
b11101100000100010000011101100011 +
b11101100000100010000011101100011 a
b1101100111 .
#2678000
b11111111111111111111011011010000 #
b11111111111111111111011011010000 b
b11101100000100010000100001100011 +
b11101100000100010000100001100011 a
b1101101000 .
#2679000
b11111111111111111111011011010010 #
b11111111111111111111011011010010 b
b11101100000100010000100101100011 +
b11101100000100010000100101100011 a
b1101101001 .
#2680000
b11111111111111111111011011010100 #
b11111111111111111111011011010100 b
b11101100000100010000101001100011 +
b11101100000100010000101001100011 a
b1101101010 .
0*
#2681000
b11111111111111111111011011010110 #
b11111111111111111111011011010110 b
b11101100000100010000101101100011 +
b11101100000100010000101101100011 a
b1101101011 .
#2682000
b11111111111111111111011011011000 #
b11111111111111111111011011011000 b
b11101100000100010000110001100011 +
b11101100000100010000110001100011 a
b1101101100 .
#2683000
b11111111111111111111011011011010 #
b11111111111111111111011011011010 b
b11101100000100010000110101100011 +
b11101100000100010000110101100011 a
b1101101101 .
#2684000
b11111111111111111111011011011100 #
b11111111111111111111011011011100 b
b11101100000100010000111001100011 +
b11101100000100010000111001100011 a
b1101101110 .
#2685000
b11111111111111111111011011011110 #
b11111111111111111111011011011110 b
b11101100000100010000111101100011 +
b11101100000100010000111101100011 a
b1101101111 .
1*
#2686000
b11111111111111111111011011100000 #
b11111111111111111111011011100000 b
b11101110000100010000000001100011 +
b11101110000100010000000001100011 a
b1101110000 .
#2687000
b11111111111111111111011011100010 #
b11111111111111111111011011100010 b
b11101110000100010000000101100011 +
b11101110000100010000000101100011 a
b1101110001 .
#2688000
b11111111111111111111011011100100 #
b11111111111111111111011011100100 b
b11101110000100010000001001100011 +
b11101110000100010000001001100011 a
b1101110010 .
#2689000
b11111111111111111111011011100110 #
b11111111111111111111011011100110 b
b11101110000100010000001101100011 +
b11101110000100010000001101100011 a
b1101110011 .
#2690000
b11111111111111111111011011101000 #
b11111111111111111111011011101000 b
b11101110000100010000010001100011 +
b11101110000100010000010001100011 a
b1101110100 .
0*
#2691000
b11111111111111111111011011101010 #
b11111111111111111111011011101010 b
b11101110000100010000010101100011 +
b11101110000100010000010101100011 a
b1101110101 .
#2692000
b11111111111111111111011011101100 #
b11111111111111111111011011101100 b
b11101110000100010000011001100011 +
b11101110000100010000011001100011 a
b1101110110 .
#2693000
b11111111111111111111011011101110 #
b11111111111111111111011011101110 b
b11101110000100010000011101100011 +
b11101110000100010000011101100011 a
b1101110111 .
#2694000
b11111111111111111111011011110000 #
b11111111111111111111011011110000 b
b11101110000100010000100001100011 +
b11101110000100010000100001100011 a
b1101111000 .
#2695000
b11111111111111111111011011110010 #
b11111111111111111111011011110010 b
b11101110000100010000100101100011 +
b11101110000100010000100101100011 a
b1101111001 .
1*
#2696000
b11111111111111111111011011110100 #
b11111111111111111111011011110100 b
b11101110000100010000101001100011 +
b11101110000100010000101001100011 a
b1101111010 .
#2697000
b11111111111111111111011011110110 #
b11111111111111111111011011110110 b
b11101110000100010000101101100011 +
b11101110000100010000101101100011 a
b1101111011 .
#2698000
b11111111111111111111011011111000 #
b11111111111111111111011011111000 b
b11101110000100010000110001100011 +
b11101110000100010000110001100011 a
b1101111100 .
#2699000
b11111111111111111111011011111010 #
b11111111111111111111011011111010 b
b11101110000100010000110101100011 +
b11101110000100010000110101100011 a
b1101111101 .
#2700000
b11111111111111111111011011111100 #
b11111111111111111111011011111100 b
b11101110000100010000111001100011 +
b11101110000100010000111001100011 a
b1101111110 .
0*
#2701000
b11111111111111111111011011111110 #
b11111111111111111111011011111110 b
b11101110000100010000111101100011 +
b11101110000100010000111101100011 a
b1101111111 .
#2702000
b11111111111111111111011100000000 #
b11111111111111111111011100000000 b
b11110000000100010000000001100011 +
b11110000000100010000000001100011 a
b1110000000 .
#2703000
b11111111111111111111011100000010 #
b11111111111111111111011100000010 b
b11110000000100010000000101100011 +
b11110000000100010000000101100011 a
b1110000001 .
#2704000
b11111111111111111111011100000100 #
b11111111111111111111011100000100 b
b11110000000100010000001001100011 +
b11110000000100010000001001100011 a
b1110000010 .
#2705000
b11111111111111111111011100000110 #
b11111111111111111111011100000110 b
b11110000000100010000001101100011 +
b11110000000100010000001101100011 a
b1110000011 .
1*
#2706000
b11111111111111111111011100001000 #
b11111111111111111111011100001000 b
b11110000000100010000010001100011 +
b11110000000100010000010001100011 a
b1110000100 .
#2707000
b11111111111111111111011100001010 #
b11111111111111111111011100001010 b
b11110000000100010000010101100011 +
b11110000000100010000010101100011 a
b1110000101 .
#2708000
b11111111111111111111011100001100 #
b11111111111111111111011100001100 b
b11110000000100010000011001100011 +
b11110000000100010000011001100011 a
b1110000110 .
#2709000
b11111111111111111111011100001110 #
b11111111111111111111011100001110 b
b11110000000100010000011101100011 +
b11110000000100010000011101100011 a
b1110000111 .
#2710000
b11111111111111111111011100010000 #
b11111111111111111111011100010000 b
b11110000000100010000100001100011 +
b11110000000100010000100001100011 a
b1110001000 .
0*
#2711000
b11111111111111111111011100010010 #
b11111111111111111111011100010010 b
b11110000000100010000100101100011 +
b11110000000100010000100101100011 a
b1110001001 .
#2712000
b11111111111111111111011100010100 #
b11111111111111111111011100010100 b
b11110000000100010000101001100011 +
b11110000000100010000101001100011 a
b1110001010 .
#2713000
b11111111111111111111011100010110 #
b11111111111111111111011100010110 b
b11110000000100010000101101100011 +
b11110000000100010000101101100011 a
b1110001011 .
#2714000
b11111111111111111111011100011000 #
b11111111111111111111011100011000 b
b11110000000100010000110001100011 +
b11110000000100010000110001100011 a
b1110001100 .
#2715000
b11111111111111111111011100011010 #
b11111111111111111111011100011010 b
b11110000000100010000110101100011 +
b11110000000100010000110101100011 a
b1110001101 .
1*
#2716000
b11111111111111111111011100011100 #
b11111111111111111111011100011100 b
b11110000000100010000111001100011 +
b11110000000100010000111001100011 a
b1110001110 .
#2717000
b11111111111111111111011100011110 #
b11111111111111111111011100011110 b
b11110000000100010000111101100011 +
b11110000000100010000111101100011 a
b1110001111 .
#2718000
b11111111111111111111011100100000 #
b11111111111111111111011100100000 b
b11110010000100010000000001100011 +
b11110010000100010000000001100011 a
b1110010000 .
#2719000
b11111111111111111111011100100010 #
b11111111111111111111011100100010 b
b11110010000100010000000101100011 +
b11110010000100010000000101100011 a
b1110010001 .
#2720000
b11111111111111111111011100100100 #
b11111111111111111111011100100100 b
b11110010000100010000001001100011 +
b11110010000100010000001001100011 a
b1110010010 .
0*
#2721000
b11111111111111111111011100100110 #
b11111111111111111111011100100110 b
b11110010000100010000001101100011 +
b11110010000100010000001101100011 a
b1110010011 .
#2722000
b11111111111111111111011100101000 #
b11111111111111111111011100101000 b
b11110010000100010000010001100011 +
b11110010000100010000010001100011 a
b1110010100 .
#2723000
b11111111111111111111011100101010 #
b11111111111111111111011100101010 b
b11110010000100010000010101100011 +
b11110010000100010000010101100011 a
b1110010101 .
#2724000
b11111111111111111111011100101100 #
b11111111111111111111011100101100 b
b11110010000100010000011001100011 +
b11110010000100010000011001100011 a
b1110010110 .
#2725000
b11111111111111111111011100101110 #
b11111111111111111111011100101110 b
b11110010000100010000011101100011 +
b11110010000100010000011101100011 a
b1110010111 .
1*
#2726000
b11111111111111111111011100110000 #
b11111111111111111111011100110000 b
b11110010000100010000100001100011 +
b11110010000100010000100001100011 a
b1110011000 .
#2727000
b11111111111111111111011100110010 #
b11111111111111111111011100110010 b
b11110010000100010000100101100011 +
b11110010000100010000100101100011 a
b1110011001 .
#2728000
b11111111111111111111011100110100 #
b11111111111111111111011100110100 b
b11110010000100010000101001100011 +
b11110010000100010000101001100011 a
b1110011010 .
#2729000
b11111111111111111111011100110110 #
b11111111111111111111011100110110 b
b11110010000100010000101101100011 +
b11110010000100010000101101100011 a
b1110011011 .
#2730000
b11111111111111111111011100111000 #
b11111111111111111111011100111000 b
b11110010000100010000110001100011 +
b11110010000100010000110001100011 a
b1110011100 .
0*
#2731000
b11111111111111111111011100111010 #
b11111111111111111111011100111010 b
b11110010000100010000110101100011 +
b11110010000100010000110101100011 a
b1110011101 .
#2732000
b11111111111111111111011100111100 #
b11111111111111111111011100111100 b
b11110010000100010000111001100011 +
b11110010000100010000111001100011 a
b1110011110 .
#2733000
b11111111111111111111011100111110 #
b11111111111111111111011100111110 b
b11110010000100010000111101100011 +
b11110010000100010000111101100011 a
b1110011111 .
#2734000
b11111111111111111111011101000000 #
b11111111111111111111011101000000 b
b11110100000100010000000001100011 +
b11110100000100010000000001100011 a
b1110100000 .
#2735000
b11111111111111111111011101000010 #
b11111111111111111111011101000010 b
b11110100000100010000000101100011 +
b11110100000100010000000101100011 a
b1110100001 .
1*
#2736000
b11111111111111111111011101000100 #
b11111111111111111111011101000100 b
b11110100000100010000001001100011 +
b11110100000100010000001001100011 a
b1110100010 .
#2737000
b11111111111111111111011101000110 #
b11111111111111111111011101000110 b
b11110100000100010000001101100011 +
b11110100000100010000001101100011 a
b1110100011 .
#2738000
b11111111111111111111011101001000 #
b11111111111111111111011101001000 b
b11110100000100010000010001100011 +
b11110100000100010000010001100011 a
b1110100100 .
#2739000
b11111111111111111111011101001010 #
b11111111111111111111011101001010 b
b11110100000100010000010101100011 +
b11110100000100010000010101100011 a
b1110100101 .
#2740000
b11111111111111111111011101001100 #
b11111111111111111111011101001100 b
b11110100000100010000011001100011 +
b11110100000100010000011001100011 a
b1110100110 .
0*
#2741000
b11111111111111111111011101001110 #
b11111111111111111111011101001110 b
b11110100000100010000011101100011 +
b11110100000100010000011101100011 a
b1110100111 .
#2742000
b11111111111111111111011101010000 #
b11111111111111111111011101010000 b
b11110100000100010000100001100011 +
b11110100000100010000100001100011 a
b1110101000 .
#2743000
b11111111111111111111011101010010 #
b11111111111111111111011101010010 b
b11110100000100010000100101100011 +
b11110100000100010000100101100011 a
b1110101001 .
#2744000
b11111111111111111111011101010100 #
b11111111111111111111011101010100 b
b11110100000100010000101001100011 +
b11110100000100010000101001100011 a
b1110101010 .
#2745000
b11111111111111111111011101010110 #
b11111111111111111111011101010110 b
b11110100000100010000101101100011 +
b11110100000100010000101101100011 a
b1110101011 .
1*
#2746000
b11111111111111111111011101011000 #
b11111111111111111111011101011000 b
b11110100000100010000110001100011 +
b11110100000100010000110001100011 a
b1110101100 .
#2747000
b11111111111111111111011101011010 #
b11111111111111111111011101011010 b
b11110100000100010000110101100011 +
b11110100000100010000110101100011 a
b1110101101 .
#2748000
b11111111111111111111011101011100 #
b11111111111111111111011101011100 b
b11110100000100010000111001100011 +
b11110100000100010000111001100011 a
b1110101110 .
#2749000
b11111111111111111111011101011110 #
b11111111111111111111011101011110 b
b11110100000100010000111101100011 +
b11110100000100010000111101100011 a
b1110101111 .
#2750000
b11111111111111111111011101100000 #
b11111111111111111111011101100000 b
b11110110000100010000000001100011 +
b11110110000100010000000001100011 a
b1110110000 .
0*
#2751000
b11111111111111111111011101100010 #
b11111111111111111111011101100010 b
b11110110000100010000000101100011 +
b11110110000100010000000101100011 a
b1110110001 .
#2752000
b11111111111111111111011101100100 #
b11111111111111111111011101100100 b
b11110110000100010000001001100011 +
b11110110000100010000001001100011 a
b1110110010 .
#2753000
b11111111111111111111011101100110 #
b11111111111111111111011101100110 b
b11110110000100010000001101100011 +
b11110110000100010000001101100011 a
b1110110011 .
#2754000
b11111111111111111111011101101000 #
b11111111111111111111011101101000 b
b11110110000100010000010001100011 +
b11110110000100010000010001100011 a
b1110110100 .
#2755000
b11111111111111111111011101101010 #
b11111111111111111111011101101010 b
b11110110000100010000010101100011 +
b11110110000100010000010101100011 a
b1110110101 .
1*
#2756000
b11111111111111111111011101101100 #
b11111111111111111111011101101100 b
b11110110000100010000011001100011 +
b11110110000100010000011001100011 a
b1110110110 .
#2757000
b11111111111111111111011101101110 #
b11111111111111111111011101101110 b
b11110110000100010000011101100011 +
b11110110000100010000011101100011 a
b1110110111 .
#2758000
b11111111111111111111011101110000 #
b11111111111111111111011101110000 b
b11110110000100010000100001100011 +
b11110110000100010000100001100011 a
b1110111000 .
#2759000
b11111111111111111111011101110010 #
b11111111111111111111011101110010 b
b11110110000100010000100101100011 +
b11110110000100010000100101100011 a
b1110111001 .
#2760000
b11111111111111111111011101110100 #
b11111111111111111111011101110100 b
b11110110000100010000101001100011 +
b11110110000100010000101001100011 a
b1110111010 .
0*
#2761000
b11111111111111111111011101110110 #
b11111111111111111111011101110110 b
b11110110000100010000101101100011 +
b11110110000100010000101101100011 a
b1110111011 .
#2762000
b11111111111111111111011101111000 #
b11111111111111111111011101111000 b
b11110110000100010000110001100011 +
b11110110000100010000110001100011 a
b1110111100 .
#2763000
b11111111111111111111011101111010 #
b11111111111111111111011101111010 b
b11110110000100010000110101100011 +
b11110110000100010000110101100011 a
b1110111101 .
#2764000
b11111111111111111111011101111100 #
b11111111111111111111011101111100 b
b11110110000100010000111001100011 +
b11110110000100010000111001100011 a
b1110111110 .
#2765000
b11111111111111111111011101111110 #
b11111111111111111111011101111110 b
b11110110000100010000111101100011 +
b11110110000100010000111101100011 a
b1110111111 .
1*
#2766000
b11111111111111111111011110000000 #
b11111111111111111111011110000000 b
b11111000000100010000000001100011 +
b11111000000100010000000001100011 a
b1111000000 .
#2767000
b11111111111111111111011110000010 #
b11111111111111111111011110000010 b
b11111000000100010000000101100011 +
b11111000000100010000000101100011 a
b1111000001 .
#2768000
b11111111111111111111011110000100 #
b11111111111111111111011110000100 b
b11111000000100010000001001100011 +
b11111000000100010000001001100011 a
b1111000010 .
#2769000
b11111111111111111111011110000110 #
b11111111111111111111011110000110 b
b11111000000100010000001101100011 +
b11111000000100010000001101100011 a
b1111000011 .
#2770000
b11111111111111111111011110001000 #
b11111111111111111111011110001000 b
b11111000000100010000010001100011 +
b11111000000100010000010001100011 a
b1111000100 .
0*
#2771000
b11111111111111111111011110001010 #
b11111111111111111111011110001010 b
b11111000000100010000010101100011 +
b11111000000100010000010101100011 a
b1111000101 .
#2772000
b11111111111111111111011110001100 #
b11111111111111111111011110001100 b
b11111000000100010000011001100011 +
b11111000000100010000011001100011 a
b1111000110 .
#2773000
b11111111111111111111011110001110 #
b11111111111111111111011110001110 b
b11111000000100010000011101100011 +
b11111000000100010000011101100011 a
b1111000111 .
#2774000
b11111111111111111111011110010000 #
b11111111111111111111011110010000 b
b11111000000100010000100001100011 +
b11111000000100010000100001100011 a
b1111001000 .
#2775000
b11111111111111111111011110010010 #
b11111111111111111111011110010010 b
b11111000000100010000100101100011 +
b11111000000100010000100101100011 a
b1111001001 .
1*
#2776000
b11111111111111111111011110010100 #
b11111111111111111111011110010100 b
b11111000000100010000101001100011 +
b11111000000100010000101001100011 a
b1111001010 .
#2777000
b11111111111111111111011110010110 #
b11111111111111111111011110010110 b
b11111000000100010000101101100011 +
b11111000000100010000101101100011 a
b1111001011 .
#2778000
b11111111111111111111011110011000 #
b11111111111111111111011110011000 b
b11111000000100010000110001100011 +
b11111000000100010000110001100011 a
b1111001100 .
#2779000
b11111111111111111111011110011010 #
b11111111111111111111011110011010 b
b11111000000100010000110101100011 +
b11111000000100010000110101100011 a
b1111001101 .
#2780000
b11111111111111111111011110011100 #
b11111111111111111111011110011100 b
b11111000000100010000111001100011 +
b11111000000100010000111001100011 a
b1111001110 .
0*
#2781000
b11111111111111111111011110011110 #
b11111111111111111111011110011110 b
b11111000000100010000111101100011 +
b11111000000100010000111101100011 a
b1111001111 .
#2782000
b11111111111111111111011110100000 #
b11111111111111111111011110100000 b
b11111010000100010000000001100011 +
b11111010000100010000000001100011 a
b1111010000 .
#2783000
b11111111111111111111011110100010 #
b11111111111111111111011110100010 b
b11111010000100010000000101100011 +
b11111010000100010000000101100011 a
b1111010001 .
#2784000
b11111111111111111111011110100100 #
b11111111111111111111011110100100 b
b11111010000100010000001001100011 +
b11111010000100010000001001100011 a
b1111010010 .
#2785000
b11111111111111111111011110100110 #
b11111111111111111111011110100110 b
b11111010000100010000001101100011 +
b11111010000100010000001101100011 a
b1111010011 .
1*
#2786000
b11111111111111111111011110101000 #
b11111111111111111111011110101000 b
b11111010000100010000010001100011 +
b11111010000100010000010001100011 a
b1111010100 .
#2787000
b11111111111111111111011110101010 #
b11111111111111111111011110101010 b
b11111010000100010000010101100011 +
b11111010000100010000010101100011 a
b1111010101 .
#2788000
b11111111111111111111011110101100 #
b11111111111111111111011110101100 b
b11111010000100010000011001100011 +
b11111010000100010000011001100011 a
b1111010110 .
#2789000
b11111111111111111111011110101110 #
b11111111111111111111011110101110 b
b11111010000100010000011101100011 +
b11111010000100010000011101100011 a
b1111010111 .
#2790000
b11111111111111111111011110110000 #
b11111111111111111111011110110000 b
b11111010000100010000100001100011 +
b11111010000100010000100001100011 a
b1111011000 .
0*
#2791000
b11111111111111111111011110110010 #
b11111111111111111111011110110010 b
b11111010000100010000100101100011 +
b11111010000100010000100101100011 a
b1111011001 .
#2792000
b11111111111111111111011110110100 #
b11111111111111111111011110110100 b
b11111010000100010000101001100011 +
b11111010000100010000101001100011 a
b1111011010 .
#2793000
b11111111111111111111011110110110 #
b11111111111111111111011110110110 b
b11111010000100010000101101100011 +
b11111010000100010000101101100011 a
b1111011011 .
#2794000
b11111111111111111111011110111000 #
b11111111111111111111011110111000 b
b11111010000100010000110001100011 +
b11111010000100010000110001100011 a
b1111011100 .
#2795000
b11111111111111111111011110111010 #
b11111111111111111111011110111010 b
b11111010000100010000110101100011 +
b11111010000100010000110101100011 a
b1111011101 .
1*
#2796000
b11111111111111111111011110111100 #
b11111111111111111111011110111100 b
b11111010000100010000111001100011 +
b11111010000100010000111001100011 a
b1111011110 .
#2797000
b11111111111111111111011110111110 #
b11111111111111111111011110111110 b
b11111010000100010000111101100011 +
b11111010000100010000111101100011 a
b1111011111 .
#2798000
b11111111111111111111011111000000 #
b11111111111111111111011111000000 b
b11111100000100010000000001100011 +
b11111100000100010000000001100011 a
b1111100000 .
#2799000
b11111111111111111111011111000010 #
b11111111111111111111011111000010 b
b11111100000100010000000101100011 +
b11111100000100010000000101100011 a
b1111100001 .
#2800000
b11111111111111111111011111000100 #
b11111111111111111111011111000100 b
b11111100000100010000001001100011 +
b11111100000100010000001001100011 a
b1111100010 .
0*
#2801000
b11111111111111111111011111000110 #
b11111111111111111111011111000110 b
b11111100000100010000001101100011 +
b11111100000100010000001101100011 a
b1111100011 .
#2802000
b11111111111111111111011111001000 #
b11111111111111111111011111001000 b
b11111100000100010000010001100011 +
b11111100000100010000010001100011 a
b1111100100 .
#2803000
b11111111111111111111011111001010 #
b11111111111111111111011111001010 b
b11111100000100010000010101100011 +
b11111100000100010000010101100011 a
b1111100101 .
#2804000
b11111111111111111111011111001100 #
b11111111111111111111011111001100 b
b11111100000100010000011001100011 +
b11111100000100010000011001100011 a
b1111100110 .
#2805000
b11111111111111111111011111001110 #
b11111111111111111111011111001110 b
b11111100000100010000011101100011 +
b11111100000100010000011101100011 a
b1111100111 .
1*
#2806000
b11111111111111111111011111010000 #
b11111111111111111111011111010000 b
b11111100000100010000100001100011 +
b11111100000100010000100001100011 a
b1111101000 .
#2807000
b11111111111111111111011111010010 #
b11111111111111111111011111010010 b
b11111100000100010000100101100011 +
b11111100000100010000100101100011 a
b1111101001 .
#2808000
b11111111111111111111011111010100 #
b11111111111111111111011111010100 b
b11111100000100010000101001100011 +
b11111100000100010000101001100011 a
b1111101010 .
#2809000
b11111111111111111111011111010110 #
b11111111111111111111011111010110 b
b11111100000100010000101101100011 +
b11111100000100010000101101100011 a
b1111101011 .
#2810000
b11111111111111111111011111011000 #
b11111111111111111111011111011000 b
b11111100000100010000110001100011 +
b11111100000100010000110001100011 a
b1111101100 .
0*
#2811000
b11111111111111111111011111011010 #
b11111111111111111111011111011010 b
b11111100000100010000110101100011 +
b11111100000100010000110101100011 a
b1111101101 .
#2812000
b11111111111111111111011111011100 #
b11111111111111111111011111011100 b
b11111100000100010000111001100011 +
b11111100000100010000111001100011 a
b1111101110 .
#2813000
b11111111111111111111011111011110 #
b11111111111111111111011111011110 b
b11111100000100010000111101100011 +
b11111100000100010000111101100011 a
b1111101111 .
#2814000
b11111111111111111111011111100000 #
b11111111111111111111011111100000 b
b11111110000100010000000001100011 +
b11111110000100010000000001100011 a
b1111110000 .
#2815000
b11111111111111111111011111100010 #
b11111111111111111111011111100010 b
b11111110000100010000000101100011 +
b11111110000100010000000101100011 a
b1111110001 .
1*
#2816000
b11111111111111111111011111100100 #
b11111111111111111111011111100100 b
b11111110000100010000001001100011 +
b11111110000100010000001001100011 a
b1111110010 .
#2817000
b11111111111111111111011111100110 #
b11111111111111111111011111100110 b
b11111110000100010000001101100011 +
b11111110000100010000001101100011 a
b1111110011 .
#2818000
b11111111111111111111011111101000 #
b11111111111111111111011111101000 b
b11111110000100010000010001100011 +
b11111110000100010000010001100011 a
b1111110100 .
#2819000
b11111111111111111111011111101010 #
b11111111111111111111011111101010 b
b11111110000100010000010101100011 +
b11111110000100010000010101100011 a
b1111110101 .
#2820000
b11111111111111111111011111101100 #
b11111111111111111111011111101100 b
b11111110000100010000011001100011 +
b11111110000100010000011001100011 a
b1111110110 .
0*
#2821000
b11111111111111111111011111101110 #
b11111111111111111111011111101110 b
b11111110000100010000011101100011 +
b11111110000100010000011101100011 a
b1111110111 .
#2822000
b11111111111111111111011111110000 #
b11111111111111111111011111110000 b
b11111110000100010000100001100011 +
b11111110000100010000100001100011 a
b1111111000 .
#2823000
b11111111111111111111011111110010 #
b11111111111111111111011111110010 b
b11111110000100010000100101100011 +
b11111110000100010000100101100011 a
b1111111001 .
#2824000
b11111111111111111111011111110100 #
b11111111111111111111011111110100 b
b11111110000100010000101001100011 +
b11111110000100010000101001100011 a
b1111111010 .
#2825000
b11111111111111111111011111110110 #
b11111111111111111111011111110110 b
b11111110000100010000101101100011 +
b11111110000100010000101101100011 a
b1111111011 .
1*
#2826000
b11111111111111111111011111111000 #
b11111111111111111111011111111000 b
b11111110000100010000110001100011 +
b11111110000100010000110001100011 a
b1111111100 .
#2827000
b11111111111111111111011111111010 #
b11111111111111111111011111111010 b
b11111110000100010000110101100011 +
b11111110000100010000110101100011 a
b1111111101 .
#2828000
b11111111111111111111011111111100 #
b11111111111111111111011111111100 b
b11111110000100010000111001100011 +
b11111110000100010000111001100011 a
b1111111110 .
#2829000
b11111111111111111111011111111110 #
b11111111111111111111011111111110 b
b11111110000100010000111101100011 +
b11111110000100010000111101100011 a
b1111111111 .
#2830000
b11111111111111111111100000000000 #
b11111111111111111111100000000000 b
b10000000000100010000000011100011 +
b10000000000100010000000011100011 a
b10000000000 .
0*
#2831000
b11111111111111111111100000000010 #
b11111111111111111111100000000010 b
b10000000000100010000000111100011 +
b10000000000100010000000111100011 a
b10000000001 .
#2832000
b11111111111111111111100000000100 #
b11111111111111111111100000000100 b
b10000000000100010000001011100011 +
b10000000000100010000001011100011 a
b10000000010 .
#2833000
b11111111111111111111100000000110 #
b11111111111111111111100000000110 b
b10000000000100010000001111100011 +
b10000000000100010000001111100011 a
b10000000011 .
#2834000
b11111111111111111111100000001000 #
b11111111111111111111100000001000 b
b10000000000100010000010011100011 +
b10000000000100010000010011100011 a
b10000000100 .
#2835000
b11111111111111111111100000001010 #
b11111111111111111111100000001010 b
b10000000000100010000010111100011 +
b10000000000100010000010111100011 a
b10000000101 .
1*
#2836000
b11111111111111111111100000001100 #
b11111111111111111111100000001100 b
b10000000000100010000011011100011 +
b10000000000100010000011011100011 a
b10000000110 .
#2837000
b11111111111111111111100000001110 #
b11111111111111111111100000001110 b
b10000000000100010000011111100011 +
b10000000000100010000011111100011 a
b10000000111 .
#2838000
b11111111111111111111100000010000 #
b11111111111111111111100000010000 b
b10000000000100010000100011100011 +
b10000000000100010000100011100011 a
b10000001000 .
#2839000
b11111111111111111111100000010010 #
b11111111111111111111100000010010 b
b10000000000100010000100111100011 +
b10000000000100010000100111100011 a
b10000001001 .
#2840000
b11111111111111111111100000010100 #
b11111111111111111111100000010100 b
b10000000000100010000101011100011 +
b10000000000100010000101011100011 a
b10000001010 .
0*
#2841000
b11111111111111111111100000010110 #
b11111111111111111111100000010110 b
b10000000000100010000101111100011 +
b10000000000100010000101111100011 a
b10000001011 .
#2842000
b11111111111111111111100000011000 #
b11111111111111111111100000011000 b
b10000000000100010000110011100011 +
b10000000000100010000110011100011 a
b10000001100 .
#2843000
b11111111111111111111100000011010 #
b11111111111111111111100000011010 b
b10000000000100010000110111100011 +
b10000000000100010000110111100011 a
b10000001101 .
#2844000
b11111111111111111111100000011100 #
b11111111111111111111100000011100 b
b10000000000100010000111011100011 +
b10000000000100010000111011100011 a
b10000001110 .
#2845000
b11111111111111111111100000011110 #
b11111111111111111111100000011110 b
b10000000000100010000111111100011 +
b10000000000100010000111111100011 a
b10000001111 .
1*
#2846000
b11111111111111111111100000100000 #
b11111111111111111111100000100000 b
b10000010000100010000000011100011 +
b10000010000100010000000011100011 a
b10000010000 .
#2847000
b11111111111111111111100000100010 #
b11111111111111111111100000100010 b
b10000010000100010000000111100011 +
b10000010000100010000000111100011 a
b10000010001 .
#2848000
b11111111111111111111100000100100 #
b11111111111111111111100000100100 b
b10000010000100010000001011100011 +
b10000010000100010000001011100011 a
b10000010010 .
#2849000
b11111111111111111111100000100110 #
b11111111111111111111100000100110 b
b10000010000100010000001111100011 +
b10000010000100010000001111100011 a
b10000010011 .
#2850000
b11111111111111111111100000101000 #
b11111111111111111111100000101000 b
b10000010000100010000010011100011 +
b10000010000100010000010011100011 a
b10000010100 .
0*
#2851000
b11111111111111111111100000101010 #
b11111111111111111111100000101010 b
b10000010000100010000010111100011 +
b10000010000100010000010111100011 a
b10000010101 .
#2852000
b11111111111111111111100000101100 #
b11111111111111111111100000101100 b
b10000010000100010000011011100011 +
b10000010000100010000011011100011 a
b10000010110 .
#2853000
b11111111111111111111100000101110 #
b11111111111111111111100000101110 b
b10000010000100010000011111100011 +
b10000010000100010000011111100011 a
b10000010111 .
#2854000
b11111111111111111111100000110000 #
b11111111111111111111100000110000 b
b10000010000100010000100011100011 +
b10000010000100010000100011100011 a
b10000011000 .
#2855000
b11111111111111111111100000110010 #
b11111111111111111111100000110010 b
b10000010000100010000100111100011 +
b10000010000100010000100111100011 a
b10000011001 .
1*
#2856000
b11111111111111111111100000110100 #
b11111111111111111111100000110100 b
b10000010000100010000101011100011 +
b10000010000100010000101011100011 a
b10000011010 .
#2857000
b11111111111111111111100000110110 #
b11111111111111111111100000110110 b
b10000010000100010000101111100011 +
b10000010000100010000101111100011 a
b10000011011 .
#2858000
b11111111111111111111100000111000 #
b11111111111111111111100000111000 b
b10000010000100010000110011100011 +
b10000010000100010000110011100011 a
b10000011100 .
#2859000
b11111111111111111111100000111010 #
b11111111111111111111100000111010 b
b10000010000100010000110111100011 +
b10000010000100010000110111100011 a
b10000011101 .
#2860000
b11111111111111111111100000111100 #
b11111111111111111111100000111100 b
b10000010000100010000111011100011 +
b10000010000100010000111011100011 a
b10000011110 .
0*
#2861000
b11111111111111111111100000111110 #
b11111111111111111111100000111110 b
b10000010000100010000111111100011 +
b10000010000100010000111111100011 a
b10000011111 .
#2862000
b11111111111111111111100001000000 #
b11111111111111111111100001000000 b
b10000100000100010000000011100011 +
b10000100000100010000000011100011 a
b10000100000 .
#2863000
b11111111111111111111100001000010 #
b11111111111111111111100001000010 b
b10000100000100010000000111100011 +
b10000100000100010000000111100011 a
b10000100001 .
#2864000
b11111111111111111111100001000100 #
b11111111111111111111100001000100 b
b10000100000100010000001011100011 +
b10000100000100010000001011100011 a
b10000100010 .
#2865000
b11111111111111111111100001000110 #
b11111111111111111111100001000110 b
b10000100000100010000001111100011 +
b10000100000100010000001111100011 a
b10000100011 .
1*
#2866000
b11111111111111111111100001001000 #
b11111111111111111111100001001000 b
b10000100000100010000010011100011 +
b10000100000100010000010011100011 a
b10000100100 .
#2867000
b11111111111111111111100001001010 #
b11111111111111111111100001001010 b
b10000100000100010000010111100011 +
b10000100000100010000010111100011 a
b10000100101 .
#2868000
b11111111111111111111100001001100 #
b11111111111111111111100001001100 b
b10000100000100010000011011100011 +
b10000100000100010000011011100011 a
b10000100110 .
#2869000
b11111111111111111111100001001110 #
b11111111111111111111100001001110 b
b10000100000100010000011111100011 +
b10000100000100010000011111100011 a
b10000100111 .
#2870000
b11111111111111111111100001010000 #
b11111111111111111111100001010000 b
b10000100000100010000100011100011 +
b10000100000100010000100011100011 a
b10000101000 .
0*
#2871000
b11111111111111111111100001010010 #
b11111111111111111111100001010010 b
b10000100000100010000100111100011 +
b10000100000100010000100111100011 a
b10000101001 .
#2872000
b11111111111111111111100001010100 #
b11111111111111111111100001010100 b
b10000100000100010000101011100011 +
b10000100000100010000101011100011 a
b10000101010 .
#2873000
b11111111111111111111100001010110 #
b11111111111111111111100001010110 b
b10000100000100010000101111100011 +
b10000100000100010000101111100011 a
b10000101011 .
#2874000
b11111111111111111111100001011000 #
b11111111111111111111100001011000 b
b10000100000100010000110011100011 +
b10000100000100010000110011100011 a
b10000101100 .
#2875000
b11111111111111111111100001011010 #
b11111111111111111111100001011010 b
b10000100000100010000110111100011 +
b10000100000100010000110111100011 a
b10000101101 .
1*
#2876000
b11111111111111111111100001011100 #
b11111111111111111111100001011100 b
b10000100000100010000111011100011 +
b10000100000100010000111011100011 a
b10000101110 .
#2877000
b11111111111111111111100001011110 #
b11111111111111111111100001011110 b
b10000100000100010000111111100011 +
b10000100000100010000111111100011 a
b10000101111 .
#2878000
b11111111111111111111100001100000 #
b11111111111111111111100001100000 b
b10000110000100010000000011100011 +
b10000110000100010000000011100011 a
b10000110000 .
#2879000
b11111111111111111111100001100010 #
b11111111111111111111100001100010 b
b10000110000100010000000111100011 +
b10000110000100010000000111100011 a
b10000110001 .
#2880000
b11111111111111111111100001100100 #
b11111111111111111111100001100100 b
b10000110000100010000001011100011 +
b10000110000100010000001011100011 a
b10000110010 .
0*
#2881000
b11111111111111111111100001100110 #
b11111111111111111111100001100110 b
b10000110000100010000001111100011 +
b10000110000100010000001111100011 a
b10000110011 .
#2882000
b11111111111111111111100001101000 #
b11111111111111111111100001101000 b
b10000110000100010000010011100011 +
b10000110000100010000010011100011 a
b10000110100 .
#2883000
b11111111111111111111100001101010 #
b11111111111111111111100001101010 b
b10000110000100010000010111100011 +
b10000110000100010000010111100011 a
b10000110101 .
#2884000
b11111111111111111111100001101100 #
b11111111111111111111100001101100 b
b10000110000100010000011011100011 +
b10000110000100010000011011100011 a
b10000110110 .
#2885000
b11111111111111111111100001101110 #
b11111111111111111111100001101110 b
b10000110000100010000011111100011 +
b10000110000100010000011111100011 a
b10000110111 .
1*
#2886000
b11111111111111111111100001110000 #
b11111111111111111111100001110000 b
b10000110000100010000100011100011 +
b10000110000100010000100011100011 a
b10000111000 .
#2887000
b11111111111111111111100001110010 #
b11111111111111111111100001110010 b
b10000110000100010000100111100011 +
b10000110000100010000100111100011 a
b10000111001 .
#2888000
b11111111111111111111100001110100 #
b11111111111111111111100001110100 b
b10000110000100010000101011100011 +
b10000110000100010000101011100011 a
b10000111010 .
#2889000
b11111111111111111111100001110110 #
b11111111111111111111100001110110 b
b10000110000100010000101111100011 +
b10000110000100010000101111100011 a
b10000111011 .
#2890000
b11111111111111111111100001111000 #
b11111111111111111111100001111000 b
b10000110000100010000110011100011 +
b10000110000100010000110011100011 a
b10000111100 .
0*
#2891000
b11111111111111111111100001111010 #
b11111111111111111111100001111010 b
b10000110000100010000110111100011 +
b10000110000100010000110111100011 a
b10000111101 .
#2892000
b11111111111111111111100001111100 #
b11111111111111111111100001111100 b
b10000110000100010000111011100011 +
b10000110000100010000111011100011 a
b10000111110 .
#2893000
b11111111111111111111100001111110 #
b11111111111111111111100001111110 b
b10000110000100010000111111100011 +
b10000110000100010000111111100011 a
b10000111111 .
#2894000
b11111111111111111111100010000000 #
b11111111111111111111100010000000 b
b10001000000100010000000011100011 +
b10001000000100010000000011100011 a
b10001000000 .
#2895000
b11111111111111111111100010000010 #
b11111111111111111111100010000010 b
b10001000000100010000000111100011 +
b10001000000100010000000111100011 a
b10001000001 .
1*
#2896000
b11111111111111111111100010000100 #
b11111111111111111111100010000100 b
b10001000000100010000001011100011 +
b10001000000100010000001011100011 a
b10001000010 .
#2897000
b11111111111111111111100010000110 #
b11111111111111111111100010000110 b
b10001000000100010000001111100011 +
b10001000000100010000001111100011 a
b10001000011 .
#2898000
b11111111111111111111100010001000 #
b11111111111111111111100010001000 b
b10001000000100010000010011100011 +
b10001000000100010000010011100011 a
b10001000100 .
#2899000
b11111111111111111111100010001010 #
b11111111111111111111100010001010 b
b10001000000100010000010111100011 +
b10001000000100010000010111100011 a
b10001000101 .
#2900000
b11111111111111111111100010001100 #
b11111111111111111111100010001100 b
b10001000000100010000011011100011 +
b10001000000100010000011011100011 a
b10001000110 .
0*
#2901000
b11111111111111111111100010001110 #
b11111111111111111111100010001110 b
b10001000000100010000011111100011 +
b10001000000100010000011111100011 a
b10001000111 .
#2902000
b11111111111111111111100010010000 #
b11111111111111111111100010010000 b
b10001000000100010000100011100011 +
b10001000000100010000100011100011 a
b10001001000 .
#2903000
b11111111111111111111100010010010 #
b11111111111111111111100010010010 b
b10001000000100010000100111100011 +
b10001000000100010000100111100011 a
b10001001001 .
#2904000
b11111111111111111111100010010100 #
b11111111111111111111100010010100 b
b10001000000100010000101011100011 +
b10001000000100010000101011100011 a
b10001001010 .
#2905000
b11111111111111111111100010010110 #
b11111111111111111111100010010110 b
b10001000000100010000101111100011 +
b10001000000100010000101111100011 a
b10001001011 .
1*
#2906000
b11111111111111111111100010011000 #
b11111111111111111111100010011000 b
b10001000000100010000110011100011 +
b10001000000100010000110011100011 a
b10001001100 .
#2907000
b11111111111111111111100010011010 #
b11111111111111111111100010011010 b
b10001000000100010000110111100011 +
b10001000000100010000110111100011 a
b10001001101 .
#2908000
b11111111111111111111100010011100 #
b11111111111111111111100010011100 b
b10001000000100010000111011100011 +
b10001000000100010000111011100011 a
b10001001110 .
#2909000
b11111111111111111111100010011110 #
b11111111111111111111100010011110 b
b10001000000100010000111111100011 +
b10001000000100010000111111100011 a
b10001001111 .
#2910000
b11111111111111111111100010100000 #
b11111111111111111111100010100000 b
b10001010000100010000000011100011 +
b10001010000100010000000011100011 a
b10001010000 .
0*
#2911000
b11111111111111111111100010100010 #
b11111111111111111111100010100010 b
b10001010000100010000000111100011 +
b10001010000100010000000111100011 a
b10001010001 .
#2912000
b11111111111111111111100010100100 #
b11111111111111111111100010100100 b
b10001010000100010000001011100011 +
b10001010000100010000001011100011 a
b10001010010 .
#2913000
b11111111111111111111100010100110 #
b11111111111111111111100010100110 b
b10001010000100010000001111100011 +
b10001010000100010000001111100011 a
b10001010011 .
#2914000
b11111111111111111111100010101000 #
b11111111111111111111100010101000 b
b10001010000100010000010011100011 +
b10001010000100010000010011100011 a
b10001010100 .
#2915000
b11111111111111111111100010101010 #
b11111111111111111111100010101010 b
b10001010000100010000010111100011 +
b10001010000100010000010111100011 a
b10001010101 .
1*
#2916000
b11111111111111111111100010101100 #
b11111111111111111111100010101100 b
b10001010000100010000011011100011 +
b10001010000100010000011011100011 a
b10001010110 .
#2917000
b11111111111111111111100010101110 #
b11111111111111111111100010101110 b
b10001010000100010000011111100011 +
b10001010000100010000011111100011 a
b10001010111 .
#2918000
b11111111111111111111100010110000 #
b11111111111111111111100010110000 b
b10001010000100010000100011100011 +
b10001010000100010000100011100011 a
b10001011000 .
#2919000
b11111111111111111111100010110010 #
b11111111111111111111100010110010 b
b10001010000100010000100111100011 +
b10001010000100010000100111100011 a
b10001011001 .
#2920000
b11111111111111111111100010110100 #
b11111111111111111111100010110100 b
b10001010000100010000101011100011 +
b10001010000100010000101011100011 a
b10001011010 .
0*
#2921000
b11111111111111111111100010110110 #
b11111111111111111111100010110110 b
b10001010000100010000101111100011 +
b10001010000100010000101111100011 a
b10001011011 .
#2922000
b11111111111111111111100010111000 #
b11111111111111111111100010111000 b
b10001010000100010000110011100011 +
b10001010000100010000110011100011 a
b10001011100 .
#2923000
b11111111111111111111100010111010 #
b11111111111111111111100010111010 b
b10001010000100010000110111100011 +
b10001010000100010000110111100011 a
b10001011101 .
#2924000
b11111111111111111111100010111100 #
b11111111111111111111100010111100 b
b10001010000100010000111011100011 +
b10001010000100010000111011100011 a
b10001011110 .
#2925000
b11111111111111111111100010111110 #
b11111111111111111111100010111110 b
b10001010000100010000111111100011 +
b10001010000100010000111111100011 a
b10001011111 .
1*
#2926000
b11111111111111111111100011000000 #
b11111111111111111111100011000000 b
b10001100000100010000000011100011 +
b10001100000100010000000011100011 a
b10001100000 .
#2927000
b11111111111111111111100011000010 #
b11111111111111111111100011000010 b
b10001100000100010000000111100011 +
b10001100000100010000000111100011 a
b10001100001 .
#2928000
b11111111111111111111100011000100 #
b11111111111111111111100011000100 b
b10001100000100010000001011100011 +
b10001100000100010000001011100011 a
b10001100010 .
#2929000
b11111111111111111111100011000110 #
b11111111111111111111100011000110 b
b10001100000100010000001111100011 +
b10001100000100010000001111100011 a
b10001100011 .
#2930000
b11111111111111111111100011001000 #
b11111111111111111111100011001000 b
b10001100000100010000010011100011 +
b10001100000100010000010011100011 a
b10001100100 .
0*
#2931000
b11111111111111111111100011001010 #
b11111111111111111111100011001010 b
b10001100000100010000010111100011 +
b10001100000100010000010111100011 a
b10001100101 .
#2932000
b11111111111111111111100011001100 #
b11111111111111111111100011001100 b
b10001100000100010000011011100011 +
b10001100000100010000011011100011 a
b10001100110 .
#2933000
b11111111111111111111100011001110 #
b11111111111111111111100011001110 b
b10001100000100010000011111100011 +
b10001100000100010000011111100011 a
b10001100111 .
#2934000
b11111111111111111111100011010000 #
b11111111111111111111100011010000 b
b10001100000100010000100011100011 +
b10001100000100010000100011100011 a
b10001101000 .
#2935000
b11111111111111111111100011010010 #
b11111111111111111111100011010010 b
b10001100000100010000100111100011 +
b10001100000100010000100111100011 a
b10001101001 .
1*
#2936000
b11111111111111111111100011010100 #
b11111111111111111111100011010100 b
b10001100000100010000101011100011 +
b10001100000100010000101011100011 a
b10001101010 .
#2937000
b11111111111111111111100011010110 #
b11111111111111111111100011010110 b
b10001100000100010000101111100011 +
b10001100000100010000101111100011 a
b10001101011 .
#2938000
b11111111111111111111100011011000 #
b11111111111111111111100011011000 b
b10001100000100010000110011100011 +
b10001100000100010000110011100011 a
b10001101100 .
#2939000
b11111111111111111111100011011010 #
b11111111111111111111100011011010 b
b10001100000100010000110111100011 +
b10001100000100010000110111100011 a
b10001101101 .
#2940000
b11111111111111111111100011011100 #
b11111111111111111111100011011100 b
b10001100000100010000111011100011 +
b10001100000100010000111011100011 a
b10001101110 .
0*
#2941000
b11111111111111111111100011011110 #
b11111111111111111111100011011110 b
b10001100000100010000111111100011 +
b10001100000100010000111111100011 a
b10001101111 .
#2942000
b11111111111111111111100011100000 #
b11111111111111111111100011100000 b
b10001110000100010000000011100011 +
b10001110000100010000000011100011 a
b10001110000 .
#2943000
b11111111111111111111100011100010 #
b11111111111111111111100011100010 b
b10001110000100010000000111100011 +
b10001110000100010000000111100011 a
b10001110001 .
#2944000
b11111111111111111111100011100100 #
b11111111111111111111100011100100 b
b10001110000100010000001011100011 +
b10001110000100010000001011100011 a
b10001110010 .
#2945000
b11111111111111111111100011100110 #
b11111111111111111111100011100110 b
b10001110000100010000001111100011 +
b10001110000100010000001111100011 a
b10001110011 .
1*
#2946000
b11111111111111111111100011101000 #
b11111111111111111111100011101000 b
b10001110000100010000010011100011 +
b10001110000100010000010011100011 a
b10001110100 .
#2947000
b11111111111111111111100011101010 #
b11111111111111111111100011101010 b
b10001110000100010000010111100011 +
b10001110000100010000010111100011 a
b10001110101 .
#2948000
b11111111111111111111100011101100 #
b11111111111111111111100011101100 b
b10001110000100010000011011100011 +
b10001110000100010000011011100011 a
b10001110110 .
#2949000
b11111111111111111111100011101110 #
b11111111111111111111100011101110 b
b10001110000100010000011111100011 +
b10001110000100010000011111100011 a
b10001110111 .
#2950000
b11111111111111111111100011110000 #
b11111111111111111111100011110000 b
b10001110000100010000100011100011 +
b10001110000100010000100011100011 a
b10001111000 .
0*
#2951000
b11111111111111111111100011110010 #
b11111111111111111111100011110010 b
b10001110000100010000100111100011 +
b10001110000100010000100111100011 a
b10001111001 .
#2952000
b11111111111111111111100011110100 #
b11111111111111111111100011110100 b
b10001110000100010000101011100011 +
b10001110000100010000101011100011 a
b10001111010 .
#2953000
b11111111111111111111100011110110 #
b11111111111111111111100011110110 b
b10001110000100010000101111100011 +
b10001110000100010000101111100011 a
b10001111011 .
#2954000
b11111111111111111111100011111000 #
b11111111111111111111100011111000 b
b10001110000100010000110011100011 +
b10001110000100010000110011100011 a
b10001111100 .
#2955000
b11111111111111111111100011111010 #
b11111111111111111111100011111010 b
b10001110000100010000110111100011 +
b10001110000100010000110111100011 a
b10001111101 .
1*
#2956000
b11111111111111111111100011111100 #
b11111111111111111111100011111100 b
b10001110000100010000111011100011 +
b10001110000100010000111011100011 a
b10001111110 .
#2957000
b11111111111111111111100011111110 #
b11111111111111111111100011111110 b
b10001110000100010000111111100011 +
b10001110000100010000111111100011 a
b10001111111 .
#2958000
b11111111111111111111100100000000 #
b11111111111111111111100100000000 b
b10010000000100010000000011100011 +
b10010000000100010000000011100011 a
b10010000000 .
#2959000
b11111111111111111111100100000010 #
b11111111111111111111100100000010 b
b10010000000100010000000111100011 +
b10010000000100010000000111100011 a
b10010000001 .
#2960000
b11111111111111111111100100000100 #
b11111111111111111111100100000100 b
b10010000000100010000001011100011 +
b10010000000100010000001011100011 a
b10010000010 .
0*
#2961000
b11111111111111111111100100000110 #
b11111111111111111111100100000110 b
b10010000000100010000001111100011 +
b10010000000100010000001111100011 a
b10010000011 .
#2962000
b11111111111111111111100100001000 #
b11111111111111111111100100001000 b
b10010000000100010000010011100011 +
b10010000000100010000010011100011 a
b10010000100 .
#2963000
b11111111111111111111100100001010 #
b11111111111111111111100100001010 b
b10010000000100010000010111100011 +
b10010000000100010000010111100011 a
b10010000101 .
#2964000
b11111111111111111111100100001100 #
b11111111111111111111100100001100 b
b10010000000100010000011011100011 +
b10010000000100010000011011100011 a
b10010000110 .
#2965000
b11111111111111111111100100001110 #
b11111111111111111111100100001110 b
b10010000000100010000011111100011 +
b10010000000100010000011111100011 a
b10010000111 .
1*
#2966000
b11111111111111111111100100010000 #
b11111111111111111111100100010000 b
b10010000000100010000100011100011 +
b10010000000100010000100011100011 a
b10010001000 .
#2967000
b11111111111111111111100100010010 #
b11111111111111111111100100010010 b
b10010000000100010000100111100011 +
b10010000000100010000100111100011 a
b10010001001 .
#2968000
b11111111111111111111100100010100 #
b11111111111111111111100100010100 b
b10010000000100010000101011100011 +
b10010000000100010000101011100011 a
b10010001010 .
#2969000
b11111111111111111111100100010110 #
b11111111111111111111100100010110 b
b10010000000100010000101111100011 +
b10010000000100010000101111100011 a
b10010001011 .
#2970000
b11111111111111111111100100011000 #
b11111111111111111111100100011000 b
b10010000000100010000110011100011 +
b10010000000100010000110011100011 a
b10010001100 .
0*
#2971000
b11111111111111111111100100011010 #
b11111111111111111111100100011010 b
b10010000000100010000110111100011 +
b10010000000100010000110111100011 a
b10010001101 .
#2972000
b11111111111111111111100100011100 #
b11111111111111111111100100011100 b
b10010000000100010000111011100011 +
b10010000000100010000111011100011 a
b10010001110 .
#2973000
b11111111111111111111100100011110 #
b11111111111111111111100100011110 b
b10010000000100010000111111100011 +
b10010000000100010000111111100011 a
b10010001111 .
#2974000
b11111111111111111111100100100000 #
b11111111111111111111100100100000 b
b10010010000100010000000011100011 +
b10010010000100010000000011100011 a
b10010010000 .
#2975000
b11111111111111111111100100100010 #
b11111111111111111111100100100010 b
b10010010000100010000000111100011 +
b10010010000100010000000111100011 a
b10010010001 .
1*
#2976000
b11111111111111111111100100100100 #
b11111111111111111111100100100100 b
b10010010000100010000001011100011 +
b10010010000100010000001011100011 a
b10010010010 .
#2977000
b11111111111111111111100100100110 #
b11111111111111111111100100100110 b
b10010010000100010000001111100011 +
b10010010000100010000001111100011 a
b10010010011 .
#2978000
b11111111111111111111100100101000 #
b11111111111111111111100100101000 b
b10010010000100010000010011100011 +
b10010010000100010000010011100011 a
b10010010100 .
#2979000
b11111111111111111111100100101010 #
b11111111111111111111100100101010 b
b10010010000100010000010111100011 +
b10010010000100010000010111100011 a
b10010010101 .
#2980000
b11111111111111111111100100101100 #
b11111111111111111111100100101100 b
b10010010000100010000011011100011 +
b10010010000100010000011011100011 a
b10010010110 .
0*
#2981000
b11111111111111111111100100101110 #
b11111111111111111111100100101110 b
b10010010000100010000011111100011 +
b10010010000100010000011111100011 a
b10010010111 .
#2982000
b11111111111111111111100100110000 #
b11111111111111111111100100110000 b
b10010010000100010000100011100011 +
b10010010000100010000100011100011 a
b10010011000 .
#2983000
b11111111111111111111100100110010 #
b11111111111111111111100100110010 b
b10010010000100010000100111100011 +
b10010010000100010000100111100011 a
b10010011001 .
#2984000
b11111111111111111111100100110100 #
b11111111111111111111100100110100 b
b10010010000100010000101011100011 +
b10010010000100010000101011100011 a
b10010011010 .
#2985000
b11111111111111111111100100110110 #
b11111111111111111111100100110110 b
b10010010000100010000101111100011 +
b10010010000100010000101111100011 a
b10010011011 .
1*
#2986000
b11111111111111111111100100111000 #
b11111111111111111111100100111000 b
b10010010000100010000110011100011 +
b10010010000100010000110011100011 a
b10010011100 .
#2987000
b11111111111111111111100100111010 #
b11111111111111111111100100111010 b
b10010010000100010000110111100011 +
b10010010000100010000110111100011 a
b10010011101 .
#2988000
b11111111111111111111100100111100 #
b11111111111111111111100100111100 b
b10010010000100010000111011100011 +
b10010010000100010000111011100011 a
b10010011110 .
#2989000
b11111111111111111111100100111110 #
b11111111111111111111100100111110 b
b10010010000100010000111111100011 +
b10010010000100010000111111100011 a
b10010011111 .
#2990000
b11111111111111111111100101000000 #
b11111111111111111111100101000000 b
b10010100000100010000000011100011 +
b10010100000100010000000011100011 a
b10010100000 .
0*
#2991000
b11111111111111111111100101000010 #
b11111111111111111111100101000010 b
b10010100000100010000000111100011 +
b10010100000100010000000111100011 a
b10010100001 .
#2992000
b11111111111111111111100101000100 #
b11111111111111111111100101000100 b
b10010100000100010000001011100011 +
b10010100000100010000001011100011 a
b10010100010 .
#2993000
b11111111111111111111100101000110 #
b11111111111111111111100101000110 b
b10010100000100010000001111100011 +
b10010100000100010000001111100011 a
b10010100011 .
#2994000
b11111111111111111111100101001000 #
b11111111111111111111100101001000 b
b10010100000100010000010011100011 +
b10010100000100010000010011100011 a
b10010100100 .
#2995000
b11111111111111111111100101001010 #
b11111111111111111111100101001010 b
b10010100000100010000010111100011 +
b10010100000100010000010111100011 a
b10010100101 .
1*
#2996000
b11111111111111111111100101001100 #
b11111111111111111111100101001100 b
b10010100000100010000011011100011 +
b10010100000100010000011011100011 a
b10010100110 .
#2997000
b11111111111111111111100101001110 #
b11111111111111111111100101001110 b
b10010100000100010000011111100011 +
b10010100000100010000011111100011 a
b10010100111 .
#2998000
b11111111111111111111100101010000 #
b11111111111111111111100101010000 b
b10010100000100010000100011100011 +
b10010100000100010000100011100011 a
b10010101000 .
#2999000
b11111111111111111111100101010010 #
b11111111111111111111100101010010 b
b10010100000100010000100111100011 +
b10010100000100010000100111100011 a
b10010101001 .
#3000000
b11111111111111111111100101010100 #
b11111111111111111111100101010100 b
b10010100000100010000101011100011 +
b10010100000100010000101011100011 a
b10010101010 .
0*
#3001000
b11111111111111111111100101010110 #
b11111111111111111111100101010110 b
b10010100000100010000101111100011 +
b10010100000100010000101111100011 a
b10010101011 .
#3002000
b11111111111111111111100101011000 #
b11111111111111111111100101011000 b
b10010100000100010000110011100011 +
b10010100000100010000110011100011 a
b10010101100 .
#3003000
b11111111111111111111100101011010 #
b11111111111111111111100101011010 b
b10010100000100010000110111100011 +
b10010100000100010000110111100011 a
b10010101101 .
#3004000
b11111111111111111111100101011100 #
b11111111111111111111100101011100 b
b10010100000100010000111011100011 +
b10010100000100010000111011100011 a
b10010101110 .
#3005000
b11111111111111111111100101011110 #
b11111111111111111111100101011110 b
b10010100000100010000111111100011 +
b10010100000100010000111111100011 a
b10010101111 .
1*
#3006000
b11111111111111111111100101100000 #
b11111111111111111111100101100000 b
b10010110000100010000000011100011 +
b10010110000100010000000011100011 a
b10010110000 .
#3007000
b11111111111111111111100101100010 #
b11111111111111111111100101100010 b
b10010110000100010000000111100011 +
b10010110000100010000000111100011 a
b10010110001 .
#3008000
b11111111111111111111100101100100 #
b11111111111111111111100101100100 b
b10010110000100010000001011100011 +
b10010110000100010000001011100011 a
b10010110010 .
#3009000
b11111111111111111111100101100110 #
b11111111111111111111100101100110 b
b10010110000100010000001111100011 +
b10010110000100010000001111100011 a
b10010110011 .
#3010000
b11111111111111111111100101101000 #
b11111111111111111111100101101000 b
b10010110000100010000010011100011 +
b10010110000100010000010011100011 a
b10010110100 .
0*
#3011000
b11111111111111111111100101101010 #
b11111111111111111111100101101010 b
b10010110000100010000010111100011 +
b10010110000100010000010111100011 a
b10010110101 .
#3012000
b11111111111111111111100101101100 #
b11111111111111111111100101101100 b
b10010110000100010000011011100011 +
b10010110000100010000011011100011 a
b10010110110 .
#3013000
b11111111111111111111100101101110 #
b11111111111111111111100101101110 b
b10010110000100010000011111100011 +
b10010110000100010000011111100011 a
b10010110111 .
#3014000
b11111111111111111111100101110000 #
b11111111111111111111100101110000 b
b10010110000100010000100011100011 +
b10010110000100010000100011100011 a
b10010111000 .
#3015000
b11111111111111111111100101110010 #
b11111111111111111111100101110010 b
b10010110000100010000100111100011 +
b10010110000100010000100111100011 a
b10010111001 .
1*
#3016000
b11111111111111111111100101110100 #
b11111111111111111111100101110100 b
b10010110000100010000101011100011 +
b10010110000100010000101011100011 a
b10010111010 .
#3017000
b11111111111111111111100101110110 #
b11111111111111111111100101110110 b
b10010110000100010000101111100011 +
b10010110000100010000101111100011 a
b10010111011 .
#3018000
b11111111111111111111100101111000 #
b11111111111111111111100101111000 b
b10010110000100010000110011100011 +
b10010110000100010000110011100011 a
b10010111100 .
#3019000
b11111111111111111111100101111010 #
b11111111111111111111100101111010 b
b10010110000100010000110111100011 +
b10010110000100010000110111100011 a
b10010111101 .
#3020000
b11111111111111111111100101111100 #
b11111111111111111111100101111100 b
b10010110000100010000111011100011 +
b10010110000100010000111011100011 a
b10010111110 .
0*
#3021000
b11111111111111111111100101111110 #
b11111111111111111111100101111110 b
b10010110000100010000111111100011 +
b10010110000100010000111111100011 a
b10010111111 .
#3022000
b11111111111111111111100110000000 #
b11111111111111111111100110000000 b
b10011000000100010000000011100011 +
b10011000000100010000000011100011 a
b10011000000 .
#3023000
b11111111111111111111100110000010 #
b11111111111111111111100110000010 b
b10011000000100010000000111100011 +
b10011000000100010000000111100011 a
b10011000001 .
#3024000
b11111111111111111111100110000100 #
b11111111111111111111100110000100 b
b10011000000100010000001011100011 +
b10011000000100010000001011100011 a
b10011000010 .
#3025000
b11111111111111111111100110000110 #
b11111111111111111111100110000110 b
b10011000000100010000001111100011 +
b10011000000100010000001111100011 a
b10011000011 .
1*
#3026000
b11111111111111111111100110001000 #
b11111111111111111111100110001000 b
b10011000000100010000010011100011 +
b10011000000100010000010011100011 a
b10011000100 .
#3027000
b11111111111111111111100110001010 #
b11111111111111111111100110001010 b
b10011000000100010000010111100011 +
b10011000000100010000010111100011 a
b10011000101 .
#3028000
b11111111111111111111100110001100 #
b11111111111111111111100110001100 b
b10011000000100010000011011100011 +
b10011000000100010000011011100011 a
b10011000110 .
#3029000
b11111111111111111111100110001110 #
b11111111111111111111100110001110 b
b10011000000100010000011111100011 +
b10011000000100010000011111100011 a
b10011000111 .
#3030000
b11111111111111111111100110010000 #
b11111111111111111111100110010000 b
b10011000000100010000100011100011 +
b10011000000100010000100011100011 a
b10011001000 .
0*
#3031000
b11111111111111111111100110010010 #
b11111111111111111111100110010010 b
b10011000000100010000100111100011 +
b10011000000100010000100111100011 a
b10011001001 .
#3032000
b11111111111111111111100110010100 #
b11111111111111111111100110010100 b
b10011000000100010000101011100011 +
b10011000000100010000101011100011 a
b10011001010 .
#3033000
b11111111111111111111100110010110 #
b11111111111111111111100110010110 b
b10011000000100010000101111100011 +
b10011000000100010000101111100011 a
b10011001011 .
#3034000
b11111111111111111111100110011000 #
b11111111111111111111100110011000 b
b10011000000100010000110011100011 +
b10011000000100010000110011100011 a
b10011001100 .
#3035000
b11111111111111111111100110011010 #
b11111111111111111111100110011010 b
b10011000000100010000110111100011 +
b10011000000100010000110111100011 a
b10011001101 .
1*
#3036000
b11111111111111111111100110011100 #
b11111111111111111111100110011100 b
b10011000000100010000111011100011 +
b10011000000100010000111011100011 a
b10011001110 .
#3037000
b11111111111111111111100110011110 #
b11111111111111111111100110011110 b
b10011000000100010000111111100011 +
b10011000000100010000111111100011 a
b10011001111 .
#3038000
b11111111111111111111100110100000 #
b11111111111111111111100110100000 b
b10011010000100010000000011100011 +
b10011010000100010000000011100011 a
b10011010000 .
#3039000
b11111111111111111111100110100010 #
b11111111111111111111100110100010 b
b10011010000100010000000111100011 +
b10011010000100010000000111100011 a
b10011010001 .
#3040000
b11111111111111111111100110100100 #
b11111111111111111111100110100100 b
b10011010000100010000001011100011 +
b10011010000100010000001011100011 a
b10011010010 .
0*
#3041000
b11111111111111111111100110100110 #
b11111111111111111111100110100110 b
b10011010000100010000001111100011 +
b10011010000100010000001111100011 a
b10011010011 .
#3042000
b11111111111111111111100110101000 #
b11111111111111111111100110101000 b
b10011010000100010000010011100011 +
b10011010000100010000010011100011 a
b10011010100 .
#3043000
b11111111111111111111100110101010 #
b11111111111111111111100110101010 b
b10011010000100010000010111100011 +
b10011010000100010000010111100011 a
b10011010101 .
#3044000
b11111111111111111111100110101100 #
b11111111111111111111100110101100 b
b10011010000100010000011011100011 +
b10011010000100010000011011100011 a
b10011010110 .
#3045000
b11111111111111111111100110101110 #
b11111111111111111111100110101110 b
b10011010000100010000011111100011 +
b10011010000100010000011111100011 a
b10011010111 .
1*
#3046000
b11111111111111111111100110110000 #
b11111111111111111111100110110000 b
b10011010000100010000100011100011 +
b10011010000100010000100011100011 a
b10011011000 .
#3047000
b11111111111111111111100110110010 #
b11111111111111111111100110110010 b
b10011010000100010000100111100011 +
b10011010000100010000100111100011 a
b10011011001 .
#3048000
b11111111111111111111100110110100 #
b11111111111111111111100110110100 b
b10011010000100010000101011100011 +
b10011010000100010000101011100011 a
b10011011010 .
#3049000
b11111111111111111111100110110110 #
b11111111111111111111100110110110 b
b10011010000100010000101111100011 +
b10011010000100010000101111100011 a
b10011011011 .
#3050000
b11111111111111111111100110111000 #
b11111111111111111111100110111000 b
b10011010000100010000110011100011 +
b10011010000100010000110011100011 a
b10011011100 .
0*
#3051000
b11111111111111111111100110111010 #
b11111111111111111111100110111010 b
b10011010000100010000110111100011 +
b10011010000100010000110111100011 a
b10011011101 .
#3052000
b11111111111111111111100110111100 #
b11111111111111111111100110111100 b
b10011010000100010000111011100011 +
b10011010000100010000111011100011 a
b10011011110 .
#3053000
b11111111111111111111100110111110 #
b11111111111111111111100110111110 b
b10011010000100010000111111100011 +
b10011010000100010000111111100011 a
b10011011111 .
#3054000
b11111111111111111111100111000000 #
b11111111111111111111100111000000 b
b10011100000100010000000011100011 +
b10011100000100010000000011100011 a
b10011100000 .
#3055000
b11111111111111111111100111000010 #
b11111111111111111111100111000010 b
b10011100000100010000000111100011 +
b10011100000100010000000111100011 a
b10011100001 .
1*
#3056000
b11111111111111111111100111000100 #
b11111111111111111111100111000100 b
b10011100000100010000001011100011 +
b10011100000100010000001011100011 a
b10011100010 .
#3057000
b11111111111111111111100111000110 #
b11111111111111111111100111000110 b
b10011100000100010000001111100011 +
b10011100000100010000001111100011 a
b10011100011 .
#3058000
b11111111111111111111100111001000 #
b11111111111111111111100111001000 b
b10011100000100010000010011100011 +
b10011100000100010000010011100011 a
b10011100100 .
#3059000
b11111111111111111111100111001010 #
b11111111111111111111100111001010 b
b10011100000100010000010111100011 +
b10011100000100010000010111100011 a
b10011100101 .
#3060000
b11111111111111111111100111001100 #
b11111111111111111111100111001100 b
b10011100000100010000011011100011 +
b10011100000100010000011011100011 a
b10011100110 .
0*
#3061000
b11111111111111111111100111001110 #
b11111111111111111111100111001110 b
b10011100000100010000011111100011 +
b10011100000100010000011111100011 a
b10011100111 .
#3062000
b11111111111111111111100111010000 #
b11111111111111111111100111010000 b
b10011100000100010000100011100011 +
b10011100000100010000100011100011 a
b10011101000 .
#3063000
b11111111111111111111100111010010 #
b11111111111111111111100111010010 b
b10011100000100010000100111100011 +
b10011100000100010000100111100011 a
b10011101001 .
#3064000
b11111111111111111111100111010100 #
b11111111111111111111100111010100 b
b10011100000100010000101011100011 +
b10011100000100010000101011100011 a
b10011101010 .
#3065000
b11111111111111111111100111010110 #
b11111111111111111111100111010110 b
b10011100000100010000101111100011 +
b10011100000100010000101111100011 a
b10011101011 .
1*
#3066000
b11111111111111111111100111011000 #
b11111111111111111111100111011000 b
b10011100000100010000110011100011 +
b10011100000100010000110011100011 a
b10011101100 .
#3067000
b11111111111111111111100111011010 #
b11111111111111111111100111011010 b
b10011100000100010000110111100011 +
b10011100000100010000110111100011 a
b10011101101 .
#3068000
b11111111111111111111100111011100 #
b11111111111111111111100111011100 b
b10011100000100010000111011100011 +
b10011100000100010000111011100011 a
b10011101110 .
#3069000
b11111111111111111111100111011110 #
b11111111111111111111100111011110 b
b10011100000100010000111111100011 +
b10011100000100010000111111100011 a
b10011101111 .
#3070000
b11111111111111111111100111100000 #
b11111111111111111111100111100000 b
b10011110000100010000000011100011 +
b10011110000100010000000011100011 a
b10011110000 .
0*
#3071000
b11111111111111111111100111100010 #
b11111111111111111111100111100010 b
b10011110000100010000000111100011 +
b10011110000100010000000111100011 a
b10011110001 .
#3072000
b11111111111111111111100111100100 #
b11111111111111111111100111100100 b
b10011110000100010000001011100011 +
b10011110000100010000001011100011 a
b10011110010 .
#3073000
b11111111111111111111100111100110 #
b11111111111111111111100111100110 b
b10011110000100010000001111100011 +
b10011110000100010000001111100011 a
b10011110011 .
#3074000
b11111111111111111111100111101000 #
b11111111111111111111100111101000 b
b10011110000100010000010011100011 +
b10011110000100010000010011100011 a
b10011110100 .
#3075000
b11111111111111111111100111101010 #
b11111111111111111111100111101010 b
b10011110000100010000010111100011 +
b10011110000100010000010111100011 a
b10011110101 .
1*
#3076000
b11111111111111111111100111101100 #
b11111111111111111111100111101100 b
b10011110000100010000011011100011 +
b10011110000100010000011011100011 a
b10011110110 .
#3077000
b11111111111111111111100111101110 #
b11111111111111111111100111101110 b
b10011110000100010000011111100011 +
b10011110000100010000011111100011 a
b10011110111 .
#3078000
b11111111111111111111100111110000 #
b11111111111111111111100111110000 b
b10011110000100010000100011100011 +
b10011110000100010000100011100011 a
b10011111000 .
#3079000
b11111111111111111111100111110010 #
b11111111111111111111100111110010 b
b10011110000100010000100111100011 +
b10011110000100010000100111100011 a
b10011111001 .
#3080000
b11111111111111111111100111110100 #
b11111111111111111111100111110100 b
b10011110000100010000101011100011 +
b10011110000100010000101011100011 a
b10011111010 .
0*
#3081000
b11111111111111111111100111110110 #
b11111111111111111111100111110110 b
b10011110000100010000101111100011 +
b10011110000100010000101111100011 a
b10011111011 .
#3082000
b11111111111111111111100111111000 #
b11111111111111111111100111111000 b
b10011110000100010000110011100011 +
b10011110000100010000110011100011 a
b10011111100 .
#3083000
b11111111111111111111100111111010 #
b11111111111111111111100111111010 b
b10011110000100010000110111100011 +
b10011110000100010000110111100011 a
b10011111101 .
#3084000
b11111111111111111111100111111100 #
b11111111111111111111100111111100 b
b10011110000100010000111011100011 +
b10011110000100010000111011100011 a
b10011111110 .
#3085000
b11111111111111111111100111111110 #
b11111111111111111111100111111110 b
b10011110000100010000111111100011 +
b10011110000100010000111111100011 a
b10011111111 .
1*
#3086000
b11111111111111111111101000000000 #
b11111111111111111111101000000000 b
b10100000000100010000000011100011 +
b10100000000100010000000011100011 a
b10100000000 .
#3087000
b11111111111111111111101000000010 #
b11111111111111111111101000000010 b
b10100000000100010000000111100011 +
b10100000000100010000000111100011 a
b10100000001 .
#3088000
b11111111111111111111101000000100 #
b11111111111111111111101000000100 b
b10100000000100010000001011100011 +
b10100000000100010000001011100011 a
b10100000010 .
#3089000
b11111111111111111111101000000110 #
b11111111111111111111101000000110 b
b10100000000100010000001111100011 +
b10100000000100010000001111100011 a
b10100000011 .
#3090000
b11111111111111111111101000001000 #
b11111111111111111111101000001000 b
b10100000000100010000010011100011 +
b10100000000100010000010011100011 a
b10100000100 .
0*
#3091000
b11111111111111111111101000001010 #
b11111111111111111111101000001010 b
b10100000000100010000010111100011 +
b10100000000100010000010111100011 a
b10100000101 .
#3092000
b11111111111111111111101000001100 #
b11111111111111111111101000001100 b
b10100000000100010000011011100011 +
b10100000000100010000011011100011 a
b10100000110 .
#3093000
b11111111111111111111101000001110 #
b11111111111111111111101000001110 b
b10100000000100010000011111100011 +
b10100000000100010000011111100011 a
b10100000111 .
#3094000
b11111111111111111111101000010000 #
b11111111111111111111101000010000 b
b10100000000100010000100011100011 +
b10100000000100010000100011100011 a
b10100001000 .
#3095000
b11111111111111111111101000010010 #
b11111111111111111111101000010010 b
b10100000000100010000100111100011 +
b10100000000100010000100111100011 a
b10100001001 .
1*
#3096000
b11111111111111111111101000010100 #
b11111111111111111111101000010100 b
b10100000000100010000101011100011 +
b10100000000100010000101011100011 a
b10100001010 .
#3097000
b11111111111111111111101000010110 #
b11111111111111111111101000010110 b
b10100000000100010000101111100011 +
b10100000000100010000101111100011 a
b10100001011 .
#3098000
b11111111111111111111101000011000 #
b11111111111111111111101000011000 b
b10100000000100010000110011100011 +
b10100000000100010000110011100011 a
b10100001100 .
#3099000
b11111111111111111111101000011010 #
b11111111111111111111101000011010 b
b10100000000100010000110111100011 +
b10100000000100010000110111100011 a
b10100001101 .
#3100000
b11111111111111111111101000011100 #
b11111111111111111111101000011100 b
b10100000000100010000111011100011 +
b10100000000100010000111011100011 a
b10100001110 .
0*
#3101000
b11111111111111111111101000011110 #
b11111111111111111111101000011110 b
b10100000000100010000111111100011 +
b10100000000100010000111111100011 a
b10100001111 .
#3102000
b11111111111111111111101000100000 #
b11111111111111111111101000100000 b
b10100010000100010000000011100011 +
b10100010000100010000000011100011 a
b10100010000 .
#3103000
b11111111111111111111101000100010 #
b11111111111111111111101000100010 b
b10100010000100010000000111100011 +
b10100010000100010000000111100011 a
b10100010001 .
#3104000
b11111111111111111111101000100100 #
b11111111111111111111101000100100 b
b10100010000100010000001011100011 +
b10100010000100010000001011100011 a
b10100010010 .
#3105000
b11111111111111111111101000100110 #
b11111111111111111111101000100110 b
b10100010000100010000001111100011 +
b10100010000100010000001111100011 a
b10100010011 .
1*
#3106000
b11111111111111111111101000101000 #
b11111111111111111111101000101000 b
b10100010000100010000010011100011 +
b10100010000100010000010011100011 a
b10100010100 .
#3107000
b11111111111111111111101000101010 #
b11111111111111111111101000101010 b
b10100010000100010000010111100011 +
b10100010000100010000010111100011 a
b10100010101 .
#3108000
b11111111111111111111101000101100 #
b11111111111111111111101000101100 b
b10100010000100010000011011100011 +
b10100010000100010000011011100011 a
b10100010110 .
#3109000
b11111111111111111111101000101110 #
b11111111111111111111101000101110 b
b10100010000100010000011111100011 +
b10100010000100010000011111100011 a
b10100010111 .
#3110000
b11111111111111111111101000110000 #
b11111111111111111111101000110000 b
b10100010000100010000100011100011 +
b10100010000100010000100011100011 a
b10100011000 .
0*
#3111000
b11111111111111111111101000110010 #
b11111111111111111111101000110010 b
b10100010000100010000100111100011 +
b10100010000100010000100111100011 a
b10100011001 .
#3112000
b11111111111111111111101000110100 #
b11111111111111111111101000110100 b
b10100010000100010000101011100011 +
b10100010000100010000101011100011 a
b10100011010 .
#3113000
b11111111111111111111101000110110 #
b11111111111111111111101000110110 b
b10100010000100010000101111100011 +
b10100010000100010000101111100011 a
b10100011011 .
#3114000
b11111111111111111111101000111000 #
b11111111111111111111101000111000 b
b10100010000100010000110011100011 +
b10100010000100010000110011100011 a
b10100011100 .
#3115000
b11111111111111111111101000111010 #
b11111111111111111111101000111010 b
b10100010000100010000110111100011 +
b10100010000100010000110111100011 a
b10100011101 .
1*
#3116000
b11111111111111111111101000111100 #
b11111111111111111111101000111100 b
b10100010000100010000111011100011 +
b10100010000100010000111011100011 a
b10100011110 .
#3117000
b11111111111111111111101000111110 #
b11111111111111111111101000111110 b
b10100010000100010000111111100011 +
b10100010000100010000111111100011 a
b10100011111 .
#3118000
b11111111111111111111101001000000 #
b11111111111111111111101001000000 b
b10100100000100010000000011100011 +
b10100100000100010000000011100011 a
b10100100000 .
#3119000
b11111111111111111111101001000010 #
b11111111111111111111101001000010 b
b10100100000100010000000111100011 +
b10100100000100010000000111100011 a
b10100100001 .
#3120000
b11111111111111111111101001000100 #
b11111111111111111111101001000100 b
b10100100000100010000001011100011 +
b10100100000100010000001011100011 a
b10100100010 .
0*
#3121000
b11111111111111111111101001000110 #
b11111111111111111111101001000110 b
b10100100000100010000001111100011 +
b10100100000100010000001111100011 a
b10100100011 .
#3122000
b11111111111111111111101001001000 #
b11111111111111111111101001001000 b
b10100100000100010000010011100011 +
b10100100000100010000010011100011 a
b10100100100 .
#3123000
b11111111111111111111101001001010 #
b11111111111111111111101001001010 b
b10100100000100010000010111100011 +
b10100100000100010000010111100011 a
b10100100101 .
#3124000
b11111111111111111111101001001100 #
b11111111111111111111101001001100 b
b10100100000100010000011011100011 +
b10100100000100010000011011100011 a
b10100100110 .
#3125000
b11111111111111111111101001001110 #
b11111111111111111111101001001110 b
b10100100000100010000011111100011 +
b10100100000100010000011111100011 a
b10100100111 .
1*
#3126000
b11111111111111111111101001010000 #
b11111111111111111111101001010000 b
b10100100000100010000100011100011 +
b10100100000100010000100011100011 a
b10100101000 .
#3127000
b11111111111111111111101001010010 #
b11111111111111111111101001010010 b
b10100100000100010000100111100011 +
b10100100000100010000100111100011 a
b10100101001 .
#3128000
b11111111111111111111101001010100 #
b11111111111111111111101001010100 b
b10100100000100010000101011100011 +
b10100100000100010000101011100011 a
b10100101010 .
#3129000
b11111111111111111111101001010110 #
b11111111111111111111101001010110 b
b10100100000100010000101111100011 +
b10100100000100010000101111100011 a
b10100101011 .
#3130000
b11111111111111111111101001011000 #
b11111111111111111111101001011000 b
b10100100000100010000110011100011 +
b10100100000100010000110011100011 a
b10100101100 .
0*
#3131000
b11111111111111111111101001011010 #
b11111111111111111111101001011010 b
b10100100000100010000110111100011 +
b10100100000100010000110111100011 a
b10100101101 .
#3132000
b11111111111111111111101001011100 #
b11111111111111111111101001011100 b
b10100100000100010000111011100011 +
b10100100000100010000111011100011 a
b10100101110 .
#3133000
b11111111111111111111101001011110 #
b11111111111111111111101001011110 b
b10100100000100010000111111100011 +
b10100100000100010000111111100011 a
b10100101111 .
#3134000
b11111111111111111111101001100000 #
b11111111111111111111101001100000 b
b10100110000100010000000011100011 +
b10100110000100010000000011100011 a
b10100110000 .
#3135000
b11111111111111111111101001100010 #
b11111111111111111111101001100010 b
b10100110000100010000000111100011 +
b10100110000100010000000111100011 a
b10100110001 .
1*
#3136000
b11111111111111111111101001100100 #
b11111111111111111111101001100100 b
b10100110000100010000001011100011 +
b10100110000100010000001011100011 a
b10100110010 .
#3137000
b11111111111111111111101001100110 #
b11111111111111111111101001100110 b
b10100110000100010000001111100011 +
b10100110000100010000001111100011 a
b10100110011 .
#3138000
b11111111111111111111101001101000 #
b11111111111111111111101001101000 b
b10100110000100010000010011100011 +
b10100110000100010000010011100011 a
b10100110100 .
#3139000
b11111111111111111111101001101010 #
b11111111111111111111101001101010 b
b10100110000100010000010111100011 +
b10100110000100010000010111100011 a
b10100110101 .
#3140000
b11111111111111111111101001101100 #
b11111111111111111111101001101100 b
b10100110000100010000011011100011 +
b10100110000100010000011011100011 a
b10100110110 .
0*
#3141000
b11111111111111111111101001101110 #
b11111111111111111111101001101110 b
b10100110000100010000011111100011 +
b10100110000100010000011111100011 a
b10100110111 .
#3142000
b11111111111111111111101001110000 #
b11111111111111111111101001110000 b
b10100110000100010000100011100011 +
b10100110000100010000100011100011 a
b10100111000 .
#3143000
b11111111111111111111101001110010 #
b11111111111111111111101001110010 b
b10100110000100010000100111100011 +
b10100110000100010000100111100011 a
b10100111001 .
#3144000
b11111111111111111111101001110100 #
b11111111111111111111101001110100 b
b10100110000100010000101011100011 +
b10100110000100010000101011100011 a
b10100111010 .
#3145000
b11111111111111111111101001110110 #
b11111111111111111111101001110110 b
b10100110000100010000101111100011 +
b10100110000100010000101111100011 a
b10100111011 .
1*
#3146000
b11111111111111111111101001111000 #
b11111111111111111111101001111000 b
b10100110000100010000110011100011 +
b10100110000100010000110011100011 a
b10100111100 .
#3147000
b11111111111111111111101001111010 #
b11111111111111111111101001111010 b
b10100110000100010000110111100011 +
b10100110000100010000110111100011 a
b10100111101 .
#3148000
b11111111111111111111101001111100 #
b11111111111111111111101001111100 b
b10100110000100010000111011100011 +
b10100110000100010000111011100011 a
b10100111110 .
#3149000
b11111111111111111111101001111110 #
b11111111111111111111101001111110 b
b10100110000100010000111111100011 +
b10100110000100010000111111100011 a
b10100111111 .
#3150000
b11111111111111111111101010000000 #
b11111111111111111111101010000000 b
b10101000000100010000000011100011 +
b10101000000100010000000011100011 a
b10101000000 .
0*
#3151000
b11111111111111111111101010000010 #
b11111111111111111111101010000010 b
b10101000000100010000000111100011 +
b10101000000100010000000111100011 a
b10101000001 .
#3152000
b11111111111111111111101010000100 #
b11111111111111111111101010000100 b
b10101000000100010000001011100011 +
b10101000000100010000001011100011 a
b10101000010 .
#3153000
b11111111111111111111101010000110 #
b11111111111111111111101010000110 b
b10101000000100010000001111100011 +
b10101000000100010000001111100011 a
b10101000011 .
#3154000
b11111111111111111111101010001000 #
b11111111111111111111101010001000 b
b10101000000100010000010011100011 +
b10101000000100010000010011100011 a
b10101000100 .
#3155000
b11111111111111111111101010001010 #
b11111111111111111111101010001010 b
b10101000000100010000010111100011 +
b10101000000100010000010111100011 a
b10101000101 .
1*
#3156000
b11111111111111111111101010001100 #
b11111111111111111111101010001100 b
b10101000000100010000011011100011 +
b10101000000100010000011011100011 a
b10101000110 .
#3157000
b11111111111111111111101010001110 #
b11111111111111111111101010001110 b
b10101000000100010000011111100011 +
b10101000000100010000011111100011 a
b10101000111 .
#3158000
b11111111111111111111101010010000 #
b11111111111111111111101010010000 b
b10101000000100010000100011100011 +
b10101000000100010000100011100011 a
b10101001000 .
#3159000
b11111111111111111111101010010010 #
b11111111111111111111101010010010 b
b10101000000100010000100111100011 +
b10101000000100010000100111100011 a
b10101001001 .
#3160000
b11111111111111111111101010010100 #
b11111111111111111111101010010100 b
b10101000000100010000101011100011 +
b10101000000100010000101011100011 a
b10101001010 .
0*
#3161000
b11111111111111111111101010010110 #
b11111111111111111111101010010110 b
b10101000000100010000101111100011 +
b10101000000100010000101111100011 a
b10101001011 .
#3162000
b11111111111111111111101010011000 #
b11111111111111111111101010011000 b
b10101000000100010000110011100011 +
b10101000000100010000110011100011 a
b10101001100 .
#3163000
b11111111111111111111101010011010 #
b11111111111111111111101010011010 b
b10101000000100010000110111100011 +
b10101000000100010000110111100011 a
b10101001101 .
#3164000
b11111111111111111111101010011100 #
b11111111111111111111101010011100 b
b10101000000100010000111011100011 +
b10101000000100010000111011100011 a
b10101001110 .
#3165000
b11111111111111111111101010011110 #
b11111111111111111111101010011110 b
b10101000000100010000111111100011 +
b10101000000100010000111111100011 a
b10101001111 .
1*
#3166000
b11111111111111111111101010100000 #
b11111111111111111111101010100000 b
b10101010000100010000000011100011 +
b10101010000100010000000011100011 a
b10101010000 .
#3167000
b11111111111111111111101010100010 #
b11111111111111111111101010100010 b
b10101010000100010000000111100011 +
b10101010000100010000000111100011 a
b10101010001 .
#3168000
b11111111111111111111101010100100 #
b11111111111111111111101010100100 b
b10101010000100010000001011100011 +
b10101010000100010000001011100011 a
b10101010010 .
#3169000
b11111111111111111111101010100110 #
b11111111111111111111101010100110 b
b10101010000100010000001111100011 +
b10101010000100010000001111100011 a
b10101010011 .
#3170000
b11111111111111111111101010101000 #
b11111111111111111111101010101000 b
b10101010000100010000010011100011 +
b10101010000100010000010011100011 a
b10101010100 .
0*
#3171000
b11111111111111111111101010101010 #
b11111111111111111111101010101010 b
b10101010000100010000010111100011 +
b10101010000100010000010111100011 a
b10101010101 .
#3172000
b11111111111111111111101010101100 #
b11111111111111111111101010101100 b
b10101010000100010000011011100011 +
b10101010000100010000011011100011 a
b10101010110 .
#3173000
b11111111111111111111101010101110 #
b11111111111111111111101010101110 b
b10101010000100010000011111100011 +
b10101010000100010000011111100011 a
b10101010111 .
#3174000
b11111111111111111111101010110000 #
b11111111111111111111101010110000 b
b10101010000100010000100011100011 +
b10101010000100010000100011100011 a
b10101011000 .
#3175000
b11111111111111111111101010110010 #
b11111111111111111111101010110010 b
b10101010000100010000100111100011 +
b10101010000100010000100111100011 a
b10101011001 .
1*
#3176000
b11111111111111111111101010110100 #
b11111111111111111111101010110100 b
b10101010000100010000101011100011 +
b10101010000100010000101011100011 a
b10101011010 .
#3177000
b11111111111111111111101010110110 #
b11111111111111111111101010110110 b
b10101010000100010000101111100011 +
b10101010000100010000101111100011 a
b10101011011 .
#3178000
b11111111111111111111101010111000 #
b11111111111111111111101010111000 b
b10101010000100010000110011100011 +
b10101010000100010000110011100011 a
b10101011100 .
#3179000
b11111111111111111111101010111010 #
b11111111111111111111101010111010 b
b10101010000100010000110111100011 +
b10101010000100010000110111100011 a
b10101011101 .
#3180000
b11111111111111111111101010111100 #
b11111111111111111111101010111100 b
b10101010000100010000111011100011 +
b10101010000100010000111011100011 a
b10101011110 .
0*
#3181000
b11111111111111111111101010111110 #
b11111111111111111111101010111110 b
b10101010000100010000111111100011 +
b10101010000100010000111111100011 a
b10101011111 .
#3182000
b11111111111111111111101011000000 #
b11111111111111111111101011000000 b
b10101100000100010000000011100011 +
b10101100000100010000000011100011 a
b10101100000 .
#3183000
b11111111111111111111101011000010 #
b11111111111111111111101011000010 b
b10101100000100010000000111100011 +
b10101100000100010000000111100011 a
b10101100001 .
#3184000
b11111111111111111111101011000100 #
b11111111111111111111101011000100 b
b10101100000100010000001011100011 +
b10101100000100010000001011100011 a
b10101100010 .
#3185000
b11111111111111111111101011000110 #
b11111111111111111111101011000110 b
b10101100000100010000001111100011 +
b10101100000100010000001111100011 a
b10101100011 .
1*
#3186000
b11111111111111111111101011001000 #
b11111111111111111111101011001000 b
b10101100000100010000010011100011 +
b10101100000100010000010011100011 a
b10101100100 .
#3187000
b11111111111111111111101011001010 #
b11111111111111111111101011001010 b
b10101100000100010000010111100011 +
b10101100000100010000010111100011 a
b10101100101 .
#3188000
b11111111111111111111101011001100 #
b11111111111111111111101011001100 b
b10101100000100010000011011100011 +
b10101100000100010000011011100011 a
b10101100110 .
#3189000
b11111111111111111111101011001110 #
b11111111111111111111101011001110 b
b10101100000100010000011111100011 +
b10101100000100010000011111100011 a
b10101100111 .
#3190000
b11111111111111111111101011010000 #
b11111111111111111111101011010000 b
b10101100000100010000100011100011 +
b10101100000100010000100011100011 a
b10101101000 .
0*
#3191000
b11111111111111111111101011010010 #
b11111111111111111111101011010010 b
b10101100000100010000100111100011 +
b10101100000100010000100111100011 a
b10101101001 .
#3192000
b11111111111111111111101011010100 #
b11111111111111111111101011010100 b
b10101100000100010000101011100011 +
b10101100000100010000101011100011 a
b10101101010 .
#3193000
b11111111111111111111101011010110 #
b11111111111111111111101011010110 b
b10101100000100010000101111100011 +
b10101100000100010000101111100011 a
b10101101011 .
#3194000
b11111111111111111111101011011000 #
b11111111111111111111101011011000 b
b10101100000100010000110011100011 +
b10101100000100010000110011100011 a
b10101101100 .
#3195000
b11111111111111111111101011011010 #
b11111111111111111111101011011010 b
b10101100000100010000110111100011 +
b10101100000100010000110111100011 a
b10101101101 .
1*
#3196000
b11111111111111111111101011011100 #
b11111111111111111111101011011100 b
b10101100000100010000111011100011 +
b10101100000100010000111011100011 a
b10101101110 .
#3197000
b11111111111111111111101011011110 #
b11111111111111111111101011011110 b
b10101100000100010000111111100011 +
b10101100000100010000111111100011 a
b10101101111 .
#3198000
b11111111111111111111101011100000 #
b11111111111111111111101011100000 b
b10101110000100010000000011100011 +
b10101110000100010000000011100011 a
b10101110000 .
#3199000
b11111111111111111111101011100010 #
b11111111111111111111101011100010 b
b10101110000100010000000111100011 +
b10101110000100010000000111100011 a
b10101110001 .
#3200000
b11111111111111111111101011100100 #
b11111111111111111111101011100100 b
b10101110000100010000001011100011 +
b10101110000100010000001011100011 a
b10101110010 .
0*
#3201000
b11111111111111111111101011100110 #
b11111111111111111111101011100110 b
b10101110000100010000001111100011 +
b10101110000100010000001111100011 a
b10101110011 .
#3202000
b11111111111111111111101011101000 #
b11111111111111111111101011101000 b
b10101110000100010000010011100011 +
b10101110000100010000010011100011 a
b10101110100 .
#3203000
b11111111111111111111101011101010 #
b11111111111111111111101011101010 b
b10101110000100010000010111100011 +
b10101110000100010000010111100011 a
b10101110101 .
#3204000
b11111111111111111111101011101100 #
b11111111111111111111101011101100 b
b10101110000100010000011011100011 +
b10101110000100010000011011100011 a
b10101110110 .
#3205000
b11111111111111111111101011101110 #
b11111111111111111111101011101110 b
b10101110000100010000011111100011 +
b10101110000100010000011111100011 a
b10101110111 .
1*
#3206000
b11111111111111111111101011110000 #
b11111111111111111111101011110000 b
b10101110000100010000100011100011 +
b10101110000100010000100011100011 a
b10101111000 .
#3207000
b11111111111111111111101011110010 #
b11111111111111111111101011110010 b
b10101110000100010000100111100011 +
b10101110000100010000100111100011 a
b10101111001 .
#3208000
b11111111111111111111101011110100 #
b11111111111111111111101011110100 b
b10101110000100010000101011100011 +
b10101110000100010000101011100011 a
b10101111010 .
#3209000
b11111111111111111111101011110110 #
b11111111111111111111101011110110 b
b10101110000100010000101111100011 +
b10101110000100010000101111100011 a
b10101111011 .
#3210000
b11111111111111111111101011111000 #
b11111111111111111111101011111000 b
b10101110000100010000110011100011 +
b10101110000100010000110011100011 a
b10101111100 .
0*
#3211000
b11111111111111111111101011111010 #
b11111111111111111111101011111010 b
b10101110000100010000110111100011 +
b10101110000100010000110111100011 a
b10101111101 .
#3212000
b11111111111111111111101011111100 #
b11111111111111111111101011111100 b
b10101110000100010000111011100011 +
b10101110000100010000111011100011 a
b10101111110 .
#3213000
b11111111111111111111101011111110 #
b11111111111111111111101011111110 b
b10101110000100010000111111100011 +
b10101110000100010000111111100011 a
b10101111111 .
#3214000
b11111111111111111111101100000000 #
b11111111111111111111101100000000 b
b10110000000100010000000011100011 +
b10110000000100010000000011100011 a
b10110000000 .
#3215000
b11111111111111111111101100000010 #
b11111111111111111111101100000010 b
b10110000000100010000000111100011 +
b10110000000100010000000111100011 a
b10110000001 .
1*
#3216000
b11111111111111111111101100000100 #
b11111111111111111111101100000100 b
b10110000000100010000001011100011 +
b10110000000100010000001011100011 a
b10110000010 .
#3217000
b11111111111111111111101100000110 #
b11111111111111111111101100000110 b
b10110000000100010000001111100011 +
b10110000000100010000001111100011 a
b10110000011 .
#3218000
b11111111111111111111101100001000 #
b11111111111111111111101100001000 b
b10110000000100010000010011100011 +
b10110000000100010000010011100011 a
b10110000100 .
#3219000
b11111111111111111111101100001010 #
b11111111111111111111101100001010 b
b10110000000100010000010111100011 +
b10110000000100010000010111100011 a
b10110000101 .
#3220000
b11111111111111111111101100001100 #
b11111111111111111111101100001100 b
b10110000000100010000011011100011 +
b10110000000100010000011011100011 a
b10110000110 .
0*
#3221000
b11111111111111111111101100001110 #
b11111111111111111111101100001110 b
b10110000000100010000011111100011 +
b10110000000100010000011111100011 a
b10110000111 .
#3222000
b11111111111111111111101100010000 #
b11111111111111111111101100010000 b
b10110000000100010000100011100011 +
b10110000000100010000100011100011 a
b10110001000 .
#3223000
b11111111111111111111101100010010 #
b11111111111111111111101100010010 b
b10110000000100010000100111100011 +
b10110000000100010000100111100011 a
b10110001001 .
#3224000
b11111111111111111111101100010100 #
b11111111111111111111101100010100 b
b10110000000100010000101011100011 +
b10110000000100010000101011100011 a
b10110001010 .
#3225000
b11111111111111111111101100010110 #
b11111111111111111111101100010110 b
b10110000000100010000101111100011 +
b10110000000100010000101111100011 a
b10110001011 .
1*
#3226000
b11111111111111111111101100011000 #
b11111111111111111111101100011000 b
b10110000000100010000110011100011 +
b10110000000100010000110011100011 a
b10110001100 .
#3227000
b11111111111111111111101100011010 #
b11111111111111111111101100011010 b
b10110000000100010000110111100011 +
b10110000000100010000110111100011 a
b10110001101 .
#3228000
b11111111111111111111101100011100 #
b11111111111111111111101100011100 b
b10110000000100010000111011100011 +
b10110000000100010000111011100011 a
b10110001110 .
#3229000
b11111111111111111111101100011110 #
b11111111111111111111101100011110 b
b10110000000100010000111111100011 +
b10110000000100010000111111100011 a
b10110001111 .
#3230000
b11111111111111111111101100100000 #
b11111111111111111111101100100000 b
b10110010000100010000000011100011 +
b10110010000100010000000011100011 a
b10110010000 .
0*
#3231000
b11111111111111111111101100100010 #
b11111111111111111111101100100010 b
b10110010000100010000000111100011 +
b10110010000100010000000111100011 a
b10110010001 .
#3232000
b11111111111111111111101100100100 #
b11111111111111111111101100100100 b
b10110010000100010000001011100011 +
b10110010000100010000001011100011 a
b10110010010 .
#3233000
b11111111111111111111101100100110 #
b11111111111111111111101100100110 b
b10110010000100010000001111100011 +
b10110010000100010000001111100011 a
b10110010011 .
#3234000
b11111111111111111111101100101000 #
b11111111111111111111101100101000 b
b10110010000100010000010011100011 +
b10110010000100010000010011100011 a
b10110010100 .
#3235000
b11111111111111111111101100101010 #
b11111111111111111111101100101010 b
b10110010000100010000010111100011 +
b10110010000100010000010111100011 a
b10110010101 .
1*
#3236000
b11111111111111111111101100101100 #
b11111111111111111111101100101100 b
b10110010000100010000011011100011 +
b10110010000100010000011011100011 a
b10110010110 .
#3237000
b11111111111111111111101100101110 #
b11111111111111111111101100101110 b
b10110010000100010000011111100011 +
b10110010000100010000011111100011 a
b10110010111 .
#3238000
b11111111111111111111101100110000 #
b11111111111111111111101100110000 b
b10110010000100010000100011100011 +
b10110010000100010000100011100011 a
b10110011000 .
#3239000
b11111111111111111111101100110010 #
b11111111111111111111101100110010 b
b10110010000100010000100111100011 +
b10110010000100010000100111100011 a
b10110011001 .
#3240000
b11111111111111111111101100110100 #
b11111111111111111111101100110100 b
b10110010000100010000101011100011 +
b10110010000100010000101011100011 a
b10110011010 .
0*
#3241000
b11111111111111111111101100110110 #
b11111111111111111111101100110110 b
b10110010000100010000101111100011 +
b10110010000100010000101111100011 a
b10110011011 .
#3242000
b11111111111111111111101100111000 #
b11111111111111111111101100111000 b
b10110010000100010000110011100011 +
b10110010000100010000110011100011 a
b10110011100 .
#3243000
b11111111111111111111101100111010 #
b11111111111111111111101100111010 b
b10110010000100010000110111100011 +
b10110010000100010000110111100011 a
b10110011101 .
#3244000
b11111111111111111111101100111100 #
b11111111111111111111101100111100 b
b10110010000100010000111011100011 +
b10110010000100010000111011100011 a
b10110011110 .
#3245000
b11111111111111111111101100111110 #
b11111111111111111111101100111110 b
b10110010000100010000111111100011 +
b10110010000100010000111111100011 a
b10110011111 .
1*
#3246000
b11111111111111111111101101000000 #
b11111111111111111111101101000000 b
b10110100000100010000000011100011 +
b10110100000100010000000011100011 a
b10110100000 .
#3247000
b11111111111111111111101101000010 #
b11111111111111111111101101000010 b
b10110100000100010000000111100011 +
b10110100000100010000000111100011 a
b10110100001 .
#3248000
b11111111111111111111101101000100 #
b11111111111111111111101101000100 b
b10110100000100010000001011100011 +
b10110100000100010000001011100011 a
b10110100010 .
#3249000
b11111111111111111111101101000110 #
b11111111111111111111101101000110 b
b10110100000100010000001111100011 +
b10110100000100010000001111100011 a
b10110100011 .
#3250000
b11111111111111111111101101001000 #
b11111111111111111111101101001000 b
b10110100000100010000010011100011 +
b10110100000100010000010011100011 a
b10110100100 .
0*
#3251000
b11111111111111111111101101001010 #
b11111111111111111111101101001010 b
b10110100000100010000010111100011 +
b10110100000100010000010111100011 a
b10110100101 .
#3252000
b11111111111111111111101101001100 #
b11111111111111111111101101001100 b
b10110100000100010000011011100011 +
b10110100000100010000011011100011 a
b10110100110 .
#3253000
b11111111111111111111101101001110 #
b11111111111111111111101101001110 b
b10110100000100010000011111100011 +
b10110100000100010000011111100011 a
b10110100111 .
#3254000
b11111111111111111111101101010000 #
b11111111111111111111101101010000 b
b10110100000100010000100011100011 +
b10110100000100010000100011100011 a
b10110101000 .
#3255000
b11111111111111111111101101010010 #
b11111111111111111111101101010010 b
b10110100000100010000100111100011 +
b10110100000100010000100111100011 a
b10110101001 .
1*
#3256000
b11111111111111111111101101010100 #
b11111111111111111111101101010100 b
b10110100000100010000101011100011 +
b10110100000100010000101011100011 a
b10110101010 .
#3257000
b11111111111111111111101101010110 #
b11111111111111111111101101010110 b
b10110100000100010000101111100011 +
b10110100000100010000101111100011 a
b10110101011 .
#3258000
b11111111111111111111101101011000 #
b11111111111111111111101101011000 b
b10110100000100010000110011100011 +
b10110100000100010000110011100011 a
b10110101100 .
#3259000
b11111111111111111111101101011010 #
b11111111111111111111101101011010 b
b10110100000100010000110111100011 +
b10110100000100010000110111100011 a
b10110101101 .
#3260000
b11111111111111111111101101011100 #
b11111111111111111111101101011100 b
b10110100000100010000111011100011 +
b10110100000100010000111011100011 a
b10110101110 .
0*
#3261000
b11111111111111111111101101011110 #
b11111111111111111111101101011110 b
b10110100000100010000111111100011 +
b10110100000100010000111111100011 a
b10110101111 .
#3262000
b11111111111111111111101101100000 #
b11111111111111111111101101100000 b
b10110110000100010000000011100011 +
b10110110000100010000000011100011 a
b10110110000 .
#3263000
b11111111111111111111101101100010 #
b11111111111111111111101101100010 b
b10110110000100010000000111100011 +
b10110110000100010000000111100011 a
b10110110001 .
#3264000
b11111111111111111111101101100100 #
b11111111111111111111101101100100 b
b10110110000100010000001011100011 +
b10110110000100010000001011100011 a
b10110110010 .
#3265000
b11111111111111111111101101100110 #
b11111111111111111111101101100110 b
b10110110000100010000001111100011 +
b10110110000100010000001111100011 a
b10110110011 .
1*
#3266000
b11111111111111111111101101101000 #
b11111111111111111111101101101000 b
b10110110000100010000010011100011 +
b10110110000100010000010011100011 a
b10110110100 .
#3267000
b11111111111111111111101101101010 #
b11111111111111111111101101101010 b
b10110110000100010000010111100011 +
b10110110000100010000010111100011 a
b10110110101 .
#3268000
b11111111111111111111101101101100 #
b11111111111111111111101101101100 b
b10110110000100010000011011100011 +
b10110110000100010000011011100011 a
b10110110110 .
#3269000
b11111111111111111111101101101110 #
b11111111111111111111101101101110 b
b10110110000100010000011111100011 +
b10110110000100010000011111100011 a
b10110110111 .
#3270000
b11111111111111111111101101110000 #
b11111111111111111111101101110000 b
b10110110000100010000100011100011 +
b10110110000100010000100011100011 a
b10110111000 .
0*
#3271000
b11111111111111111111101101110010 #
b11111111111111111111101101110010 b
b10110110000100010000100111100011 +
b10110110000100010000100111100011 a
b10110111001 .
#3272000
b11111111111111111111101101110100 #
b11111111111111111111101101110100 b
b10110110000100010000101011100011 +
b10110110000100010000101011100011 a
b10110111010 .
#3273000
b11111111111111111111101101110110 #
b11111111111111111111101101110110 b
b10110110000100010000101111100011 +
b10110110000100010000101111100011 a
b10110111011 .
#3274000
b11111111111111111111101101111000 #
b11111111111111111111101101111000 b
b10110110000100010000110011100011 +
b10110110000100010000110011100011 a
b10110111100 .
#3275000
b11111111111111111111101101111010 #
b11111111111111111111101101111010 b
b10110110000100010000110111100011 +
b10110110000100010000110111100011 a
b10110111101 .
1*
#3276000
b11111111111111111111101101111100 #
b11111111111111111111101101111100 b
b10110110000100010000111011100011 +
b10110110000100010000111011100011 a
b10110111110 .
#3277000
b11111111111111111111101101111110 #
b11111111111111111111101101111110 b
b10110110000100010000111111100011 +
b10110110000100010000111111100011 a
b10110111111 .
#3278000
b11111111111111111111101110000000 #
b11111111111111111111101110000000 b
b10111000000100010000000011100011 +
b10111000000100010000000011100011 a
b10111000000 .
#3279000
b11111111111111111111101110000010 #
b11111111111111111111101110000010 b
b10111000000100010000000111100011 +
b10111000000100010000000111100011 a
b10111000001 .
#3280000
b11111111111111111111101110000100 #
b11111111111111111111101110000100 b
b10111000000100010000001011100011 +
b10111000000100010000001011100011 a
b10111000010 .
0*
#3281000
b11111111111111111111101110000110 #
b11111111111111111111101110000110 b
b10111000000100010000001111100011 +
b10111000000100010000001111100011 a
b10111000011 .
#3282000
b11111111111111111111101110001000 #
b11111111111111111111101110001000 b
b10111000000100010000010011100011 +
b10111000000100010000010011100011 a
b10111000100 .
#3283000
b11111111111111111111101110001010 #
b11111111111111111111101110001010 b
b10111000000100010000010111100011 +
b10111000000100010000010111100011 a
b10111000101 .
#3284000
b11111111111111111111101110001100 #
b11111111111111111111101110001100 b
b10111000000100010000011011100011 +
b10111000000100010000011011100011 a
b10111000110 .
#3285000
b11111111111111111111101110001110 #
b11111111111111111111101110001110 b
b10111000000100010000011111100011 +
b10111000000100010000011111100011 a
b10111000111 .
1*
#3286000
b11111111111111111111101110010000 #
b11111111111111111111101110010000 b
b10111000000100010000100011100011 +
b10111000000100010000100011100011 a
b10111001000 .
#3287000
b11111111111111111111101110010010 #
b11111111111111111111101110010010 b
b10111000000100010000100111100011 +
b10111000000100010000100111100011 a
b10111001001 .
#3288000
b11111111111111111111101110010100 #
b11111111111111111111101110010100 b
b10111000000100010000101011100011 +
b10111000000100010000101011100011 a
b10111001010 .
#3289000
b11111111111111111111101110010110 #
b11111111111111111111101110010110 b
b10111000000100010000101111100011 +
b10111000000100010000101111100011 a
b10111001011 .
#3290000
b11111111111111111111101110011000 #
b11111111111111111111101110011000 b
b10111000000100010000110011100011 +
b10111000000100010000110011100011 a
b10111001100 .
0*
#3291000
b11111111111111111111101110011010 #
b11111111111111111111101110011010 b
b10111000000100010000110111100011 +
b10111000000100010000110111100011 a
b10111001101 .
#3292000
b11111111111111111111101110011100 #
b11111111111111111111101110011100 b
b10111000000100010000111011100011 +
b10111000000100010000111011100011 a
b10111001110 .
#3293000
b11111111111111111111101110011110 #
b11111111111111111111101110011110 b
b10111000000100010000111111100011 +
b10111000000100010000111111100011 a
b10111001111 .
#3294000
b11111111111111111111101110100000 #
b11111111111111111111101110100000 b
b10111010000100010000000011100011 +
b10111010000100010000000011100011 a
b10111010000 .
#3295000
b11111111111111111111101110100010 #
b11111111111111111111101110100010 b
b10111010000100010000000111100011 +
b10111010000100010000000111100011 a
b10111010001 .
1*
#3296000
b11111111111111111111101110100100 #
b11111111111111111111101110100100 b
b10111010000100010000001011100011 +
b10111010000100010000001011100011 a
b10111010010 .
#3297000
b11111111111111111111101110100110 #
b11111111111111111111101110100110 b
b10111010000100010000001111100011 +
b10111010000100010000001111100011 a
b10111010011 .
#3298000
b11111111111111111111101110101000 #
b11111111111111111111101110101000 b
b10111010000100010000010011100011 +
b10111010000100010000010011100011 a
b10111010100 .
#3299000
b11111111111111111111101110101010 #
b11111111111111111111101110101010 b
b10111010000100010000010111100011 +
b10111010000100010000010111100011 a
b10111010101 .
#3300000
b11111111111111111111101110101100 #
b11111111111111111111101110101100 b
b10111010000100010000011011100011 +
b10111010000100010000011011100011 a
b10111010110 .
0*
#3301000
b11111111111111111111101110101110 #
b11111111111111111111101110101110 b
b10111010000100010000011111100011 +
b10111010000100010000011111100011 a
b10111010111 .
#3302000
b11111111111111111111101110110000 #
b11111111111111111111101110110000 b
b10111010000100010000100011100011 +
b10111010000100010000100011100011 a
b10111011000 .
#3303000
b11111111111111111111101110110010 #
b11111111111111111111101110110010 b
b10111010000100010000100111100011 +
b10111010000100010000100111100011 a
b10111011001 .
#3304000
b11111111111111111111101110110100 #
b11111111111111111111101110110100 b
b10111010000100010000101011100011 +
b10111010000100010000101011100011 a
b10111011010 .
#3305000
b11111111111111111111101110110110 #
b11111111111111111111101110110110 b
b10111010000100010000101111100011 +
b10111010000100010000101111100011 a
b10111011011 .
1*
#3306000
b11111111111111111111101110111000 #
b11111111111111111111101110111000 b
b10111010000100010000110011100011 +
b10111010000100010000110011100011 a
b10111011100 .
#3307000
b11111111111111111111101110111010 #
b11111111111111111111101110111010 b
b10111010000100010000110111100011 +
b10111010000100010000110111100011 a
b10111011101 .
#3308000
b11111111111111111111101110111100 #
b11111111111111111111101110111100 b
b10111010000100010000111011100011 +
b10111010000100010000111011100011 a
b10111011110 .
#3309000
b11111111111111111111101110111110 #
b11111111111111111111101110111110 b
b10111010000100010000111111100011 +
b10111010000100010000111111100011 a
b10111011111 .
#3310000
b11111111111111111111101111000000 #
b11111111111111111111101111000000 b
b10111100000100010000000011100011 +
b10111100000100010000000011100011 a
b10111100000 .
0*
#3311000
b11111111111111111111101111000010 #
b11111111111111111111101111000010 b
b10111100000100010000000111100011 +
b10111100000100010000000111100011 a
b10111100001 .
#3312000
b11111111111111111111101111000100 #
b11111111111111111111101111000100 b
b10111100000100010000001011100011 +
b10111100000100010000001011100011 a
b10111100010 .
#3313000
b11111111111111111111101111000110 #
b11111111111111111111101111000110 b
b10111100000100010000001111100011 +
b10111100000100010000001111100011 a
b10111100011 .
#3314000
b11111111111111111111101111001000 #
b11111111111111111111101111001000 b
b10111100000100010000010011100011 +
b10111100000100010000010011100011 a
b10111100100 .
#3315000
b11111111111111111111101111001010 #
b11111111111111111111101111001010 b
b10111100000100010000010111100011 +
b10111100000100010000010111100011 a
b10111100101 .
1*
#3316000
b11111111111111111111101111001100 #
b11111111111111111111101111001100 b
b10111100000100010000011011100011 +
b10111100000100010000011011100011 a
b10111100110 .
#3317000
b11111111111111111111101111001110 #
b11111111111111111111101111001110 b
b10111100000100010000011111100011 +
b10111100000100010000011111100011 a
b10111100111 .
#3318000
b11111111111111111111101111010000 #
b11111111111111111111101111010000 b
b10111100000100010000100011100011 +
b10111100000100010000100011100011 a
b10111101000 .
#3319000
b11111111111111111111101111010010 #
b11111111111111111111101111010010 b
b10111100000100010000100111100011 +
b10111100000100010000100111100011 a
b10111101001 .
#3320000
b11111111111111111111101111010100 #
b11111111111111111111101111010100 b
b10111100000100010000101011100011 +
b10111100000100010000101011100011 a
b10111101010 .
0*
#3321000
b11111111111111111111101111010110 #
b11111111111111111111101111010110 b
b10111100000100010000101111100011 +
b10111100000100010000101111100011 a
b10111101011 .
#3322000
b11111111111111111111101111011000 #
b11111111111111111111101111011000 b
b10111100000100010000110011100011 +
b10111100000100010000110011100011 a
b10111101100 .
#3323000
b11111111111111111111101111011010 #
b11111111111111111111101111011010 b
b10111100000100010000110111100011 +
b10111100000100010000110111100011 a
b10111101101 .
#3324000
b11111111111111111111101111011100 #
b11111111111111111111101111011100 b
b10111100000100010000111011100011 +
b10111100000100010000111011100011 a
b10111101110 .
#3325000
b11111111111111111111101111011110 #
b11111111111111111111101111011110 b
b10111100000100010000111111100011 +
b10111100000100010000111111100011 a
b10111101111 .
1*
#3326000
b11111111111111111111101111100000 #
b11111111111111111111101111100000 b
b10111110000100010000000011100011 +
b10111110000100010000000011100011 a
b10111110000 .
#3327000
b11111111111111111111101111100010 #
b11111111111111111111101111100010 b
b10111110000100010000000111100011 +
b10111110000100010000000111100011 a
b10111110001 .
#3328000
b11111111111111111111101111100100 #
b11111111111111111111101111100100 b
b10111110000100010000001011100011 +
b10111110000100010000001011100011 a
b10111110010 .
#3329000
b11111111111111111111101111100110 #
b11111111111111111111101111100110 b
b10111110000100010000001111100011 +
b10111110000100010000001111100011 a
b10111110011 .
#3330000
b11111111111111111111101111101000 #
b11111111111111111111101111101000 b
b10111110000100010000010011100011 +
b10111110000100010000010011100011 a
b10111110100 .
0*
#3331000
b11111111111111111111101111101010 #
b11111111111111111111101111101010 b
b10111110000100010000010111100011 +
b10111110000100010000010111100011 a
b10111110101 .
#3332000
b11111111111111111111101111101100 #
b11111111111111111111101111101100 b
b10111110000100010000011011100011 +
b10111110000100010000011011100011 a
b10111110110 .
#3333000
b11111111111111111111101111101110 #
b11111111111111111111101111101110 b
b10111110000100010000011111100011 +
b10111110000100010000011111100011 a
b10111110111 .
#3334000
b11111111111111111111101111110000 #
b11111111111111111111101111110000 b
b10111110000100010000100011100011 +
b10111110000100010000100011100011 a
b10111111000 .
#3335000
b11111111111111111111101111110010 #
b11111111111111111111101111110010 b
b10111110000100010000100111100011 +
b10111110000100010000100111100011 a
b10111111001 .
1*
#3336000
b11111111111111111111101111110100 #
b11111111111111111111101111110100 b
b10111110000100010000101011100011 +
b10111110000100010000101011100011 a
b10111111010 .
#3337000
b11111111111111111111101111110110 #
b11111111111111111111101111110110 b
b10111110000100010000101111100011 +
b10111110000100010000101111100011 a
b10111111011 .
#3338000
b11111111111111111111101111111000 #
b11111111111111111111101111111000 b
b10111110000100010000110011100011 +
b10111110000100010000110011100011 a
b10111111100 .
#3339000
b11111111111111111111101111111010 #
b11111111111111111111101111111010 b
b10111110000100010000110111100011 +
b10111110000100010000110111100011 a
b10111111101 .
#3340000
b11111111111111111111101111111100 #
b11111111111111111111101111111100 b
b10111110000100010000111011100011 +
b10111110000100010000111011100011 a
b10111111110 .
0*
#3341000
b11111111111111111111101111111110 #
b11111111111111111111101111111110 b
b10111110000100010000111111100011 +
b10111110000100010000111111100011 a
b10111111111 .
#3342000
b11111111111111111111110000000000 #
b11111111111111111111110000000000 b
b11000000000100010000000011100011 +
b11000000000100010000000011100011 a
b11000000000 .
#3343000
b11111111111111111111110000000010 #
b11111111111111111111110000000010 b
b11000000000100010000000111100011 +
b11000000000100010000000111100011 a
b11000000001 .
#3344000
b11111111111111111111110000000100 #
b11111111111111111111110000000100 b
b11000000000100010000001011100011 +
b11000000000100010000001011100011 a
b11000000010 .
#3345000
b11111111111111111111110000000110 #
b11111111111111111111110000000110 b
b11000000000100010000001111100011 +
b11000000000100010000001111100011 a
b11000000011 .
1*
#3346000
b11111111111111111111110000001000 #
b11111111111111111111110000001000 b
b11000000000100010000010011100011 +
b11000000000100010000010011100011 a
b11000000100 .
#3347000
b11111111111111111111110000001010 #
b11111111111111111111110000001010 b
b11000000000100010000010111100011 +
b11000000000100010000010111100011 a
b11000000101 .
#3348000
b11111111111111111111110000001100 #
b11111111111111111111110000001100 b
b11000000000100010000011011100011 +
b11000000000100010000011011100011 a
b11000000110 .
#3349000
b11111111111111111111110000001110 #
b11111111111111111111110000001110 b
b11000000000100010000011111100011 +
b11000000000100010000011111100011 a
b11000000111 .
#3350000
b11111111111111111111110000010000 #
b11111111111111111111110000010000 b
b11000000000100010000100011100011 +
b11000000000100010000100011100011 a
b11000001000 .
0*
#3351000
b11111111111111111111110000010010 #
b11111111111111111111110000010010 b
b11000000000100010000100111100011 +
b11000000000100010000100111100011 a
b11000001001 .
#3352000
b11111111111111111111110000010100 #
b11111111111111111111110000010100 b
b11000000000100010000101011100011 +
b11000000000100010000101011100011 a
b11000001010 .
#3353000
b11111111111111111111110000010110 #
b11111111111111111111110000010110 b
b11000000000100010000101111100011 +
b11000000000100010000101111100011 a
b11000001011 .
#3354000
b11111111111111111111110000011000 #
b11111111111111111111110000011000 b
b11000000000100010000110011100011 +
b11000000000100010000110011100011 a
b11000001100 .
#3355000
b11111111111111111111110000011010 #
b11111111111111111111110000011010 b
b11000000000100010000110111100011 +
b11000000000100010000110111100011 a
b11000001101 .
1*
#3356000
b11111111111111111111110000011100 #
b11111111111111111111110000011100 b
b11000000000100010000111011100011 +
b11000000000100010000111011100011 a
b11000001110 .
#3357000
b11111111111111111111110000011110 #
b11111111111111111111110000011110 b
b11000000000100010000111111100011 +
b11000000000100010000111111100011 a
b11000001111 .
#3358000
b11111111111111111111110000100000 #
b11111111111111111111110000100000 b
b11000010000100010000000011100011 +
b11000010000100010000000011100011 a
b11000010000 .
#3359000
b11111111111111111111110000100010 #
b11111111111111111111110000100010 b
b11000010000100010000000111100011 +
b11000010000100010000000111100011 a
b11000010001 .
#3360000
b11111111111111111111110000100100 #
b11111111111111111111110000100100 b
b11000010000100010000001011100011 +
b11000010000100010000001011100011 a
b11000010010 .
0*
#3361000
b11111111111111111111110000100110 #
b11111111111111111111110000100110 b
b11000010000100010000001111100011 +
b11000010000100010000001111100011 a
b11000010011 .
#3362000
b11111111111111111111110000101000 #
b11111111111111111111110000101000 b
b11000010000100010000010011100011 +
b11000010000100010000010011100011 a
b11000010100 .
#3363000
b11111111111111111111110000101010 #
b11111111111111111111110000101010 b
b11000010000100010000010111100011 +
b11000010000100010000010111100011 a
b11000010101 .
#3364000
b11111111111111111111110000101100 #
b11111111111111111111110000101100 b
b11000010000100010000011011100011 +
b11000010000100010000011011100011 a
b11000010110 .
#3365000
b11111111111111111111110000101110 #
b11111111111111111111110000101110 b
b11000010000100010000011111100011 +
b11000010000100010000011111100011 a
b11000010111 .
1*
#3366000
b11111111111111111111110000110000 #
b11111111111111111111110000110000 b
b11000010000100010000100011100011 +
b11000010000100010000100011100011 a
b11000011000 .
#3367000
b11111111111111111111110000110010 #
b11111111111111111111110000110010 b
b11000010000100010000100111100011 +
b11000010000100010000100111100011 a
b11000011001 .
#3368000
b11111111111111111111110000110100 #
b11111111111111111111110000110100 b
b11000010000100010000101011100011 +
b11000010000100010000101011100011 a
b11000011010 .
#3369000
b11111111111111111111110000110110 #
b11111111111111111111110000110110 b
b11000010000100010000101111100011 +
b11000010000100010000101111100011 a
b11000011011 .
#3370000
b11111111111111111111110000111000 #
b11111111111111111111110000111000 b
b11000010000100010000110011100011 +
b11000010000100010000110011100011 a
b11000011100 .
0*
#3371000
b11111111111111111111110000111010 #
b11111111111111111111110000111010 b
b11000010000100010000110111100011 +
b11000010000100010000110111100011 a
b11000011101 .
#3372000
b11111111111111111111110000111100 #
b11111111111111111111110000111100 b
b11000010000100010000111011100011 +
b11000010000100010000111011100011 a
b11000011110 .
#3373000
b11111111111111111111110000111110 #
b11111111111111111111110000111110 b
b11000010000100010000111111100011 +
b11000010000100010000111111100011 a
b11000011111 .
#3374000
b11111111111111111111110001000000 #
b11111111111111111111110001000000 b
b11000100000100010000000011100011 +
b11000100000100010000000011100011 a
b11000100000 .
#3375000
b11111111111111111111110001000010 #
b11111111111111111111110001000010 b
b11000100000100010000000111100011 +
b11000100000100010000000111100011 a
b11000100001 .
1*
#3376000
b11111111111111111111110001000100 #
b11111111111111111111110001000100 b
b11000100000100010000001011100011 +
b11000100000100010000001011100011 a
b11000100010 .
#3377000
b11111111111111111111110001000110 #
b11111111111111111111110001000110 b
b11000100000100010000001111100011 +
b11000100000100010000001111100011 a
b11000100011 .
#3378000
b11111111111111111111110001001000 #
b11111111111111111111110001001000 b
b11000100000100010000010011100011 +
b11000100000100010000010011100011 a
b11000100100 .
#3379000
b11111111111111111111110001001010 #
b11111111111111111111110001001010 b
b11000100000100010000010111100011 +
b11000100000100010000010111100011 a
b11000100101 .
#3380000
b11111111111111111111110001001100 #
b11111111111111111111110001001100 b
b11000100000100010000011011100011 +
b11000100000100010000011011100011 a
b11000100110 .
0*
#3381000
b11111111111111111111110001001110 #
b11111111111111111111110001001110 b
b11000100000100010000011111100011 +
b11000100000100010000011111100011 a
b11000100111 .
#3382000
b11111111111111111111110001010000 #
b11111111111111111111110001010000 b
b11000100000100010000100011100011 +
b11000100000100010000100011100011 a
b11000101000 .
#3383000
b11111111111111111111110001010010 #
b11111111111111111111110001010010 b
b11000100000100010000100111100011 +
b11000100000100010000100111100011 a
b11000101001 .
#3384000
b11111111111111111111110001010100 #
b11111111111111111111110001010100 b
b11000100000100010000101011100011 +
b11000100000100010000101011100011 a
b11000101010 .
#3385000
b11111111111111111111110001010110 #
b11111111111111111111110001010110 b
b11000100000100010000101111100011 +
b11000100000100010000101111100011 a
b11000101011 .
1*
#3386000
b11111111111111111111110001011000 #
b11111111111111111111110001011000 b
b11000100000100010000110011100011 +
b11000100000100010000110011100011 a
b11000101100 .
#3387000
b11111111111111111111110001011010 #
b11111111111111111111110001011010 b
b11000100000100010000110111100011 +
b11000100000100010000110111100011 a
b11000101101 .
#3388000
b11111111111111111111110001011100 #
b11111111111111111111110001011100 b
b11000100000100010000111011100011 +
b11000100000100010000111011100011 a
b11000101110 .
#3389000
b11111111111111111111110001011110 #
b11111111111111111111110001011110 b
b11000100000100010000111111100011 +
b11000100000100010000111111100011 a
b11000101111 .
#3390000
b11111111111111111111110001100000 #
b11111111111111111111110001100000 b
b11000110000100010000000011100011 +
b11000110000100010000000011100011 a
b11000110000 .
0*
#3391000
b11111111111111111111110001100010 #
b11111111111111111111110001100010 b
b11000110000100010000000111100011 +
b11000110000100010000000111100011 a
b11000110001 .
#3392000
b11111111111111111111110001100100 #
b11111111111111111111110001100100 b
b11000110000100010000001011100011 +
b11000110000100010000001011100011 a
b11000110010 .
#3393000
b11111111111111111111110001100110 #
b11111111111111111111110001100110 b
b11000110000100010000001111100011 +
b11000110000100010000001111100011 a
b11000110011 .
#3394000
b11111111111111111111110001101000 #
b11111111111111111111110001101000 b
b11000110000100010000010011100011 +
b11000110000100010000010011100011 a
b11000110100 .
#3395000
b11111111111111111111110001101010 #
b11111111111111111111110001101010 b
b11000110000100010000010111100011 +
b11000110000100010000010111100011 a
b11000110101 .
1*
#3396000
b11111111111111111111110001101100 #
b11111111111111111111110001101100 b
b11000110000100010000011011100011 +
b11000110000100010000011011100011 a
b11000110110 .
#3397000
b11111111111111111111110001101110 #
b11111111111111111111110001101110 b
b11000110000100010000011111100011 +
b11000110000100010000011111100011 a
b11000110111 .
#3398000
b11111111111111111111110001110000 #
b11111111111111111111110001110000 b
b11000110000100010000100011100011 +
b11000110000100010000100011100011 a
b11000111000 .
#3399000
b11111111111111111111110001110010 #
b11111111111111111111110001110010 b
b11000110000100010000100111100011 +
b11000110000100010000100111100011 a
b11000111001 .
#3400000
b11111111111111111111110001110100 #
b11111111111111111111110001110100 b
b11000110000100010000101011100011 +
b11000110000100010000101011100011 a
b11000111010 .
0*
#3401000
b11111111111111111111110001110110 #
b11111111111111111111110001110110 b
b11000110000100010000101111100011 +
b11000110000100010000101111100011 a
b11000111011 .
#3402000
b11111111111111111111110001111000 #
b11111111111111111111110001111000 b
b11000110000100010000110011100011 +
b11000110000100010000110011100011 a
b11000111100 .
#3403000
b11111111111111111111110001111010 #
b11111111111111111111110001111010 b
b11000110000100010000110111100011 +
b11000110000100010000110111100011 a
b11000111101 .
#3404000
b11111111111111111111110001111100 #
b11111111111111111111110001111100 b
b11000110000100010000111011100011 +
b11000110000100010000111011100011 a
b11000111110 .
#3405000
b11111111111111111111110001111110 #
b11111111111111111111110001111110 b
b11000110000100010000111111100011 +
b11000110000100010000111111100011 a
b11000111111 .
1*
#3406000
b11111111111111111111110010000000 #
b11111111111111111111110010000000 b
b11001000000100010000000011100011 +
b11001000000100010000000011100011 a
b11001000000 .
#3407000
b11111111111111111111110010000010 #
b11111111111111111111110010000010 b
b11001000000100010000000111100011 +
b11001000000100010000000111100011 a
b11001000001 .
#3408000
b11111111111111111111110010000100 #
b11111111111111111111110010000100 b
b11001000000100010000001011100011 +
b11001000000100010000001011100011 a
b11001000010 .
#3409000
b11111111111111111111110010000110 #
b11111111111111111111110010000110 b
b11001000000100010000001111100011 +
b11001000000100010000001111100011 a
b11001000011 .
#3410000
b11111111111111111111110010001000 #
b11111111111111111111110010001000 b
b11001000000100010000010011100011 +
b11001000000100010000010011100011 a
b11001000100 .
0*
#3411000
b11111111111111111111110010001010 #
b11111111111111111111110010001010 b
b11001000000100010000010111100011 +
b11001000000100010000010111100011 a
b11001000101 .
#3412000
b11111111111111111111110010001100 #
b11111111111111111111110010001100 b
b11001000000100010000011011100011 +
b11001000000100010000011011100011 a
b11001000110 .
#3413000
b11111111111111111111110010001110 #
b11111111111111111111110010001110 b
b11001000000100010000011111100011 +
b11001000000100010000011111100011 a
b11001000111 .
#3414000
b11111111111111111111110010010000 #
b11111111111111111111110010010000 b
b11001000000100010000100011100011 +
b11001000000100010000100011100011 a
b11001001000 .
#3415000
b11111111111111111111110010010010 #
b11111111111111111111110010010010 b
b11001000000100010000100111100011 +
b11001000000100010000100111100011 a
b11001001001 .
1*
#3416000
b11111111111111111111110010010100 #
b11111111111111111111110010010100 b
b11001000000100010000101011100011 +
b11001000000100010000101011100011 a
b11001001010 .
#3417000
b11111111111111111111110010010110 #
b11111111111111111111110010010110 b
b11001000000100010000101111100011 +
b11001000000100010000101111100011 a
b11001001011 .
#3418000
b11111111111111111111110010011000 #
b11111111111111111111110010011000 b
b11001000000100010000110011100011 +
b11001000000100010000110011100011 a
b11001001100 .
#3419000
b11111111111111111111110010011010 #
b11111111111111111111110010011010 b
b11001000000100010000110111100011 +
b11001000000100010000110111100011 a
b11001001101 .
#3420000
b11111111111111111111110010011100 #
b11111111111111111111110010011100 b
b11001000000100010000111011100011 +
b11001000000100010000111011100011 a
b11001001110 .
0*
#3421000
b11111111111111111111110010011110 #
b11111111111111111111110010011110 b
b11001000000100010000111111100011 +
b11001000000100010000111111100011 a
b11001001111 .
#3422000
b11111111111111111111110010100000 #
b11111111111111111111110010100000 b
b11001010000100010000000011100011 +
b11001010000100010000000011100011 a
b11001010000 .
#3423000
b11111111111111111111110010100010 #
b11111111111111111111110010100010 b
b11001010000100010000000111100011 +
b11001010000100010000000111100011 a
b11001010001 .
#3424000
b11111111111111111111110010100100 #
b11111111111111111111110010100100 b
b11001010000100010000001011100011 +
b11001010000100010000001011100011 a
b11001010010 .
#3425000
b11111111111111111111110010100110 #
b11111111111111111111110010100110 b
b11001010000100010000001111100011 +
b11001010000100010000001111100011 a
b11001010011 .
1*
#3426000
b11111111111111111111110010101000 #
b11111111111111111111110010101000 b
b11001010000100010000010011100011 +
b11001010000100010000010011100011 a
b11001010100 .
#3427000
b11111111111111111111110010101010 #
b11111111111111111111110010101010 b
b11001010000100010000010111100011 +
b11001010000100010000010111100011 a
b11001010101 .
#3428000
b11111111111111111111110010101100 #
b11111111111111111111110010101100 b
b11001010000100010000011011100011 +
b11001010000100010000011011100011 a
b11001010110 .
#3429000
b11111111111111111111110010101110 #
b11111111111111111111110010101110 b
b11001010000100010000011111100011 +
b11001010000100010000011111100011 a
b11001010111 .
#3430000
b11111111111111111111110010110000 #
b11111111111111111111110010110000 b
b11001010000100010000100011100011 +
b11001010000100010000100011100011 a
b11001011000 .
0*
#3431000
b11111111111111111111110010110010 #
b11111111111111111111110010110010 b
b11001010000100010000100111100011 +
b11001010000100010000100111100011 a
b11001011001 .
#3432000
b11111111111111111111110010110100 #
b11111111111111111111110010110100 b
b11001010000100010000101011100011 +
b11001010000100010000101011100011 a
b11001011010 .
#3433000
b11111111111111111111110010110110 #
b11111111111111111111110010110110 b
b11001010000100010000101111100011 +
b11001010000100010000101111100011 a
b11001011011 .
#3434000
b11111111111111111111110010111000 #
b11111111111111111111110010111000 b
b11001010000100010000110011100011 +
b11001010000100010000110011100011 a
b11001011100 .
#3435000
b11111111111111111111110010111010 #
b11111111111111111111110010111010 b
b11001010000100010000110111100011 +
b11001010000100010000110111100011 a
b11001011101 .
1*
#3436000
b11111111111111111111110010111100 #
b11111111111111111111110010111100 b
b11001010000100010000111011100011 +
b11001010000100010000111011100011 a
b11001011110 .
#3437000
b11111111111111111111110010111110 #
b11111111111111111111110010111110 b
b11001010000100010000111111100011 +
b11001010000100010000111111100011 a
b11001011111 .
#3438000
b11111111111111111111110011000000 #
b11111111111111111111110011000000 b
b11001100000100010000000011100011 +
b11001100000100010000000011100011 a
b11001100000 .
#3439000
b11111111111111111111110011000010 #
b11111111111111111111110011000010 b
b11001100000100010000000111100011 +
b11001100000100010000000111100011 a
b11001100001 .
#3440000
b11111111111111111111110011000100 #
b11111111111111111111110011000100 b
b11001100000100010000001011100011 +
b11001100000100010000001011100011 a
b11001100010 .
0*
#3441000
b11111111111111111111110011000110 #
b11111111111111111111110011000110 b
b11001100000100010000001111100011 +
b11001100000100010000001111100011 a
b11001100011 .
#3442000
b11111111111111111111110011001000 #
b11111111111111111111110011001000 b
b11001100000100010000010011100011 +
b11001100000100010000010011100011 a
b11001100100 .
#3443000
b11111111111111111111110011001010 #
b11111111111111111111110011001010 b
b11001100000100010000010111100011 +
b11001100000100010000010111100011 a
b11001100101 .
#3444000
b11111111111111111111110011001100 #
b11111111111111111111110011001100 b
b11001100000100010000011011100011 +
b11001100000100010000011011100011 a
b11001100110 .
#3445000
b11111111111111111111110011001110 #
b11111111111111111111110011001110 b
b11001100000100010000011111100011 +
b11001100000100010000011111100011 a
b11001100111 .
1*
#3446000
b11111111111111111111110011010000 #
b11111111111111111111110011010000 b
b11001100000100010000100011100011 +
b11001100000100010000100011100011 a
b11001101000 .
#3447000
b11111111111111111111110011010010 #
b11111111111111111111110011010010 b
b11001100000100010000100111100011 +
b11001100000100010000100111100011 a
b11001101001 .
#3448000
b11111111111111111111110011010100 #
b11111111111111111111110011010100 b
b11001100000100010000101011100011 +
b11001100000100010000101011100011 a
b11001101010 .
#3449000
b11111111111111111111110011010110 #
b11111111111111111111110011010110 b
b11001100000100010000101111100011 +
b11001100000100010000101111100011 a
b11001101011 .
#3450000
b11111111111111111111110011011000 #
b11111111111111111111110011011000 b
b11001100000100010000110011100011 +
b11001100000100010000110011100011 a
b11001101100 .
0*
#3451000
b11111111111111111111110011011010 #
b11111111111111111111110011011010 b
b11001100000100010000110111100011 +
b11001100000100010000110111100011 a
b11001101101 .
#3452000
b11111111111111111111110011011100 #
b11111111111111111111110011011100 b
b11001100000100010000111011100011 +
b11001100000100010000111011100011 a
b11001101110 .
#3453000
b11111111111111111111110011011110 #
b11111111111111111111110011011110 b
b11001100000100010000111111100011 +
b11001100000100010000111111100011 a
b11001101111 .
#3454000
b11111111111111111111110011100000 #
b11111111111111111111110011100000 b
b11001110000100010000000011100011 +
b11001110000100010000000011100011 a
b11001110000 .
#3455000
b11111111111111111111110011100010 #
b11111111111111111111110011100010 b
b11001110000100010000000111100011 +
b11001110000100010000000111100011 a
b11001110001 .
1*
#3456000
b11111111111111111111110011100100 #
b11111111111111111111110011100100 b
b11001110000100010000001011100011 +
b11001110000100010000001011100011 a
b11001110010 .
#3457000
b11111111111111111111110011100110 #
b11111111111111111111110011100110 b
b11001110000100010000001111100011 +
b11001110000100010000001111100011 a
b11001110011 .
#3458000
b11111111111111111111110011101000 #
b11111111111111111111110011101000 b
b11001110000100010000010011100011 +
b11001110000100010000010011100011 a
b11001110100 .
#3459000
b11111111111111111111110011101010 #
b11111111111111111111110011101010 b
b11001110000100010000010111100011 +
b11001110000100010000010111100011 a
b11001110101 .
#3460000
b11111111111111111111110011101100 #
b11111111111111111111110011101100 b
b11001110000100010000011011100011 +
b11001110000100010000011011100011 a
b11001110110 .
0*
#3461000
b11111111111111111111110011101110 #
b11111111111111111111110011101110 b
b11001110000100010000011111100011 +
b11001110000100010000011111100011 a
b11001110111 .
#3462000
b11111111111111111111110011110000 #
b11111111111111111111110011110000 b
b11001110000100010000100011100011 +
b11001110000100010000100011100011 a
b11001111000 .
#3463000
b11111111111111111111110011110010 #
b11111111111111111111110011110010 b
b11001110000100010000100111100011 +
b11001110000100010000100111100011 a
b11001111001 .
#3464000
b11111111111111111111110011110100 #
b11111111111111111111110011110100 b
b11001110000100010000101011100011 +
b11001110000100010000101011100011 a
b11001111010 .
#3465000
b11111111111111111111110011110110 #
b11111111111111111111110011110110 b
b11001110000100010000101111100011 +
b11001110000100010000101111100011 a
b11001111011 .
1*
#3466000
b11111111111111111111110011111000 #
b11111111111111111111110011111000 b
b11001110000100010000110011100011 +
b11001110000100010000110011100011 a
b11001111100 .
#3467000
b11111111111111111111110011111010 #
b11111111111111111111110011111010 b
b11001110000100010000110111100011 +
b11001110000100010000110111100011 a
b11001111101 .
#3468000
b11111111111111111111110011111100 #
b11111111111111111111110011111100 b
b11001110000100010000111011100011 +
b11001110000100010000111011100011 a
b11001111110 .
#3469000
b11111111111111111111110011111110 #
b11111111111111111111110011111110 b
b11001110000100010000111111100011 +
b11001110000100010000111111100011 a
b11001111111 .
#3470000
b11111111111111111111110100000000 #
b11111111111111111111110100000000 b
b11010000000100010000000011100011 +
b11010000000100010000000011100011 a
b11010000000 .
0*
#3471000
b11111111111111111111110100000010 #
b11111111111111111111110100000010 b
b11010000000100010000000111100011 +
b11010000000100010000000111100011 a
b11010000001 .
#3472000
b11111111111111111111110100000100 #
b11111111111111111111110100000100 b
b11010000000100010000001011100011 +
b11010000000100010000001011100011 a
b11010000010 .
#3473000
b11111111111111111111110100000110 #
b11111111111111111111110100000110 b
b11010000000100010000001111100011 +
b11010000000100010000001111100011 a
b11010000011 .
#3474000
b11111111111111111111110100001000 #
b11111111111111111111110100001000 b
b11010000000100010000010011100011 +
b11010000000100010000010011100011 a
b11010000100 .
#3475000
b11111111111111111111110100001010 #
b11111111111111111111110100001010 b
b11010000000100010000010111100011 +
b11010000000100010000010111100011 a
b11010000101 .
1*
#3476000
b11111111111111111111110100001100 #
b11111111111111111111110100001100 b
b11010000000100010000011011100011 +
b11010000000100010000011011100011 a
b11010000110 .
#3477000
b11111111111111111111110100001110 #
b11111111111111111111110100001110 b
b11010000000100010000011111100011 +
b11010000000100010000011111100011 a
b11010000111 .
#3478000
b11111111111111111111110100010000 #
b11111111111111111111110100010000 b
b11010000000100010000100011100011 +
b11010000000100010000100011100011 a
b11010001000 .
#3479000
b11111111111111111111110100010010 #
b11111111111111111111110100010010 b
b11010000000100010000100111100011 +
b11010000000100010000100111100011 a
b11010001001 .
#3480000
b11111111111111111111110100010100 #
b11111111111111111111110100010100 b
b11010000000100010000101011100011 +
b11010000000100010000101011100011 a
b11010001010 .
0*
#3481000
b11111111111111111111110100010110 #
b11111111111111111111110100010110 b
b11010000000100010000101111100011 +
b11010000000100010000101111100011 a
b11010001011 .
#3482000
b11111111111111111111110100011000 #
b11111111111111111111110100011000 b
b11010000000100010000110011100011 +
b11010000000100010000110011100011 a
b11010001100 .
#3483000
b11111111111111111111110100011010 #
b11111111111111111111110100011010 b
b11010000000100010000110111100011 +
b11010000000100010000110111100011 a
b11010001101 .
#3484000
b11111111111111111111110100011100 #
b11111111111111111111110100011100 b
b11010000000100010000111011100011 +
b11010000000100010000111011100011 a
b11010001110 .
#3485000
b11111111111111111111110100011110 #
b11111111111111111111110100011110 b
b11010000000100010000111111100011 +
b11010000000100010000111111100011 a
b11010001111 .
1*
#3486000
b11111111111111111111110100100000 #
b11111111111111111111110100100000 b
b11010010000100010000000011100011 +
b11010010000100010000000011100011 a
b11010010000 .
#3487000
b11111111111111111111110100100010 #
b11111111111111111111110100100010 b
b11010010000100010000000111100011 +
b11010010000100010000000111100011 a
b11010010001 .
#3488000
b11111111111111111111110100100100 #
b11111111111111111111110100100100 b
b11010010000100010000001011100011 +
b11010010000100010000001011100011 a
b11010010010 .
#3489000
b11111111111111111111110100100110 #
b11111111111111111111110100100110 b
b11010010000100010000001111100011 +
b11010010000100010000001111100011 a
b11010010011 .
#3490000
b11111111111111111111110100101000 #
b11111111111111111111110100101000 b
b11010010000100010000010011100011 +
b11010010000100010000010011100011 a
b11010010100 .
0*
#3491000
b11111111111111111111110100101010 #
b11111111111111111111110100101010 b
b11010010000100010000010111100011 +
b11010010000100010000010111100011 a
b11010010101 .
#3492000
b11111111111111111111110100101100 #
b11111111111111111111110100101100 b
b11010010000100010000011011100011 +
b11010010000100010000011011100011 a
b11010010110 .
#3493000
b11111111111111111111110100101110 #
b11111111111111111111110100101110 b
b11010010000100010000011111100011 +
b11010010000100010000011111100011 a
b11010010111 .
#3494000
b11111111111111111111110100110000 #
b11111111111111111111110100110000 b
b11010010000100010000100011100011 +
b11010010000100010000100011100011 a
b11010011000 .
#3495000
b11111111111111111111110100110010 #
b11111111111111111111110100110010 b
b11010010000100010000100111100011 +
b11010010000100010000100111100011 a
b11010011001 .
1*
#3496000
b11111111111111111111110100110100 #
b11111111111111111111110100110100 b
b11010010000100010000101011100011 +
b11010010000100010000101011100011 a
b11010011010 .
#3497000
b11111111111111111111110100110110 #
b11111111111111111111110100110110 b
b11010010000100010000101111100011 +
b11010010000100010000101111100011 a
b11010011011 .
#3498000
b11111111111111111111110100111000 #
b11111111111111111111110100111000 b
b11010010000100010000110011100011 +
b11010010000100010000110011100011 a
b11010011100 .
#3499000
b11111111111111111111110100111010 #
b11111111111111111111110100111010 b
b11010010000100010000110111100011 +
b11010010000100010000110111100011 a
b11010011101 .
#3500000
b11111111111111111111110100111100 #
b11111111111111111111110100111100 b
b11010010000100010000111011100011 +
b11010010000100010000111011100011 a
b11010011110 .
0*
#3501000
b11111111111111111111110100111110 #
b11111111111111111111110100111110 b
b11010010000100010000111111100011 +
b11010010000100010000111111100011 a
b11010011111 .
#3502000
b11111111111111111111110101000000 #
b11111111111111111111110101000000 b
b11010100000100010000000011100011 +
b11010100000100010000000011100011 a
b11010100000 .
#3503000
b11111111111111111111110101000010 #
b11111111111111111111110101000010 b
b11010100000100010000000111100011 +
b11010100000100010000000111100011 a
b11010100001 .
#3504000
b11111111111111111111110101000100 #
b11111111111111111111110101000100 b
b11010100000100010000001011100011 +
b11010100000100010000001011100011 a
b11010100010 .
#3505000
b11111111111111111111110101000110 #
b11111111111111111111110101000110 b
b11010100000100010000001111100011 +
b11010100000100010000001111100011 a
b11010100011 .
1*
#3506000
b11111111111111111111110101001000 #
b11111111111111111111110101001000 b
b11010100000100010000010011100011 +
b11010100000100010000010011100011 a
b11010100100 .
#3507000
b11111111111111111111110101001010 #
b11111111111111111111110101001010 b
b11010100000100010000010111100011 +
b11010100000100010000010111100011 a
b11010100101 .
#3508000
b11111111111111111111110101001100 #
b11111111111111111111110101001100 b
b11010100000100010000011011100011 +
b11010100000100010000011011100011 a
b11010100110 .
#3509000
b11111111111111111111110101001110 #
b11111111111111111111110101001110 b
b11010100000100010000011111100011 +
b11010100000100010000011111100011 a
b11010100111 .
#3510000
b11111111111111111111110101010000 #
b11111111111111111111110101010000 b
b11010100000100010000100011100011 +
b11010100000100010000100011100011 a
b11010101000 .
0*
#3511000
b11111111111111111111110101010010 #
b11111111111111111111110101010010 b
b11010100000100010000100111100011 +
b11010100000100010000100111100011 a
b11010101001 .
#3512000
b11111111111111111111110101010100 #
b11111111111111111111110101010100 b
b11010100000100010000101011100011 +
b11010100000100010000101011100011 a
b11010101010 .
#3513000
b11111111111111111111110101010110 #
b11111111111111111111110101010110 b
b11010100000100010000101111100011 +
b11010100000100010000101111100011 a
b11010101011 .
#3514000
b11111111111111111111110101011000 #
b11111111111111111111110101011000 b
b11010100000100010000110011100011 +
b11010100000100010000110011100011 a
b11010101100 .
#3515000
b11111111111111111111110101011010 #
b11111111111111111111110101011010 b
b11010100000100010000110111100011 +
b11010100000100010000110111100011 a
b11010101101 .
1*
#3516000
b11111111111111111111110101011100 #
b11111111111111111111110101011100 b
b11010100000100010000111011100011 +
b11010100000100010000111011100011 a
b11010101110 .
#3517000
b11111111111111111111110101011110 #
b11111111111111111111110101011110 b
b11010100000100010000111111100011 +
b11010100000100010000111111100011 a
b11010101111 .
#3518000
b11111111111111111111110101100000 #
b11111111111111111111110101100000 b
b11010110000100010000000011100011 +
b11010110000100010000000011100011 a
b11010110000 .
#3519000
b11111111111111111111110101100010 #
b11111111111111111111110101100010 b
b11010110000100010000000111100011 +
b11010110000100010000000111100011 a
b11010110001 .
#3520000
b11111111111111111111110101100100 #
b11111111111111111111110101100100 b
b11010110000100010000001011100011 +
b11010110000100010000001011100011 a
b11010110010 .
0*
#3521000
b11111111111111111111110101100110 #
b11111111111111111111110101100110 b
b11010110000100010000001111100011 +
b11010110000100010000001111100011 a
b11010110011 .
#3522000
b11111111111111111111110101101000 #
b11111111111111111111110101101000 b
b11010110000100010000010011100011 +
b11010110000100010000010011100011 a
b11010110100 .
#3523000
b11111111111111111111110101101010 #
b11111111111111111111110101101010 b
b11010110000100010000010111100011 +
b11010110000100010000010111100011 a
b11010110101 .
#3524000
b11111111111111111111110101101100 #
b11111111111111111111110101101100 b
b11010110000100010000011011100011 +
b11010110000100010000011011100011 a
b11010110110 .
#3525000
b11111111111111111111110101101110 #
b11111111111111111111110101101110 b
b11010110000100010000011111100011 +
b11010110000100010000011111100011 a
b11010110111 .
1*
#3526000
b11111111111111111111110101110000 #
b11111111111111111111110101110000 b
b11010110000100010000100011100011 +
b11010110000100010000100011100011 a
b11010111000 .
#3527000
b11111111111111111111110101110010 #
b11111111111111111111110101110010 b
b11010110000100010000100111100011 +
b11010110000100010000100111100011 a
b11010111001 .
#3528000
b11111111111111111111110101110100 #
b11111111111111111111110101110100 b
b11010110000100010000101011100011 +
b11010110000100010000101011100011 a
b11010111010 .
#3529000
b11111111111111111111110101110110 #
b11111111111111111111110101110110 b
b11010110000100010000101111100011 +
b11010110000100010000101111100011 a
b11010111011 .
#3530000
b11111111111111111111110101111000 #
b11111111111111111111110101111000 b
b11010110000100010000110011100011 +
b11010110000100010000110011100011 a
b11010111100 .
0*
#3531000
b11111111111111111111110101111010 #
b11111111111111111111110101111010 b
b11010110000100010000110111100011 +
b11010110000100010000110111100011 a
b11010111101 .
#3532000
b11111111111111111111110101111100 #
b11111111111111111111110101111100 b
b11010110000100010000111011100011 +
b11010110000100010000111011100011 a
b11010111110 .
#3533000
b11111111111111111111110101111110 #
b11111111111111111111110101111110 b
b11010110000100010000111111100011 +
b11010110000100010000111111100011 a
b11010111111 .
#3534000
b11111111111111111111110110000000 #
b11111111111111111111110110000000 b
b11011000000100010000000011100011 +
b11011000000100010000000011100011 a
b11011000000 .
#3535000
b11111111111111111111110110000010 #
b11111111111111111111110110000010 b
b11011000000100010000000111100011 +
b11011000000100010000000111100011 a
b11011000001 .
1*
#3536000
b11111111111111111111110110000100 #
b11111111111111111111110110000100 b
b11011000000100010000001011100011 +
b11011000000100010000001011100011 a
b11011000010 .
#3537000
b11111111111111111111110110000110 #
b11111111111111111111110110000110 b
b11011000000100010000001111100011 +
b11011000000100010000001111100011 a
b11011000011 .
#3538000
b11111111111111111111110110001000 #
b11111111111111111111110110001000 b
b11011000000100010000010011100011 +
b11011000000100010000010011100011 a
b11011000100 .
#3539000
b11111111111111111111110110001010 #
b11111111111111111111110110001010 b
b11011000000100010000010111100011 +
b11011000000100010000010111100011 a
b11011000101 .
#3540000
b11111111111111111111110110001100 #
b11111111111111111111110110001100 b
b11011000000100010000011011100011 +
b11011000000100010000011011100011 a
b11011000110 .
0*
#3541000
b11111111111111111111110110001110 #
b11111111111111111111110110001110 b
b11011000000100010000011111100011 +
b11011000000100010000011111100011 a
b11011000111 .
#3542000
b11111111111111111111110110010000 #
b11111111111111111111110110010000 b
b11011000000100010000100011100011 +
b11011000000100010000100011100011 a
b11011001000 .
#3543000
b11111111111111111111110110010010 #
b11111111111111111111110110010010 b
b11011000000100010000100111100011 +
b11011000000100010000100111100011 a
b11011001001 .
#3544000
b11111111111111111111110110010100 #
b11111111111111111111110110010100 b
b11011000000100010000101011100011 +
b11011000000100010000101011100011 a
b11011001010 .
#3545000
b11111111111111111111110110010110 #
b11111111111111111111110110010110 b
b11011000000100010000101111100011 +
b11011000000100010000101111100011 a
b11011001011 .
1*
#3546000
b11111111111111111111110110011000 #
b11111111111111111111110110011000 b
b11011000000100010000110011100011 +
b11011000000100010000110011100011 a
b11011001100 .
#3547000
b11111111111111111111110110011010 #
b11111111111111111111110110011010 b
b11011000000100010000110111100011 +
b11011000000100010000110111100011 a
b11011001101 .
#3548000
b11111111111111111111110110011100 #
b11111111111111111111110110011100 b
b11011000000100010000111011100011 +
b11011000000100010000111011100011 a
b11011001110 .
#3549000
b11111111111111111111110110011110 #
b11111111111111111111110110011110 b
b11011000000100010000111111100011 +
b11011000000100010000111111100011 a
b11011001111 .
#3550000
b11111111111111111111110110100000 #
b11111111111111111111110110100000 b
b11011010000100010000000011100011 +
b11011010000100010000000011100011 a
b11011010000 .
0*
#3551000
b11111111111111111111110110100010 #
b11111111111111111111110110100010 b
b11011010000100010000000111100011 +
b11011010000100010000000111100011 a
b11011010001 .
#3552000
b11111111111111111111110110100100 #
b11111111111111111111110110100100 b
b11011010000100010000001011100011 +
b11011010000100010000001011100011 a
b11011010010 .
#3553000
b11111111111111111111110110100110 #
b11111111111111111111110110100110 b
b11011010000100010000001111100011 +
b11011010000100010000001111100011 a
b11011010011 .
#3554000
b11111111111111111111110110101000 #
b11111111111111111111110110101000 b
b11011010000100010000010011100011 +
b11011010000100010000010011100011 a
b11011010100 .
#3555000
b11111111111111111111110110101010 #
b11111111111111111111110110101010 b
b11011010000100010000010111100011 +
b11011010000100010000010111100011 a
b11011010101 .
1*
#3556000
b11111111111111111111110110101100 #
b11111111111111111111110110101100 b
b11011010000100010000011011100011 +
b11011010000100010000011011100011 a
b11011010110 .
#3557000
b11111111111111111111110110101110 #
b11111111111111111111110110101110 b
b11011010000100010000011111100011 +
b11011010000100010000011111100011 a
b11011010111 .
#3558000
b11111111111111111111110110110000 #
b11111111111111111111110110110000 b
b11011010000100010000100011100011 +
b11011010000100010000100011100011 a
b11011011000 .
#3559000
b11111111111111111111110110110010 #
b11111111111111111111110110110010 b
b11011010000100010000100111100011 +
b11011010000100010000100111100011 a
b11011011001 .
#3560000
b11111111111111111111110110110100 #
b11111111111111111111110110110100 b
b11011010000100010000101011100011 +
b11011010000100010000101011100011 a
b11011011010 .
0*
#3561000
b11111111111111111111110110110110 #
b11111111111111111111110110110110 b
b11011010000100010000101111100011 +
b11011010000100010000101111100011 a
b11011011011 .
#3562000
b11111111111111111111110110111000 #
b11111111111111111111110110111000 b
b11011010000100010000110011100011 +
b11011010000100010000110011100011 a
b11011011100 .
#3563000
b11111111111111111111110110111010 #
b11111111111111111111110110111010 b
b11011010000100010000110111100011 +
b11011010000100010000110111100011 a
b11011011101 .
#3564000
b11111111111111111111110110111100 #
b11111111111111111111110110111100 b
b11011010000100010000111011100011 +
b11011010000100010000111011100011 a
b11011011110 .
#3565000
b11111111111111111111110110111110 #
b11111111111111111111110110111110 b
b11011010000100010000111111100011 +
b11011010000100010000111111100011 a
b11011011111 .
1*
#3566000
b11111111111111111111110111000000 #
b11111111111111111111110111000000 b
b11011100000100010000000011100011 +
b11011100000100010000000011100011 a
b11011100000 .
#3567000
b11111111111111111111110111000010 #
b11111111111111111111110111000010 b
b11011100000100010000000111100011 +
b11011100000100010000000111100011 a
b11011100001 .
#3568000
b11111111111111111111110111000100 #
b11111111111111111111110111000100 b
b11011100000100010000001011100011 +
b11011100000100010000001011100011 a
b11011100010 .
#3569000
b11111111111111111111110111000110 #
b11111111111111111111110111000110 b
b11011100000100010000001111100011 +
b11011100000100010000001111100011 a
b11011100011 .
#3570000
b11111111111111111111110111001000 #
b11111111111111111111110111001000 b
b11011100000100010000010011100011 +
b11011100000100010000010011100011 a
b11011100100 .
0*
#3571000
b11111111111111111111110111001010 #
b11111111111111111111110111001010 b
b11011100000100010000010111100011 +
b11011100000100010000010111100011 a
b11011100101 .
#3572000
b11111111111111111111110111001100 #
b11111111111111111111110111001100 b
b11011100000100010000011011100011 +
b11011100000100010000011011100011 a
b11011100110 .
#3573000
b11111111111111111111110111001110 #
b11111111111111111111110111001110 b
b11011100000100010000011111100011 +
b11011100000100010000011111100011 a
b11011100111 .
#3574000
b11111111111111111111110111010000 #
b11111111111111111111110111010000 b
b11011100000100010000100011100011 +
b11011100000100010000100011100011 a
b11011101000 .
#3575000
b11111111111111111111110111010010 #
b11111111111111111111110111010010 b
b11011100000100010000100111100011 +
b11011100000100010000100111100011 a
b11011101001 .
1*
#3576000
b11111111111111111111110111010100 #
b11111111111111111111110111010100 b
b11011100000100010000101011100011 +
b11011100000100010000101011100011 a
b11011101010 .
#3577000
b11111111111111111111110111010110 #
b11111111111111111111110111010110 b
b11011100000100010000101111100011 +
b11011100000100010000101111100011 a
b11011101011 .
#3578000
b11111111111111111111110111011000 #
b11111111111111111111110111011000 b
b11011100000100010000110011100011 +
b11011100000100010000110011100011 a
b11011101100 .
#3579000
b11111111111111111111110111011010 #
b11111111111111111111110111011010 b
b11011100000100010000110111100011 +
b11011100000100010000110111100011 a
b11011101101 .
#3580000
b11111111111111111111110111011100 #
b11111111111111111111110111011100 b
b11011100000100010000111011100011 +
b11011100000100010000111011100011 a
b11011101110 .
0*
#3581000
b11111111111111111111110111011110 #
b11111111111111111111110111011110 b
b11011100000100010000111111100011 +
b11011100000100010000111111100011 a
b11011101111 .
#3582000
b11111111111111111111110111100000 #
b11111111111111111111110111100000 b
b11011110000100010000000011100011 +
b11011110000100010000000011100011 a
b11011110000 .
#3583000
b11111111111111111111110111100010 #
b11111111111111111111110111100010 b
b11011110000100010000000111100011 +
b11011110000100010000000111100011 a
b11011110001 .
#3584000
b11111111111111111111110111100100 #
b11111111111111111111110111100100 b
b11011110000100010000001011100011 +
b11011110000100010000001011100011 a
b11011110010 .
#3585000
b11111111111111111111110111100110 #
b11111111111111111111110111100110 b
b11011110000100010000001111100011 +
b11011110000100010000001111100011 a
b11011110011 .
1*
#3586000
b11111111111111111111110111101000 #
b11111111111111111111110111101000 b
b11011110000100010000010011100011 +
b11011110000100010000010011100011 a
b11011110100 .
#3587000
b11111111111111111111110111101010 #
b11111111111111111111110111101010 b
b11011110000100010000010111100011 +
b11011110000100010000010111100011 a
b11011110101 .
#3588000
b11111111111111111111110111101100 #
b11111111111111111111110111101100 b
b11011110000100010000011011100011 +
b11011110000100010000011011100011 a
b11011110110 .
#3589000
b11111111111111111111110111101110 #
b11111111111111111111110111101110 b
b11011110000100010000011111100011 +
b11011110000100010000011111100011 a
b11011110111 .
#3590000
b11111111111111111111110111110000 #
b11111111111111111111110111110000 b
b11011110000100010000100011100011 +
b11011110000100010000100011100011 a
b11011111000 .
0*
#3591000
b11111111111111111111110111110010 #
b11111111111111111111110111110010 b
b11011110000100010000100111100011 +
b11011110000100010000100111100011 a
b11011111001 .
#3592000
b11111111111111111111110111110100 #
b11111111111111111111110111110100 b
b11011110000100010000101011100011 +
b11011110000100010000101011100011 a
b11011111010 .
#3593000
b11111111111111111111110111110110 #
b11111111111111111111110111110110 b
b11011110000100010000101111100011 +
b11011110000100010000101111100011 a
b11011111011 .
#3594000
b11111111111111111111110111111000 #
b11111111111111111111110111111000 b
b11011110000100010000110011100011 +
b11011110000100010000110011100011 a
b11011111100 .
#3595000
b11111111111111111111110111111010 #
b11111111111111111111110111111010 b
b11011110000100010000110111100011 +
b11011110000100010000110111100011 a
b11011111101 .
1*
#3596000
b11111111111111111111110111111100 #
b11111111111111111111110111111100 b
b11011110000100010000111011100011 +
b11011110000100010000111011100011 a
b11011111110 .
#3597000
b11111111111111111111110111111110 #
b11111111111111111111110111111110 b
b11011110000100010000111111100011 +
b11011110000100010000111111100011 a
b11011111111 .
#3598000
b11111111111111111111111000000000 #
b11111111111111111111111000000000 b
b11100000000100010000000011100011 +
b11100000000100010000000011100011 a
b11100000000 .
#3599000
b11111111111111111111111000000010 #
b11111111111111111111111000000010 b
b11100000000100010000000111100011 +
b11100000000100010000000111100011 a
b11100000001 .
#3600000
b11111111111111111111111000000100 #
b11111111111111111111111000000100 b
b11100000000100010000001011100011 +
b11100000000100010000001011100011 a
b11100000010 .
0*
#3601000
b11111111111111111111111000000110 #
b11111111111111111111111000000110 b
b11100000000100010000001111100011 +
b11100000000100010000001111100011 a
b11100000011 .
#3602000
b11111111111111111111111000001000 #
b11111111111111111111111000001000 b
b11100000000100010000010011100011 +
b11100000000100010000010011100011 a
b11100000100 .
#3603000
b11111111111111111111111000001010 #
b11111111111111111111111000001010 b
b11100000000100010000010111100011 +
b11100000000100010000010111100011 a
b11100000101 .
#3604000
b11111111111111111111111000001100 #
b11111111111111111111111000001100 b
b11100000000100010000011011100011 +
b11100000000100010000011011100011 a
b11100000110 .
#3605000
b11111111111111111111111000001110 #
b11111111111111111111111000001110 b
b11100000000100010000011111100011 +
b11100000000100010000011111100011 a
b11100000111 .
1*
#3606000
b11111111111111111111111000010000 #
b11111111111111111111111000010000 b
b11100000000100010000100011100011 +
b11100000000100010000100011100011 a
b11100001000 .
#3607000
b11111111111111111111111000010010 #
b11111111111111111111111000010010 b
b11100000000100010000100111100011 +
b11100000000100010000100111100011 a
b11100001001 .
#3608000
b11111111111111111111111000010100 #
b11111111111111111111111000010100 b
b11100000000100010000101011100011 +
b11100000000100010000101011100011 a
b11100001010 .
#3609000
b11111111111111111111111000010110 #
b11111111111111111111111000010110 b
b11100000000100010000101111100011 +
b11100000000100010000101111100011 a
b11100001011 .
#3610000
b11111111111111111111111000011000 #
b11111111111111111111111000011000 b
b11100000000100010000110011100011 +
b11100000000100010000110011100011 a
b11100001100 .
0*
#3611000
b11111111111111111111111000011010 #
b11111111111111111111111000011010 b
b11100000000100010000110111100011 +
b11100000000100010000110111100011 a
b11100001101 .
#3612000
b11111111111111111111111000011100 #
b11111111111111111111111000011100 b
b11100000000100010000111011100011 +
b11100000000100010000111011100011 a
b11100001110 .
#3613000
b11111111111111111111111000011110 #
b11111111111111111111111000011110 b
b11100000000100010000111111100011 +
b11100000000100010000111111100011 a
b11100001111 .
#3614000
b11111111111111111111111000100000 #
b11111111111111111111111000100000 b
b11100010000100010000000011100011 +
b11100010000100010000000011100011 a
b11100010000 .
#3615000
b11111111111111111111111000100010 #
b11111111111111111111111000100010 b
b11100010000100010000000111100011 +
b11100010000100010000000111100011 a
b11100010001 .
1*
#3616000
b11111111111111111111111000100100 #
b11111111111111111111111000100100 b
b11100010000100010000001011100011 +
b11100010000100010000001011100011 a
b11100010010 .
#3617000
b11111111111111111111111000100110 #
b11111111111111111111111000100110 b
b11100010000100010000001111100011 +
b11100010000100010000001111100011 a
b11100010011 .
#3618000
b11111111111111111111111000101000 #
b11111111111111111111111000101000 b
b11100010000100010000010011100011 +
b11100010000100010000010011100011 a
b11100010100 .
#3619000
b11111111111111111111111000101010 #
b11111111111111111111111000101010 b
b11100010000100010000010111100011 +
b11100010000100010000010111100011 a
b11100010101 .
#3620000
b11111111111111111111111000101100 #
b11111111111111111111111000101100 b
b11100010000100010000011011100011 +
b11100010000100010000011011100011 a
b11100010110 .
0*
#3621000
b11111111111111111111111000101110 #
b11111111111111111111111000101110 b
b11100010000100010000011111100011 +
b11100010000100010000011111100011 a
b11100010111 .
#3622000
b11111111111111111111111000110000 #
b11111111111111111111111000110000 b
b11100010000100010000100011100011 +
b11100010000100010000100011100011 a
b11100011000 .
#3623000
b11111111111111111111111000110010 #
b11111111111111111111111000110010 b
b11100010000100010000100111100011 +
b11100010000100010000100111100011 a
b11100011001 .
#3624000
b11111111111111111111111000110100 #
b11111111111111111111111000110100 b
b11100010000100010000101011100011 +
b11100010000100010000101011100011 a
b11100011010 .
#3625000
b11111111111111111111111000110110 #
b11111111111111111111111000110110 b
b11100010000100010000101111100011 +
b11100010000100010000101111100011 a
b11100011011 .
1*
#3626000
b11111111111111111111111000111000 #
b11111111111111111111111000111000 b
b11100010000100010000110011100011 +
b11100010000100010000110011100011 a
b11100011100 .
#3627000
b11111111111111111111111000111010 #
b11111111111111111111111000111010 b
b11100010000100010000110111100011 +
b11100010000100010000110111100011 a
b11100011101 .
#3628000
b11111111111111111111111000111100 #
b11111111111111111111111000111100 b
b11100010000100010000111011100011 +
b11100010000100010000111011100011 a
b11100011110 .
#3629000
b11111111111111111111111000111110 #
b11111111111111111111111000111110 b
b11100010000100010000111111100011 +
b11100010000100010000111111100011 a
b11100011111 .
#3630000
b11111111111111111111111001000000 #
b11111111111111111111111001000000 b
b11100100000100010000000011100011 +
b11100100000100010000000011100011 a
b11100100000 .
0*
#3631000
b11111111111111111111111001000010 #
b11111111111111111111111001000010 b
b11100100000100010000000111100011 +
b11100100000100010000000111100011 a
b11100100001 .
#3632000
b11111111111111111111111001000100 #
b11111111111111111111111001000100 b
b11100100000100010000001011100011 +
b11100100000100010000001011100011 a
b11100100010 .
#3633000
b11111111111111111111111001000110 #
b11111111111111111111111001000110 b
b11100100000100010000001111100011 +
b11100100000100010000001111100011 a
b11100100011 .
#3634000
b11111111111111111111111001001000 #
b11111111111111111111111001001000 b
b11100100000100010000010011100011 +
b11100100000100010000010011100011 a
b11100100100 .
#3635000
b11111111111111111111111001001010 #
b11111111111111111111111001001010 b
b11100100000100010000010111100011 +
b11100100000100010000010111100011 a
b11100100101 .
1*
#3636000
b11111111111111111111111001001100 #
b11111111111111111111111001001100 b
b11100100000100010000011011100011 +
b11100100000100010000011011100011 a
b11100100110 .
#3637000
b11111111111111111111111001001110 #
b11111111111111111111111001001110 b
b11100100000100010000011111100011 +
b11100100000100010000011111100011 a
b11100100111 .
#3638000
b11111111111111111111111001010000 #
b11111111111111111111111001010000 b
b11100100000100010000100011100011 +
b11100100000100010000100011100011 a
b11100101000 .
#3639000
b11111111111111111111111001010010 #
b11111111111111111111111001010010 b
b11100100000100010000100111100011 +
b11100100000100010000100111100011 a
b11100101001 .
#3640000
b11111111111111111111111001010100 #
b11111111111111111111111001010100 b
b11100100000100010000101011100011 +
b11100100000100010000101011100011 a
b11100101010 .
0*
#3641000
b11111111111111111111111001010110 #
b11111111111111111111111001010110 b
b11100100000100010000101111100011 +
b11100100000100010000101111100011 a
b11100101011 .
#3642000
b11111111111111111111111001011000 #
b11111111111111111111111001011000 b
b11100100000100010000110011100011 +
b11100100000100010000110011100011 a
b11100101100 .
#3643000
b11111111111111111111111001011010 #
b11111111111111111111111001011010 b
b11100100000100010000110111100011 +
b11100100000100010000110111100011 a
b11100101101 .
#3644000
b11111111111111111111111001011100 #
b11111111111111111111111001011100 b
b11100100000100010000111011100011 +
b11100100000100010000111011100011 a
b11100101110 .
#3645000
b11111111111111111111111001011110 #
b11111111111111111111111001011110 b
b11100100000100010000111111100011 +
b11100100000100010000111111100011 a
b11100101111 .
1*
#3646000
b11111111111111111111111001100000 #
b11111111111111111111111001100000 b
b11100110000100010000000011100011 +
b11100110000100010000000011100011 a
b11100110000 .
#3647000
b11111111111111111111111001100010 #
b11111111111111111111111001100010 b
b11100110000100010000000111100011 +
b11100110000100010000000111100011 a
b11100110001 .
#3648000
b11111111111111111111111001100100 #
b11111111111111111111111001100100 b
b11100110000100010000001011100011 +
b11100110000100010000001011100011 a
b11100110010 .
#3649000
b11111111111111111111111001100110 #
b11111111111111111111111001100110 b
b11100110000100010000001111100011 +
b11100110000100010000001111100011 a
b11100110011 .
#3650000
b11111111111111111111111001101000 #
b11111111111111111111111001101000 b
b11100110000100010000010011100011 +
b11100110000100010000010011100011 a
b11100110100 .
0*
#3651000
b11111111111111111111111001101010 #
b11111111111111111111111001101010 b
b11100110000100010000010111100011 +
b11100110000100010000010111100011 a
b11100110101 .
#3652000
b11111111111111111111111001101100 #
b11111111111111111111111001101100 b
b11100110000100010000011011100011 +
b11100110000100010000011011100011 a
b11100110110 .
#3653000
b11111111111111111111111001101110 #
b11111111111111111111111001101110 b
b11100110000100010000011111100011 +
b11100110000100010000011111100011 a
b11100110111 .
#3654000
b11111111111111111111111001110000 #
b11111111111111111111111001110000 b
b11100110000100010000100011100011 +
b11100110000100010000100011100011 a
b11100111000 .
#3655000
b11111111111111111111111001110010 #
b11111111111111111111111001110010 b
b11100110000100010000100111100011 +
b11100110000100010000100111100011 a
b11100111001 .
1*
#3656000
b11111111111111111111111001110100 #
b11111111111111111111111001110100 b
b11100110000100010000101011100011 +
b11100110000100010000101011100011 a
b11100111010 .
#3657000
b11111111111111111111111001110110 #
b11111111111111111111111001110110 b
b11100110000100010000101111100011 +
b11100110000100010000101111100011 a
b11100111011 .
#3658000
b11111111111111111111111001111000 #
b11111111111111111111111001111000 b
b11100110000100010000110011100011 +
b11100110000100010000110011100011 a
b11100111100 .
#3659000
b11111111111111111111111001111010 #
b11111111111111111111111001111010 b
b11100110000100010000110111100011 +
b11100110000100010000110111100011 a
b11100111101 .
#3660000
b11111111111111111111111001111100 #
b11111111111111111111111001111100 b
b11100110000100010000111011100011 +
b11100110000100010000111011100011 a
b11100111110 .
0*
#3661000
b11111111111111111111111001111110 #
b11111111111111111111111001111110 b
b11100110000100010000111111100011 +
b11100110000100010000111111100011 a
b11100111111 .
#3662000
b11111111111111111111111010000000 #
b11111111111111111111111010000000 b
b11101000000100010000000011100011 +
b11101000000100010000000011100011 a
b11101000000 .
#3663000
b11111111111111111111111010000010 #
b11111111111111111111111010000010 b
b11101000000100010000000111100011 +
b11101000000100010000000111100011 a
b11101000001 .
#3664000
b11111111111111111111111010000100 #
b11111111111111111111111010000100 b
b11101000000100010000001011100011 +
b11101000000100010000001011100011 a
b11101000010 .
#3665000
b11111111111111111111111010000110 #
b11111111111111111111111010000110 b
b11101000000100010000001111100011 +
b11101000000100010000001111100011 a
b11101000011 .
1*
#3666000
b11111111111111111111111010001000 #
b11111111111111111111111010001000 b
b11101000000100010000010011100011 +
b11101000000100010000010011100011 a
b11101000100 .
#3667000
b11111111111111111111111010001010 #
b11111111111111111111111010001010 b
b11101000000100010000010111100011 +
b11101000000100010000010111100011 a
b11101000101 .
#3668000
b11111111111111111111111010001100 #
b11111111111111111111111010001100 b
b11101000000100010000011011100011 +
b11101000000100010000011011100011 a
b11101000110 .
#3669000
b11111111111111111111111010001110 #
b11111111111111111111111010001110 b
b11101000000100010000011111100011 +
b11101000000100010000011111100011 a
b11101000111 .
#3670000
b11111111111111111111111010010000 #
b11111111111111111111111010010000 b
b11101000000100010000100011100011 +
b11101000000100010000100011100011 a
b11101001000 .
0*
#3671000
b11111111111111111111111010010010 #
b11111111111111111111111010010010 b
b11101000000100010000100111100011 +
b11101000000100010000100111100011 a
b11101001001 .
#3672000
b11111111111111111111111010010100 #
b11111111111111111111111010010100 b
b11101000000100010000101011100011 +
b11101000000100010000101011100011 a
b11101001010 .
#3673000
b11111111111111111111111010010110 #
b11111111111111111111111010010110 b
b11101000000100010000101111100011 +
b11101000000100010000101111100011 a
b11101001011 .
#3674000
b11111111111111111111111010011000 #
b11111111111111111111111010011000 b
b11101000000100010000110011100011 +
b11101000000100010000110011100011 a
b11101001100 .
#3675000
b11111111111111111111111010011010 #
b11111111111111111111111010011010 b
b11101000000100010000110111100011 +
b11101000000100010000110111100011 a
b11101001101 .
1*
#3676000
b11111111111111111111111010011100 #
b11111111111111111111111010011100 b
b11101000000100010000111011100011 +
b11101000000100010000111011100011 a
b11101001110 .
#3677000
b11111111111111111111111010011110 #
b11111111111111111111111010011110 b
b11101000000100010000111111100011 +
b11101000000100010000111111100011 a
b11101001111 .
#3678000
b11111111111111111111111010100000 #
b11111111111111111111111010100000 b
b11101010000100010000000011100011 +
b11101010000100010000000011100011 a
b11101010000 .
#3679000
b11111111111111111111111010100010 #
b11111111111111111111111010100010 b
b11101010000100010000000111100011 +
b11101010000100010000000111100011 a
b11101010001 .
#3680000
b11111111111111111111111010100100 #
b11111111111111111111111010100100 b
b11101010000100010000001011100011 +
b11101010000100010000001011100011 a
b11101010010 .
0*
#3681000
b11111111111111111111111010100110 #
b11111111111111111111111010100110 b
b11101010000100010000001111100011 +
b11101010000100010000001111100011 a
b11101010011 .
#3682000
b11111111111111111111111010101000 #
b11111111111111111111111010101000 b
b11101010000100010000010011100011 +
b11101010000100010000010011100011 a
b11101010100 .
#3683000
b11111111111111111111111010101010 #
b11111111111111111111111010101010 b
b11101010000100010000010111100011 +
b11101010000100010000010111100011 a
b11101010101 .
#3684000
b11111111111111111111111010101100 #
b11111111111111111111111010101100 b
b11101010000100010000011011100011 +
b11101010000100010000011011100011 a
b11101010110 .
#3685000
b11111111111111111111111010101110 #
b11111111111111111111111010101110 b
b11101010000100010000011111100011 +
b11101010000100010000011111100011 a
b11101010111 .
1*
#3686000
b11111111111111111111111010110000 #
b11111111111111111111111010110000 b
b11101010000100010000100011100011 +
b11101010000100010000100011100011 a
b11101011000 .
#3687000
b11111111111111111111111010110010 #
b11111111111111111111111010110010 b
b11101010000100010000100111100011 +
b11101010000100010000100111100011 a
b11101011001 .
#3688000
b11111111111111111111111010110100 #
b11111111111111111111111010110100 b
b11101010000100010000101011100011 +
b11101010000100010000101011100011 a
b11101011010 .
#3689000
b11111111111111111111111010110110 #
b11111111111111111111111010110110 b
b11101010000100010000101111100011 +
b11101010000100010000101111100011 a
b11101011011 .
#3690000
b11111111111111111111111010111000 #
b11111111111111111111111010111000 b
b11101010000100010000110011100011 +
b11101010000100010000110011100011 a
b11101011100 .
0*
#3691000
b11111111111111111111111010111010 #
b11111111111111111111111010111010 b
b11101010000100010000110111100011 +
b11101010000100010000110111100011 a
b11101011101 .
#3692000
b11111111111111111111111010111100 #
b11111111111111111111111010111100 b
b11101010000100010000111011100011 +
b11101010000100010000111011100011 a
b11101011110 .
#3693000
b11111111111111111111111010111110 #
b11111111111111111111111010111110 b
b11101010000100010000111111100011 +
b11101010000100010000111111100011 a
b11101011111 .
#3694000
b11111111111111111111111011000000 #
b11111111111111111111111011000000 b
b11101100000100010000000011100011 +
b11101100000100010000000011100011 a
b11101100000 .
#3695000
b11111111111111111111111011000010 #
b11111111111111111111111011000010 b
b11101100000100010000000111100011 +
b11101100000100010000000111100011 a
b11101100001 .
1*
#3696000
b11111111111111111111111011000100 #
b11111111111111111111111011000100 b
b11101100000100010000001011100011 +
b11101100000100010000001011100011 a
b11101100010 .
#3697000
b11111111111111111111111011000110 #
b11111111111111111111111011000110 b
b11101100000100010000001111100011 +
b11101100000100010000001111100011 a
b11101100011 .
#3698000
b11111111111111111111111011001000 #
b11111111111111111111111011001000 b
b11101100000100010000010011100011 +
b11101100000100010000010011100011 a
b11101100100 .
#3699000
b11111111111111111111111011001010 #
b11111111111111111111111011001010 b
b11101100000100010000010111100011 +
b11101100000100010000010111100011 a
b11101100101 .
#3700000
b11111111111111111111111011001100 #
b11111111111111111111111011001100 b
b11101100000100010000011011100011 +
b11101100000100010000011011100011 a
b11101100110 .
0*
#3701000
b11111111111111111111111011001110 #
b11111111111111111111111011001110 b
b11101100000100010000011111100011 +
b11101100000100010000011111100011 a
b11101100111 .
#3702000
b11111111111111111111111011010000 #
b11111111111111111111111011010000 b
b11101100000100010000100011100011 +
b11101100000100010000100011100011 a
b11101101000 .
#3703000
b11111111111111111111111011010010 #
b11111111111111111111111011010010 b
b11101100000100010000100111100011 +
b11101100000100010000100111100011 a
b11101101001 .
#3704000
b11111111111111111111111011010100 #
b11111111111111111111111011010100 b
b11101100000100010000101011100011 +
b11101100000100010000101011100011 a
b11101101010 .
#3705000
b11111111111111111111111011010110 #
b11111111111111111111111011010110 b
b11101100000100010000101111100011 +
b11101100000100010000101111100011 a
b11101101011 .
1*
#3706000
b11111111111111111111111011011000 #
b11111111111111111111111011011000 b
b11101100000100010000110011100011 +
b11101100000100010000110011100011 a
b11101101100 .
#3707000
b11111111111111111111111011011010 #
b11111111111111111111111011011010 b
b11101100000100010000110111100011 +
b11101100000100010000110111100011 a
b11101101101 .
#3708000
b11111111111111111111111011011100 #
b11111111111111111111111011011100 b
b11101100000100010000111011100011 +
b11101100000100010000111011100011 a
b11101101110 .
#3709000
b11111111111111111111111011011110 #
b11111111111111111111111011011110 b
b11101100000100010000111111100011 +
b11101100000100010000111111100011 a
b11101101111 .
#3710000
b11111111111111111111111011100000 #
b11111111111111111111111011100000 b
b11101110000100010000000011100011 +
b11101110000100010000000011100011 a
b11101110000 .
0*
#3711000
b11111111111111111111111011100010 #
b11111111111111111111111011100010 b
b11101110000100010000000111100011 +
b11101110000100010000000111100011 a
b11101110001 .
#3712000
b11111111111111111111111011100100 #
b11111111111111111111111011100100 b
b11101110000100010000001011100011 +
b11101110000100010000001011100011 a
b11101110010 .
#3713000
b11111111111111111111111011100110 #
b11111111111111111111111011100110 b
b11101110000100010000001111100011 +
b11101110000100010000001111100011 a
b11101110011 .
#3714000
b11111111111111111111111011101000 #
b11111111111111111111111011101000 b
b11101110000100010000010011100011 +
b11101110000100010000010011100011 a
b11101110100 .
#3715000
b11111111111111111111111011101010 #
b11111111111111111111111011101010 b
b11101110000100010000010111100011 +
b11101110000100010000010111100011 a
b11101110101 .
1*
#3716000
b11111111111111111111111011101100 #
b11111111111111111111111011101100 b
b11101110000100010000011011100011 +
b11101110000100010000011011100011 a
b11101110110 .
#3717000
b11111111111111111111111011101110 #
b11111111111111111111111011101110 b
b11101110000100010000011111100011 +
b11101110000100010000011111100011 a
b11101110111 .
#3718000
b11111111111111111111111011110000 #
b11111111111111111111111011110000 b
b11101110000100010000100011100011 +
b11101110000100010000100011100011 a
b11101111000 .
#3719000
b11111111111111111111111011110010 #
b11111111111111111111111011110010 b
b11101110000100010000100111100011 +
b11101110000100010000100111100011 a
b11101111001 .
#3720000
b11111111111111111111111011110100 #
b11111111111111111111111011110100 b
b11101110000100010000101011100011 +
b11101110000100010000101011100011 a
b11101111010 .
0*
#3721000
b11111111111111111111111011110110 #
b11111111111111111111111011110110 b
b11101110000100010000101111100011 +
b11101110000100010000101111100011 a
b11101111011 .
#3722000
b11111111111111111111111011111000 #
b11111111111111111111111011111000 b
b11101110000100010000110011100011 +
b11101110000100010000110011100011 a
b11101111100 .
#3723000
b11111111111111111111111011111010 #
b11111111111111111111111011111010 b
b11101110000100010000110111100011 +
b11101110000100010000110111100011 a
b11101111101 .
#3724000
b11111111111111111111111011111100 #
b11111111111111111111111011111100 b
b11101110000100010000111011100011 +
b11101110000100010000111011100011 a
b11101111110 .
#3725000
b11111111111111111111111011111110 #
b11111111111111111111111011111110 b
b11101110000100010000111111100011 +
b11101110000100010000111111100011 a
b11101111111 .
1*
#3726000
b11111111111111111111111100000000 #
b11111111111111111111111100000000 b
b11110000000100010000000011100011 +
b11110000000100010000000011100011 a
b11110000000 .
#3727000
b11111111111111111111111100000010 #
b11111111111111111111111100000010 b
b11110000000100010000000111100011 +
b11110000000100010000000111100011 a
b11110000001 .
#3728000
b11111111111111111111111100000100 #
b11111111111111111111111100000100 b
b11110000000100010000001011100011 +
b11110000000100010000001011100011 a
b11110000010 .
#3729000
b11111111111111111111111100000110 #
b11111111111111111111111100000110 b
b11110000000100010000001111100011 +
b11110000000100010000001111100011 a
b11110000011 .
#3730000
b11111111111111111111111100001000 #
b11111111111111111111111100001000 b
b11110000000100010000010011100011 +
b11110000000100010000010011100011 a
b11110000100 .
0*
#3731000
b11111111111111111111111100001010 #
b11111111111111111111111100001010 b
b11110000000100010000010111100011 +
b11110000000100010000010111100011 a
b11110000101 .
#3732000
b11111111111111111111111100001100 #
b11111111111111111111111100001100 b
b11110000000100010000011011100011 +
b11110000000100010000011011100011 a
b11110000110 .
#3733000
b11111111111111111111111100001110 #
b11111111111111111111111100001110 b
b11110000000100010000011111100011 +
b11110000000100010000011111100011 a
b11110000111 .
#3734000
b11111111111111111111111100010000 #
b11111111111111111111111100010000 b
b11110000000100010000100011100011 +
b11110000000100010000100011100011 a
b11110001000 .
#3735000
b11111111111111111111111100010010 #
b11111111111111111111111100010010 b
b11110000000100010000100111100011 +
b11110000000100010000100111100011 a
b11110001001 .
1*
#3736000
b11111111111111111111111100010100 #
b11111111111111111111111100010100 b
b11110000000100010000101011100011 +
b11110000000100010000101011100011 a
b11110001010 .
#3737000
b11111111111111111111111100010110 #
b11111111111111111111111100010110 b
b11110000000100010000101111100011 +
b11110000000100010000101111100011 a
b11110001011 .
#3738000
b11111111111111111111111100011000 #
b11111111111111111111111100011000 b
b11110000000100010000110011100011 +
b11110000000100010000110011100011 a
b11110001100 .
#3739000
b11111111111111111111111100011010 #
b11111111111111111111111100011010 b
b11110000000100010000110111100011 +
b11110000000100010000110111100011 a
b11110001101 .
#3740000
b11111111111111111111111100011100 #
b11111111111111111111111100011100 b
b11110000000100010000111011100011 +
b11110000000100010000111011100011 a
b11110001110 .
0*
#3741000
b11111111111111111111111100011110 #
b11111111111111111111111100011110 b
b11110000000100010000111111100011 +
b11110000000100010000111111100011 a
b11110001111 .
#3742000
b11111111111111111111111100100000 #
b11111111111111111111111100100000 b
b11110010000100010000000011100011 +
b11110010000100010000000011100011 a
b11110010000 .
#3743000
b11111111111111111111111100100010 #
b11111111111111111111111100100010 b
b11110010000100010000000111100011 +
b11110010000100010000000111100011 a
b11110010001 .
#3744000
b11111111111111111111111100100100 #
b11111111111111111111111100100100 b
b11110010000100010000001011100011 +
b11110010000100010000001011100011 a
b11110010010 .
#3745000
b11111111111111111111111100100110 #
b11111111111111111111111100100110 b
b11110010000100010000001111100011 +
b11110010000100010000001111100011 a
b11110010011 .
1*
#3746000
b11111111111111111111111100101000 #
b11111111111111111111111100101000 b
b11110010000100010000010011100011 +
b11110010000100010000010011100011 a
b11110010100 .
#3747000
b11111111111111111111111100101010 #
b11111111111111111111111100101010 b
b11110010000100010000010111100011 +
b11110010000100010000010111100011 a
b11110010101 .
#3748000
b11111111111111111111111100101100 #
b11111111111111111111111100101100 b
b11110010000100010000011011100011 +
b11110010000100010000011011100011 a
b11110010110 .
#3749000
b11111111111111111111111100101110 #
b11111111111111111111111100101110 b
b11110010000100010000011111100011 +
b11110010000100010000011111100011 a
b11110010111 .
#3750000
b11111111111111111111111100110000 #
b11111111111111111111111100110000 b
b11110010000100010000100011100011 +
b11110010000100010000100011100011 a
b11110011000 .
0*
#3751000
b11111111111111111111111100110010 #
b11111111111111111111111100110010 b
b11110010000100010000100111100011 +
b11110010000100010000100111100011 a
b11110011001 .
#3752000
b11111111111111111111111100110100 #
b11111111111111111111111100110100 b
b11110010000100010000101011100011 +
b11110010000100010000101011100011 a
b11110011010 .
#3753000
b11111111111111111111111100110110 #
b11111111111111111111111100110110 b
b11110010000100010000101111100011 +
b11110010000100010000101111100011 a
b11110011011 .
#3754000
b11111111111111111111111100111000 #
b11111111111111111111111100111000 b
b11110010000100010000110011100011 +
b11110010000100010000110011100011 a
b11110011100 .
#3755000
b11111111111111111111111100111010 #
b11111111111111111111111100111010 b
b11110010000100010000110111100011 +
b11110010000100010000110111100011 a
b11110011101 .
1*
#3756000
b11111111111111111111111100111100 #
b11111111111111111111111100111100 b
b11110010000100010000111011100011 +
b11110010000100010000111011100011 a
b11110011110 .
#3757000
b11111111111111111111111100111110 #
b11111111111111111111111100111110 b
b11110010000100010000111111100011 +
b11110010000100010000111111100011 a
b11110011111 .
#3758000
b11111111111111111111111101000000 #
b11111111111111111111111101000000 b
b11110100000100010000000011100011 +
b11110100000100010000000011100011 a
b11110100000 .
#3759000
b11111111111111111111111101000010 #
b11111111111111111111111101000010 b
b11110100000100010000000111100011 +
b11110100000100010000000111100011 a
b11110100001 .
#3760000
b11111111111111111111111101000100 #
b11111111111111111111111101000100 b
b11110100000100010000001011100011 +
b11110100000100010000001011100011 a
b11110100010 .
0*
#3761000
b11111111111111111111111101000110 #
b11111111111111111111111101000110 b
b11110100000100010000001111100011 +
b11110100000100010000001111100011 a
b11110100011 .
#3762000
b11111111111111111111111101001000 #
b11111111111111111111111101001000 b
b11110100000100010000010011100011 +
b11110100000100010000010011100011 a
b11110100100 .
#3763000
b11111111111111111111111101001010 #
b11111111111111111111111101001010 b
b11110100000100010000010111100011 +
b11110100000100010000010111100011 a
b11110100101 .
#3764000
b11111111111111111111111101001100 #
b11111111111111111111111101001100 b
b11110100000100010000011011100011 +
b11110100000100010000011011100011 a
b11110100110 .
#3765000
b11111111111111111111111101001110 #
b11111111111111111111111101001110 b
b11110100000100010000011111100011 +
b11110100000100010000011111100011 a
b11110100111 .
1*
#3766000
b11111111111111111111111101010000 #
b11111111111111111111111101010000 b
b11110100000100010000100011100011 +
b11110100000100010000100011100011 a
b11110101000 .
#3767000
b11111111111111111111111101010010 #
b11111111111111111111111101010010 b
b11110100000100010000100111100011 +
b11110100000100010000100111100011 a
b11110101001 .
#3768000
b11111111111111111111111101010100 #
b11111111111111111111111101010100 b
b11110100000100010000101011100011 +
b11110100000100010000101011100011 a
b11110101010 .
#3769000
b11111111111111111111111101010110 #
b11111111111111111111111101010110 b
b11110100000100010000101111100011 +
b11110100000100010000101111100011 a
b11110101011 .
#3770000
b11111111111111111111111101011000 #
b11111111111111111111111101011000 b
b11110100000100010000110011100011 +
b11110100000100010000110011100011 a
b11110101100 .
0*
#3771000
b11111111111111111111111101011010 #
b11111111111111111111111101011010 b
b11110100000100010000110111100011 +
b11110100000100010000110111100011 a
b11110101101 .
#3772000
b11111111111111111111111101011100 #
b11111111111111111111111101011100 b
b11110100000100010000111011100011 +
b11110100000100010000111011100011 a
b11110101110 .
#3773000
b11111111111111111111111101011110 #
b11111111111111111111111101011110 b
b11110100000100010000111111100011 +
b11110100000100010000111111100011 a
b11110101111 .
#3774000
b11111111111111111111111101100000 #
b11111111111111111111111101100000 b
b11110110000100010000000011100011 +
b11110110000100010000000011100011 a
b11110110000 .
#3775000
b11111111111111111111111101100010 #
b11111111111111111111111101100010 b
b11110110000100010000000111100011 +
b11110110000100010000000111100011 a
b11110110001 .
1*
#3776000
b11111111111111111111111101100100 #
b11111111111111111111111101100100 b
b11110110000100010000001011100011 +
b11110110000100010000001011100011 a
b11110110010 .
#3777000
b11111111111111111111111101100110 #
b11111111111111111111111101100110 b
b11110110000100010000001111100011 +
b11110110000100010000001111100011 a
b11110110011 .
#3778000
b11111111111111111111111101101000 #
b11111111111111111111111101101000 b
b11110110000100010000010011100011 +
b11110110000100010000010011100011 a
b11110110100 .
#3779000
b11111111111111111111111101101010 #
b11111111111111111111111101101010 b
b11110110000100010000010111100011 +
b11110110000100010000010111100011 a
b11110110101 .
#3780000
b11111111111111111111111101101100 #
b11111111111111111111111101101100 b
b11110110000100010000011011100011 +
b11110110000100010000011011100011 a
b11110110110 .
0*
#3781000
b11111111111111111111111101101110 #
b11111111111111111111111101101110 b
b11110110000100010000011111100011 +
b11110110000100010000011111100011 a
b11110110111 .
#3782000
b11111111111111111111111101110000 #
b11111111111111111111111101110000 b
b11110110000100010000100011100011 +
b11110110000100010000100011100011 a
b11110111000 .
#3783000
b11111111111111111111111101110010 #
b11111111111111111111111101110010 b
b11110110000100010000100111100011 +
b11110110000100010000100111100011 a
b11110111001 .
#3784000
b11111111111111111111111101110100 #
b11111111111111111111111101110100 b
b11110110000100010000101011100011 +
b11110110000100010000101011100011 a
b11110111010 .
#3785000
b11111111111111111111111101110110 #
b11111111111111111111111101110110 b
b11110110000100010000101111100011 +
b11110110000100010000101111100011 a
b11110111011 .
1*
#3786000
b11111111111111111111111101111000 #
b11111111111111111111111101111000 b
b11110110000100010000110011100011 +
b11110110000100010000110011100011 a
b11110111100 .
#3787000
b11111111111111111111111101111010 #
b11111111111111111111111101111010 b
b11110110000100010000110111100011 +
b11110110000100010000110111100011 a
b11110111101 .
#3788000
b11111111111111111111111101111100 #
b11111111111111111111111101111100 b
b11110110000100010000111011100011 +
b11110110000100010000111011100011 a
b11110111110 .
#3789000
b11111111111111111111111101111110 #
b11111111111111111111111101111110 b
b11110110000100010000111111100011 +
b11110110000100010000111111100011 a
b11110111111 .
#3790000
b11111111111111111111111110000000 #
b11111111111111111111111110000000 b
b11111000000100010000000011100011 +
b11111000000100010000000011100011 a
b11111000000 .
0*
#3791000
b11111111111111111111111110000010 #
b11111111111111111111111110000010 b
b11111000000100010000000111100011 +
b11111000000100010000000111100011 a
b11111000001 .
#3792000
b11111111111111111111111110000100 #
b11111111111111111111111110000100 b
b11111000000100010000001011100011 +
b11111000000100010000001011100011 a
b11111000010 .
#3793000
b11111111111111111111111110000110 #
b11111111111111111111111110000110 b
b11111000000100010000001111100011 +
b11111000000100010000001111100011 a
b11111000011 .
#3794000
b11111111111111111111111110001000 #
b11111111111111111111111110001000 b
b11111000000100010000010011100011 +
b11111000000100010000010011100011 a
b11111000100 .
#3795000
b11111111111111111111111110001010 #
b11111111111111111111111110001010 b
b11111000000100010000010111100011 +
b11111000000100010000010111100011 a
b11111000101 .
1*
#3796000
b11111111111111111111111110001100 #
b11111111111111111111111110001100 b
b11111000000100010000011011100011 +
b11111000000100010000011011100011 a
b11111000110 .
#3797000
b11111111111111111111111110001110 #
b11111111111111111111111110001110 b
b11111000000100010000011111100011 +
b11111000000100010000011111100011 a
b11111000111 .
#3798000
b11111111111111111111111110010000 #
b11111111111111111111111110010000 b
b11111000000100010000100011100011 +
b11111000000100010000100011100011 a
b11111001000 .
#3799000
b11111111111111111111111110010010 #
b11111111111111111111111110010010 b
b11111000000100010000100111100011 +
b11111000000100010000100111100011 a
b11111001001 .
#3800000
b11111111111111111111111110010100 #
b11111111111111111111111110010100 b
b11111000000100010000101011100011 +
b11111000000100010000101011100011 a
b11111001010 .
0*
#3801000
b11111111111111111111111110010110 #
b11111111111111111111111110010110 b
b11111000000100010000101111100011 +
b11111000000100010000101111100011 a
b11111001011 .
#3802000
b11111111111111111111111110011000 #
b11111111111111111111111110011000 b
b11111000000100010000110011100011 +
b11111000000100010000110011100011 a
b11111001100 .
#3803000
b11111111111111111111111110011010 #
b11111111111111111111111110011010 b
b11111000000100010000110111100011 +
b11111000000100010000110111100011 a
b11111001101 .
#3804000
b11111111111111111111111110011100 #
b11111111111111111111111110011100 b
b11111000000100010000111011100011 +
b11111000000100010000111011100011 a
b11111001110 .
#3805000
b11111111111111111111111110011110 #
b11111111111111111111111110011110 b
b11111000000100010000111111100011 +
b11111000000100010000111111100011 a
b11111001111 .
1*
#3806000
b11111111111111111111111110100000 #
b11111111111111111111111110100000 b
b11111010000100010000000011100011 +
b11111010000100010000000011100011 a
b11111010000 .
#3807000
b11111111111111111111111110100010 #
b11111111111111111111111110100010 b
b11111010000100010000000111100011 +
b11111010000100010000000111100011 a
b11111010001 .
#3808000
b11111111111111111111111110100100 #
b11111111111111111111111110100100 b
b11111010000100010000001011100011 +
b11111010000100010000001011100011 a
b11111010010 .
#3809000
b11111111111111111111111110100110 #
b11111111111111111111111110100110 b
b11111010000100010000001111100011 +
b11111010000100010000001111100011 a
b11111010011 .
#3810000
b11111111111111111111111110101000 #
b11111111111111111111111110101000 b
b11111010000100010000010011100011 +
b11111010000100010000010011100011 a
b11111010100 .
0*
#3811000
b11111111111111111111111110101010 #
b11111111111111111111111110101010 b
b11111010000100010000010111100011 +
b11111010000100010000010111100011 a
b11111010101 .
#3812000
b11111111111111111111111110101100 #
b11111111111111111111111110101100 b
b11111010000100010000011011100011 +
b11111010000100010000011011100011 a
b11111010110 .
#3813000
b11111111111111111111111110101110 #
b11111111111111111111111110101110 b
b11111010000100010000011111100011 +
b11111010000100010000011111100011 a
b11111010111 .
#3814000
b11111111111111111111111110110000 #
b11111111111111111111111110110000 b
b11111010000100010000100011100011 +
b11111010000100010000100011100011 a
b11111011000 .
#3815000
b11111111111111111111111110110010 #
b11111111111111111111111110110010 b
b11111010000100010000100111100011 +
b11111010000100010000100111100011 a
b11111011001 .
1*
#3816000
b11111111111111111111111110110100 #
b11111111111111111111111110110100 b
b11111010000100010000101011100011 +
b11111010000100010000101011100011 a
b11111011010 .
#3817000
b11111111111111111111111110110110 #
b11111111111111111111111110110110 b
b11111010000100010000101111100011 +
b11111010000100010000101111100011 a
b11111011011 .
#3818000
b11111111111111111111111110111000 #
b11111111111111111111111110111000 b
b11111010000100010000110011100011 +
b11111010000100010000110011100011 a
b11111011100 .
#3819000
b11111111111111111111111110111010 #
b11111111111111111111111110111010 b
b11111010000100010000110111100011 +
b11111010000100010000110111100011 a
b11111011101 .
#3820000
b11111111111111111111111110111100 #
b11111111111111111111111110111100 b
b11111010000100010000111011100011 +
b11111010000100010000111011100011 a
b11111011110 .
0*
#3821000
b11111111111111111111111110111110 #
b11111111111111111111111110111110 b
b11111010000100010000111111100011 +
b11111010000100010000111111100011 a
b11111011111 .
#3822000
b11111111111111111111111111000000 #
b11111111111111111111111111000000 b
b11111100000100010000000011100011 +
b11111100000100010000000011100011 a
b11111100000 .
#3823000
b11111111111111111111111111000010 #
b11111111111111111111111111000010 b
b11111100000100010000000111100011 +
b11111100000100010000000111100011 a
b11111100001 .
#3824000
b11111111111111111111111111000100 #
b11111111111111111111111111000100 b
b11111100000100010000001011100011 +
b11111100000100010000001011100011 a
b11111100010 .
#3825000
b11111111111111111111111111000110 #
b11111111111111111111111111000110 b
b11111100000100010000001111100011 +
b11111100000100010000001111100011 a
b11111100011 .
1*
#3826000
b11111111111111111111111111001000 #
b11111111111111111111111111001000 b
b11111100000100010000010011100011 +
b11111100000100010000010011100011 a
b11111100100 .
#3827000
b11111111111111111111111111001010 #
b11111111111111111111111111001010 b
b11111100000100010000010111100011 +
b11111100000100010000010111100011 a
b11111100101 .
#3828000
b11111111111111111111111111001100 #
b11111111111111111111111111001100 b
b11111100000100010000011011100011 +
b11111100000100010000011011100011 a
b11111100110 .
#3829000
b11111111111111111111111111001110 #
b11111111111111111111111111001110 b
b11111100000100010000011111100011 +
b11111100000100010000011111100011 a
b11111100111 .
#3830000
b11111111111111111111111111010000 #
b11111111111111111111111111010000 b
b11111100000100010000100011100011 +
b11111100000100010000100011100011 a
b11111101000 .
0*
#3831000
b11111111111111111111111111010010 #
b11111111111111111111111111010010 b
b11111100000100010000100111100011 +
b11111100000100010000100111100011 a
b11111101001 .
#3832000
b11111111111111111111111111010100 #
b11111111111111111111111111010100 b
b11111100000100010000101011100011 +
b11111100000100010000101011100011 a
b11111101010 .
#3833000
b11111111111111111111111111010110 #
b11111111111111111111111111010110 b
b11111100000100010000101111100011 +
b11111100000100010000101111100011 a
b11111101011 .
#3834000
b11111111111111111111111111011000 #
b11111111111111111111111111011000 b
b11111100000100010000110011100011 +
b11111100000100010000110011100011 a
b11111101100 .
#3835000
b11111111111111111111111111011010 #
b11111111111111111111111111011010 b
b11111100000100010000110111100011 +
b11111100000100010000110111100011 a
b11111101101 .
1*
#3836000
b11111111111111111111111111011100 #
b11111111111111111111111111011100 b
b11111100000100010000111011100011 +
b11111100000100010000111011100011 a
b11111101110 .
#3837000
b11111111111111111111111111011110 #
b11111111111111111111111111011110 b
b11111100000100010000111111100011 +
b11111100000100010000111111100011 a
b11111101111 .
#3838000
b11111111111111111111111111100000 #
b11111111111111111111111111100000 b
b11111110000100010000000011100011 +
b11111110000100010000000011100011 a
b11111110000 .
#3839000
b11111111111111111111111111100010 #
b11111111111111111111111111100010 b
b11111110000100010000000111100011 +
b11111110000100010000000111100011 a
b11111110001 .
#3840000
b11111111111111111111111111100100 #
b11111111111111111111111111100100 b
b11111110000100010000001011100011 +
b11111110000100010000001011100011 a
b11111110010 .
0*
#3841000
b11111111111111111111111111100110 #
b11111111111111111111111111100110 b
b11111110000100010000001111100011 +
b11111110000100010000001111100011 a
b11111110011 .
#3842000
b11111111111111111111111111101000 #
b11111111111111111111111111101000 b
b11111110000100010000010011100011 +
b11111110000100010000010011100011 a
b11111110100 .
#3843000
b11111111111111111111111111101010 #
b11111111111111111111111111101010 b
b11111110000100010000010111100011 +
b11111110000100010000010111100011 a
b11111110101 .
#3844000
b11111111111111111111111111101100 #
b11111111111111111111111111101100 b
b11111110000100010000011011100011 +
b11111110000100010000011011100011 a
b11111110110 .
#3845000
b11111111111111111111111111101110 #
b11111111111111111111111111101110 b
b11111110000100010000011111100011 +
b11111110000100010000011111100011 a
b11111110111 .
1*
#3846000
b11111111111111111111111111110000 #
b11111111111111111111111111110000 b
b11111110000100010000100011100011 +
b11111110000100010000100011100011 a
b11111111000 .
#3847000
b11111111111111111111111111110010 #
b11111111111111111111111111110010 b
b11111110000100010000100111100011 +
b11111110000100010000100111100011 a
b11111111001 .
#3848000
b11111111111111111111111111110100 #
b11111111111111111111111111110100 b
b11111110000100010000101011100011 +
b11111110000100010000101011100011 a
b11111111010 .
#3849000
b11111111111111111111111111110110 #
b11111111111111111111111111110110 b
b11111110000100010000101111100011 +
b11111110000100010000101111100011 a
b11111111011 .
#3850000
b11111111111111111111111111111000 #
b11111111111111111111111111111000 b
b11111110000100010000110011100011 +
b11111110000100010000110011100011 a
b11111111100 .
0*
#3851000
b11111111111111111111111111111010 #
b11111111111111111111111111111010 b
b11111110000100010000110111100011 +
b11111110000100010000110111100011 a
b11111111101 .
#3852000
b11111111111111111111111111111100 #
b11111111111111111111111111111100 b
b11111110000100010000111011100011 +
b11111110000100010000111011100011 a
b11111111110 .
#3853000
b11111111111111111111111111111110 #
b11111111111111111111111111111110 b
b11111110000100010000111111100011 +
b11111110000100010000111111100011 a
b11111111111 .
#3854000
b0 #
b0 b
b100010000000001100011 +
b100010000000001100011 a
b100000000000 .
#3855000
b10 #
b10 b
b100010000000101100011 +
b100010000000101100011 a
b100000000001 .
1*
#3856000
b100 #
b100 b
b100010000001001100011 +
b100010000001001100011 a
b100000000010 .
#3857000
b110 #
b110 b
b100010000001101100011 +
b100010000001101100011 a
b100000000011 .
#3858000
b1000 #
b1000 b
b100010000010001100011 +
b100010000010001100011 a
b100000000100 .
#3859000
b1010 #
b1010 b
b100010000010101100011 +
b100010000010101100011 a
b100000000101 .
#3860000
b1100 #
b1100 b
b100010000011001100011 +
b100010000011001100011 a
b100000000110 .
0*
#3861000
b1110 #
b1110 b
b100010000011101100011 +
b100010000011101100011 a
b100000000111 .
#3862000
b10000 #
b10000 b
b100010000100001100011 +
b100010000100001100011 a
b100000001000 .
#3863000
b10010 #
b10010 b
b100010000100101100011 +
b100010000100101100011 a
b100000001001 .
#3864000
b10100 #
b10100 b
b100010000101001100011 +
b100010000101001100011 a
b100000001010 .
#3865000
b10110 #
b10110 b
b100010000101101100011 +
b100010000101101100011 a
b100000001011 .
1*
#3866000
b11000 #
b11000 b
b100010000110001100011 +
b100010000110001100011 a
b100000001100 .
#3867000
b11010 #
b11010 b
b100010000110101100011 +
b100010000110101100011 a
b100000001101 .
#3868000
b11100 #
b11100 b
b100010000111001100011 +
b100010000111001100011 a
b100000001110 .
#3869000
b11110 #
b11110 b
b100010000111101100011 +
b100010000111101100011 a
b100000001111 .
#3870000
b100000 #
b100000 b
b10000100010000000001100011 +
b10000100010000000001100011 a
b100000010000 .
0*
#3871000
b100010 #
b100010 b
b10000100010000000101100011 +
b10000100010000000101100011 a
b100000010001 .
#3872000
b100100 #
b100100 b
b10000100010000001001100011 +
b10000100010000001001100011 a
b100000010010 .
#3873000
b100110 #
b100110 b
b10000100010000001101100011 +
b10000100010000001101100011 a
b100000010011 .
#3874000
b101000 #
b101000 b
b10000100010000010001100011 +
b10000100010000010001100011 a
b100000010100 .
#3875000
b101010 #
b101010 b
b10000100010000010101100011 +
b10000100010000010101100011 a
b100000010101 .
1*
#3876000
b101100 #
b101100 b
b10000100010000011001100011 +
b10000100010000011001100011 a
b100000010110 .
#3877000
b101110 #
b101110 b
b10000100010000011101100011 +
b10000100010000011101100011 a
b100000010111 .
#3878000
b110000 #
b110000 b
b10000100010000100001100011 +
b10000100010000100001100011 a
b100000011000 .
#3879000
b110010 #
b110010 b
b10000100010000100101100011 +
b10000100010000100101100011 a
b100000011001 .
#3880000
b110100 #
b110100 b
b10000100010000101001100011 +
b10000100010000101001100011 a
b100000011010 .
0*
#3881000
b110110 #
b110110 b
b10000100010000101101100011 +
b10000100010000101101100011 a
b100000011011 .
#3882000
b111000 #
b111000 b
b10000100010000110001100011 +
b10000100010000110001100011 a
b100000011100 .
#3883000
b111010 #
b111010 b
b10000100010000110101100011 +
b10000100010000110101100011 a
b100000011101 .
#3884000
b111100 #
b111100 b
b10000100010000111001100011 +
b10000100010000111001100011 a
b100000011110 .
#3885000
b111110 #
b111110 b
b10000100010000111101100011 +
b10000100010000111101100011 a
b100000011111 .
1*
#3886000
b1000000 #
b1000000 b
b100000100010000000001100011 +
b100000100010000000001100011 a
b100000100000 .
#3887000
b1000010 #
b1000010 b
b100000100010000000101100011 +
b100000100010000000101100011 a
b100000100001 .
#3888000
b1000100 #
b1000100 b
b100000100010000001001100011 +
b100000100010000001001100011 a
b100000100010 .
#3889000
b1000110 #
b1000110 b
b100000100010000001101100011 +
b100000100010000001101100011 a
b100000100011 .
#3890000
b1001000 #
b1001000 b
b100000100010000010001100011 +
b100000100010000010001100011 a
b100000100100 .
0*
#3891000
b1001010 #
b1001010 b
b100000100010000010101100011 +
b100000100010000010101100011 a
b100000100101 .
#3892000
b1001100 #
b1001100 b
b100000100010000011001100011 +
b100000100010000011001100011 a
b100000100110 .
#3893000
b1001110 #
b1001110 b
b100000100010000011101100011 +
b100000100010000011101100011 a
b100000100111 .
#3894000
b1010000 #
b1010000 b
b100000100010000100001100011 +
b100000100010000100001100011 a
b100000101000 .
#3895000
b1010010 #
b1010010 b
b100000100010000100101100011 +
b100000100010000100101100011 a
b100000101001 .
1*
#3896000
b1010100 #
b1010100 b
b100000100010000101001100011 +
b100000100010000101001100011 a
b100000101010 .
#3897000
b1010110 #
b1010110 b
b100000100010000101101100011 +
b100000100010000101101100011 a
b100000101011 .
#3898000
b1011000 #
b1011000 b
b100000100010000110001100011 +
b100000100010000110001100011 a
b100000101100 .
#3899000
b1011010 #
b1011010 b
b100000100010000110101100011 +
b100000100010000110101100011 a
b100000101101 .
#3900000
b1011100 #
b1011100 b
b100000100010000111001100011 +
b100000100010000111001100011 a
b100000101110 .
0*
#3901000
b1011110 #
b1011110 b
b100000100010000111101100011 +
b100000100010000111101100011 a
b100000101111 .
#3902000
b1100000 #
b1100000 b
b110000100010000000001100011 +
b110000100010000000001100011 a
b100000110000 .
#3903000
b1100010 #
b1100010 b
b110000100010000000101100011 +
b110000100010000000101100011 a
b100000110001 .
#3904000
b1100100 #
b1100100 b
b110000100010000001001100011 +
b110000100010000001001100011 a
b100000110010 .
#3905000
b1100110 #
b1100110 b
b110000100010000001101100011 +
b110000100010000001101100011 a
b100000110011 .
1*
#3906000
b1101000 #
b1101000 b
b110000100010000010001100011 +
b110000100010000010001100011 a
b100000110100 .
#3907000
b1101010 #
b1101010 b
b110000100010000010101100011 +
b110000100010000010101100011 a
b100000110101 .
#3908000
b1101100 #
b1101100 b
b110000100010000011001100011 +
b110000100010000011001100011 a
b100000110110 .
#3909000
b1101110 #
b1101110 b
b110000100010000011101100011 +
b110000100010000011101100011 a
b100000110111 .
#3910000
b1110000 #
b1110000 b
b110000100010000100001100011 +
b110000100010000100001100011 a
b100000111000 .
0*
#3911000
b1110010 #
b1110010 b
b110000100010000100101100011 +
b110000100010000100101100011 a
b100000111001 .
#3912000
b1110100 #
b1110100 b
b110000100010000101001100011 +
b110000100010000101001100011 a
b100000111010 .
#3913000
b1110110 #
b1110110 b
b110000100010000101101100011 +
b110000100010000101101100011 a
b100000111011 .
#3914000
b1111000 #
b1111000 b
b110000100010000110001100011 +
b110000100010000110001100011 a
b100000111100 .
#3915000
b1111010 #
b1111010 b
b110000100010000110101100011 +
b110000100010000110101100011 a
b100000111101 .
1*
#3916000
b1111100 #
b1111100 b
b110000100010000111001100011 +
b110000100010000111001100011 a
b100000111110 .
#3917000
b1111110 #
b1111110 b
b110000100010000111101100011 +
b110000100010000111101100011 a
b100000111111 .
#3918000
b10000000 #
b10000000 b
b1000000100010000000001100011 +
b1000000100010000000001100011 a
b100001000000 .
#3919000
b10000010 #
b10000010 b
b1000000100010000000101100011 +
b1000000100010000000101100011 a
b100001000001 .
#3920000
b10000100 #
b10000100 b
b1000000100010000001001100011 +
b1000000100010000001001100011 a
b100001000010 .
0*
#3921000
b10000110 #
b10000110 b
b1000000100010000001101100011 +
b1000000100010000001101100011 a
b100001000011 .
#3922000
b10001000 #
b10001000 b
b1000000100010000010001100011 +
b1000000100010000010001100011 a
b100001000100 .
#3923000
b10001010 #
b10001010 b
b1000000100010000010101100011 +
b1000000100010000010101100011 a
b100001000101 .
#3924000
b10001100 #
b10001100 b
b1000000100010000011001100011 +
b1000000100010000011001100011 a
b100001000110 .
#3925000
b10001110 #
b10001110 b
b1000000100010000011101100011 +
b1000000100010000011101100011 a
b100001000111 .
1*
#3926000
b10010000 #
b10010000 b
b1000000100010000100001100011 +
b1000000100010000100001100011 a
b100001001000 .
#3927000
b10010010 #
b10010010 b
b1000000100010000100101100011 +
b1000000100010000100101100011 a
b100001001001 .
#3928000
b10010100 #
b10010100 b
b1000000100010000101001100011 +
b1000000100010000101001100011 a
b100001001010 .
#3929000
b10010110 #
b10010110 b
b1000000100010000101101100011 +
b1000000100010000101101100011 a
b100001001011 .
#3930000
b10011000 #
b10011000 b
b1000000100010000110001100011 +
b1000000100010000110001100011 a
b100001001100 .
0*
#3931000
b10011010 #
b10011010 b
b1000000100010000110101100011 +
b1000000100010000110101100011 a
b100001001101 .
#3932000
b10011100 #
b10011100 b
b1000000100010000111001100011 +
b1000000100010000111001100011 a
b100001001110 .
#3933000
b10011110 #
b10011110 b
b1000000100010000111101100011 +
b1000000100010000111101100011 a
b100001001111 .
#3934000
b10100000 #
b10100000 b
b1010000100010000000001100011 +
b1010000100010000000001100011 a
b100001010000 .
#3935000
b10100010 #
b10100010 b
b1010000100010000000101100011 +
b1010000100010000000101100011 a
b100001010001 .
1*
#3936000
b10100100 #
b10100100 b
b1010000100010000001001100011 +
b1010000100010000001001100011 a
b100001010010 .
#3937000
b10100110 #
b10100110 b
b1010000100010000001101100011 +
b1010000100010000001101100011 a
b100001010011 .
#3938000
b10101000 #
b10101000 b
b1010000100010000010001100011 +
b1010000100010000010001100011 a
b100001010100 .
#3939000
b10101010 #
b10101010 b
b1010000100010000010101100011 +
b1010000100010000010101100011 a
b100001010101 .
#3940000
b10101100 #
b10101100 b
b1010000100010000011001100011 +
b1010000100010000011001100011 a
b100001010110 .
0*
#3941000
b10101110 #
b10101110 b
b1010000100010000011101100011 +
b1010000100010000011101100011 a
b100001010111 .
#3942000
b10110000 #
b10110000 b
b1010000100010000100001100011 +
b1010000100010000100001100011 a
b100001011000 .
#3943000
b10110010 #
b10110010 b
b1010000100010000100101100011 +
b1010000100010000100101100011 a
b100001011001 .
#3944000
b10110100 #
b10110100 b
b1010000100010000101001100011 +
b1010000100010000101001100011 a
b100001011010 .
#3945000
b10110110 #
b10110110 b
b1010000100010000101101100011 +
b1010000100010000101101100011 a
b100001011011 .
1*
#3946000
b10111000 #
b10111000 b
b1010000100010000110001100011 +
b1010000100010000110001100011 a
b100001011100 .
#3947000
b10111010 #
b10111010 b
b1010000100010000110101100011 +
b1010000100010000110101100011 a
b100001011101 .
#3948000
b10111100 #
b10111100 b
b1010000100010000111001100011 +
b1010000100010000111001100011 a
b100001011110 .
#3949000
b10111110 #
b10111110 b
b1010000100010000111101100011 +
b1010000100010000111101100011 a
b100001011111 .
#3950000
b11000000 #
b11000000 b
b1100000100010000000001100011 +
b1100000100010000000001100011 a
b100001100000 .
0*
#3951000
b11000010 #
b11000010 b
b1100000100010000000101100011 +
b1100000100010000000101100011 a
b100001100001 .
#3952000
b11000100 #
b11000100 b
b1100000100010000001001100011 +
b1100000100010000001001100011 a
b100001100010 .
#3953000
b11000110 #
b11000110 b
b1100000100010000001101100011 +
b1100000100010000001101100011 a
b100001100011 .
#3954000
b11001000 #
b11001000 b
b1100000100010000010001100011 +
b1100000100010000010001100011 a
b100001100100 .
#3955000
b11001010 #
b11001010 b
b1100000100010000010101100011 +
b1100000100010000010101100011 a
b100001100101 .
1*
#3956000
b11001100 #
b11001100 b
b1100000100010000011001100011 +
b1100000100010000011001100011 a
b100001100110 .
#3957000
b11001110 #
b11001110 b
b1100000100010000011101100011 +
b1100000100010000011101100011 a
b100001100111 .
#3958000
b11010000 #
b11010000 b
b1100000100010000100001100011 +
b1100000100010000100001100011 a
b100001101000 .
#3959000
b11010010 #
b11010010 b
b1100000100010000100101100011 +
b1100000100010000100101100011 a
b100001101001 .
#3960000
b11010100 #
b11010100 b
b1100000100010000101001100011 +
b1100000100010000101001100011 a
b100001101010 .
0*
#3961000
b11010110 #
b11010110 b
b1100000100010000101101100011 +
b1100000100010000101101100011 a
b100001101011 .
#3962000
b11011000 #
b11011000 b
b1100000100010000110001100011 +
b1100000100010000110001100011 a
b100001101100 .
#3963000
b11011010 #
b11011010 b
b1100000100010000110101100011 +
b1100000100010000110101100011 a
b100001101101 .
#3964000
b11011100 #
b11011100 b
b1100000100010000111001100011 +
b1100000100010000111001100011 a
b100001101110 .
#3965000
b11011110 #
b11011110 b
b1100000100010000111101100011 +
b1100000100010000111101100011 a
b100001101111 .
1*
#3966000
b11100000 #
b11100000 b
b1110000100010000000001100011 +
b1110000100010000000001100011 a
b100001110000 .
#3967000
b11100010 #
b11100010 b
b1110000100010000000101100011 +
b1110000100010000000101100011 a
b100001110001 .
#3968000
b11100100 #
b11100100 b
b1110000100010000001001100011 +
b1110000100010000001001100011 a
b100001110010 .
#3969000
b11100110 #
b11100110 b
b1110000100010000001101100011 +
b1110000100010000001101100011 a
b100001110011 .
#3970000
b11101000 #
b11101000 b
b1110000100010000010001100011 +
b1110000100010000010001100011 a
b100001110100 .
0*
#3971000
b11101010 #
b11101010 b
b1110000100010000010101100011 +
b1110000100010000010101100011 a
b100001110101 .
#3972000
b11101100 #
b11101100 b
b1110000100010000011001100011 +
b1110000100010000011001100011 a
b100001110110 .
#3973000
b11101110 #
b11101110 b
b1110000100010000011101100011 +
b1110000100010000011101100011 a
b100001110111 .
#3974000
b11110000 #
b11110000 b
b1110000100010000100001100011 +
b1110000100010000100001100011 a
b100001111000 .
#3975000
b11110010 #
b11110010 b
b1110000100010000100101100011 +
b1110000100010000100101100011 a
b100001111001 .
1*
#3976000
b11110100 #
b11110100 b
b1110000100010000101001100011 +
b1110000100010000101001100011 a
b100001111010 .
#3977000
b11110110 #
b11110110 b
b1110000100010000101101100011 +
b1110000100010000101101100011 a
b100001111011 .
#3978000
b11111000 #
b11111000 b
b1110000100010000110001100011 +
b1110000100010000110001100011 a
b100001111100 .
#3979000
b11111010 #
b11111010 b
b1110000100010000110101100011 +
b1110000100010000110101100011 a
b100001111101 .
#3980000
b11111100 #
b11111100 b
b1110000100010000111001100011 +
b1110000100010000111001100011 a
b100001111110 .
0*
#3981000
b11111110 #
b11111110 b
b1110000100010000111101100011 +
b1110000100010000111101100011 a
b100001111111 .
#3982000
b100000000 #
b100000000 b
b10000000100010000000001100011 +
b10000000100010000000001100011 a
b100010000000 .
#3983000
b100000010 #
b100000010 b
b10000000100010000000101100011 +
b10000000100010000000101100011 a
b100010000001 .
#3984000
b100000100 #
b100000100 b
b10000000100010000001001100011 +
b10000000100010000001001100011 a
b100010000010 .
#3985000
b100000110 #
b100000110 b
b10000000100010000001101100011 +
b10000000100010000001101100011 a
b100010000011 .
1*
#3986000
b100001000 #
b100001000 b
b10000000100010000010001100011 +
b10000000100010000010001100011 a
b100010000100 .
#3987000
b100001010 #
b100001010 b
b10000000100010000010101100011 +
b10000000100010000010101100011 a
b100010000101 .
#3988000
b100001100 #
b100001100 b
b10000000100010000011001100011 +
b10000000100010000011001100011 a
b100010000110 .
#3989000
b100001110 #
b100001110 b
b10000000100010000011101100011 +
b10000000100010000011101100011 a
b100010000111 .
#3990000
b100010000 #
b100010000 b
b10000000100010000100001100011 +
b10000000100010000100001100011 a
b100010001000 .
0*
#3991000
b100010010 #
b100010010 b
b10000000100010000100101100011 +
b10000000100010000100101100011 a
b100010001001 .
#3992000
b100010100 #
b100010100 b
b10000000100010000101001100011 +
b10000000100010000101001100011 a
b100010001010 .
#3993000
b100010110 #
b100010110 b
b10000000100010000101101100011 +
b10000000100010000101101100011 a
b100010001011 .
#3994000
b100011000 #
b100011000 b
b10000000100010000110001100011 +
b10000000100010000110001100011 a
b100010001100 .
#3995000
b100011010 #
b100011010 b
b10000000100010000110101100011 +
b10000000100010000110101100011 a
b100010001101 .
1*
#3996000
b100011100 #
b100011100 b
b10000000100010000111001100011 +
b10000000100010000111001100011 a
b100010001110 .
#3997000
b100011110 #
b100011110 b
b10000000100010000111101100011 +
b10000000100010000111101100011 a
b100010001111 .
#3998000
b100100000 #
b100100000 b
b10010000100010000000001100011 +
b10010000100010000000001100011 a
b100010010000 .
#3999000
b100100010 #
b100100010 b
b10010000100010000000101100011 +
b10010000100010000000101100011 a
b100010010001 .
#4000000
b100100100 #
b100100100 b
b10010000100010000001001100011 +
b10010000100010000001001100011 a
b100010010010 .
0*
#4001000
b100100110 #
b100100110 b
b10010000100010000001101100011 +
b10010000100010000001101100011 a
b100010010011 .
#4002000
b100101000 #
b100101000 b
b10010000100010000010001100011 +
b10010000100010000010001100011 a
b100010010100 .
#4003000
b100101010 #
b100101010 b
b10010000100010000010101100011 +
b10010000100010000010101100011 a
b100010010101 .
#4004000
b100101100 #
b100101100 b
b10010000100010000011001100011 +
b10010000100010000011001100011 a
b100010010110 .
#4005000
b100101110 #
b100101110 b
b10010000100010000011101100011 +
b10010000100010000011101100011 a
b100010010111 .
1*
#4006000
b100110000 #
b100110000 b
b10010000100010000100001100011 +
b10010000100010000100001100011 a
b100010011000 .
#4007000
b100110010 #
b100110010 b
b10010000100010000100101100011 +
b10010000100010000100101100011 a
b100010011001 .
#4008000
b100110100 #
b100110100 b
b10010000100010000101001100011 +
b10010000100010000101001100011 a
b100010011010 .
#4009000
b100110110 #
b100110110 b
b10010000100010000101101100011 +
b10010000100010000101101100011 a
b100010011011 .
#4010000
b100111000 #
b100111000 b
b10010000100010000110001100011 +
b10010000100010000110001100011 a
b100010011100 .
0*
#4011000
b100111010 #
b100111010 b
b10010000100010000110101100011 +
b10010000100010000110101100011 a
b100010011101 .
#4012000
b100111100 #
b100111100 b
b10010000100010000111001100011 +
b10010000100010000111001100011 a
b100010011110 .
#4013000
b100111110 #
b100111110 b
b10010000100010000111101100011 +
b10010000100010000111101100011 a
b100010011111 .
#4014000
b101000000 #
b101000000 b
b10100000100010000000001100011 +
b10100000100010000000001100011 a
b100010100000 .
#4015000
b101000010 #
b101000010 b
b10100000100010000000101100011 +
b10100000100010000000101100011 a
b100010100001 .
1*
#4016000
b101000100 #
b101000100 b
b10100000100010000001001100011 +
b10100000100010000001001100011 a
b100010100010 .
#4017000
b101000110 #
b101000110 b
b10100000100010000001101100011 +
b10100000100010000001101100011 a
b100010100011 .
#4018000
b101001000 #
b101001000 b
b10100000100010000010001100011 +
b10100000100010000010001100011 a
b100010100100 .
#4019000
b101001010 #
b101001010 b
b10100000100010000010101100011 +
b10100000100010000010101100011 a
b100010100101 .
#4020000
b101001100 #
b101001100 b
b10100000100010000011001100011 +
b10100000100010000011001100011 a
b100010100110 .
0*
#4021000
b101001110 #
b101001110 b
b10100000100010000011101100011 +
b10100000100010000011101100011 a
b100010100111 .
#4022000
b101010000 #
b101010000 b
b10100000100010000100001100011 +
b10100000100010000100001100011 a
b100010101000 .
#4023000
b101010010 #
b101010010 b
b10100000100010000100101100011 +
b10100000100010000100101100011 a
b100010101001 .
#4024000
b101010100 #
b101010100 b
b10100000100010000101001100011 +
b10100000100010000101001100011 a
b100010101010 .
#4025000
b101010110 #
b101010110 b
b10100000100010000101101100011 +
b10100000100010000101101100011 a
b100010101011 .
1*
#4026000
b101011000 #
b101011000 b
b10100000100010000110001100011 +
b10100000100010000110001100011 a
b100010101100 .
#4027000
b101011010 #
b101011010 b
b10100000100010000110101100011 +
b10100000100010000110101100011 a
b100010101101 .
#4028000
b101011100 #
b101011100 b
b10100000100010000111001100011 +
b10100000100010000111001100011 a
b100010101110 .
#4029000
b101011110 #
b101011110 b
b10100000100010000111101100011 +
b10100000100010000111101100011 a
b100010101111 .
#4030000
b101100000 #
b101100000 b
b10110000100010000000001100011 +
b10110000100010000000001100011 a
b100010110000 .
0*
#4031000
b101100010 #
b101100010 b
b10110000100010000000101100011 +
b10110000100010000000101100011 a
b100010110001 .
#4032000
b101100100 #
b101100100 b
b10110000100010000001001100011 +
b10110000100010000001001100011 a
b100010110010 .
#4033000
b101100110 #
b101100110 b
b10110000100010000001101100011 +
b10110000100010000001101100011 a
b100010110011 .
#4034000
b101101000 #
b101101000 b
b10110000100010000010001100011 +
b10110000100010000010001100011 a
b100010110100 .
#4035000
b101101010 #
b101101010 b
b10110000100010000010101100011 +
b10110000100010000010101100011 a
b100010110101 .
1*
#4036000
b101101100 #
b101101100 b
b10110000100010000011001100011 +
b10110000100010000011001100011 a
b100010110110 .
#4037000
b101101110 #
b101101110 b
b10110000100010000011101100011 +
b10110000100010000011101100011 a
b100010110111 .
#4038000
b101110000 #
b101110000 b
b10110000100010000100001100011 +
b10110000100010000100001100011 a
b100010111000 .
#4039000
b101110010 #
b101110010 b
b10110000100010000100101100011 +
b10110000100010000100101100011 a
b100010111001 .
#4040000
b101110100 #
b101110100 b
b10110000100010000101001100011 +
b10110000100010000101001100011 a
b100010111010 .
0*
#4041000
b101110110 #
b101110110 b
b10110000100010000101101100011 +
b10110000100010000101101100011 a
b100010111011 .
#4042000
b101111000 #
b101111000 b
b10110000100010000110001100011 +
b10110000100010000110001100011 a
b100010111100 .
#4043000
b101111010 #
b101111010 b
b10110000100010000110101100011 +
b10110000100010000110101100011 a
b100010111101 .
#4044000
b101111100 #
b101111100 b
b10110000100010000111001100011 +
b10110000100010000111001100011 a
b100010111110 .
#4045000
b101111110 #
b101111110 b
b10110000100010000111101100011 +
b10110000100010000111101100011 a
b100010111111 .
1*
#4046000
b110000000 #
b110000000 b
b11000000100010000000001100011 +
b11000000100010000000001100011 a
b100011000000 .
#4047000
b110000010 #
b110000010 b
b11000000100010000000101100011 +
b11000000100010000000101100011 a
b100011000001 .
#4048000
b110000100 #
b110000100 b
b11000000100010000001001100011 +
b11000000100010000001001100011 a
b100011000010 .
#4049000
b110000110 #
b110000110 b
b11000000100010000001101100011 +
b11000000100010000001101100011 a
b100011000011 .
#4050000
b110001000 #
b110001000 b
b11000000100010000010001100011 +
b11000000100010000010001100011 a
b100011000100 .
0*
#4051000
b110001010 #
b110001010 b
b11000000100010000010101100011 +
b11000000100010000010101100011 a
b100011000101 .
#4052000
b110001100 #
b110001100 b
b11000000100010000011001100011 +
b11000000100010000011001100011 a
b100011000110 .
#4053000
b110001110 #
b110001110 b
b11000000100010000011101100011 +
b11000000100010000011101100011 a
b100011000111 .
#4054000
b110010000 #
b110010000 b
b11000000100010000100001100011 +
b11000000100010000100001100011 a
b100011001000 .
#4055000
b110010010 #
b110010010 b
b11000000100010000100101100011 +
b11000000100010000100101100011 a
b100011001001 .
1*
#4056000
b110010100 #
b110010100 b
b11000000100010000101001100011 +
b11000000100010000101001100011 a
b100011001010 .
#4057000
b110010110 #
b110010110 b
b11000000100010000101101100011 +
b11000000100010000101101100011 a
b100011001011 .
#4058000
b110011000 #
b110011000 b
b11000000100010000110001100011 +
b11000000100010000110001100011 a
b100011001100 .
#4059000
b110011010 #
b110011010 b
b11000000100010000110101100011 +
b11000000100010000110101100011 a
b100011001101 .
#4060000
b110011100 #
b110011100 b
b11000000100010000111001100011 +
b11000000100010000111001100011 a
b100011001110 .
0*
#4061000
b110011110 #
b110011110 b
b11000000100010000111101100011 +
b11000000100010000111101100011 a
b100011001111 .
#4062000
b110100000 #
b110100000 b
b11010000100010000000001100011 +
b11010000100010000000001100011 a
b100011010000 .
#4063000
b110100010 #
b110100010 b
b11010000100010000000101100011 +
b11010000100010000000101100011 a
b100011010001 .
#4064000
b110100100 #
b110100100 b
b11010000100010000001001100011 +
b11010000100010000001001100011 a
b100011010010 .
#4065000
b110100110 #
b110100110 b
b11010000100010000001101100011 +
b11010000100010000001101100011 a
b100011010011 .
1*
#4066000
b110101000 #
b110101000 b
b11010000100010000010001100011 +
b11010000100010000010001100011 a
b100011010100 .
#4067000
b110101010 #
b110101010 b
b11010000100010000010101100011 +
b11010000100010000010101100011 a
b100011010101 .
#4068000
b110101100 #
b110101100 b
b11010000100010000011001100011 +
b11010000100010000011001100011 a
b100011010110 .
#4069000
b110101110 #
b110101110 b
b11010000100010000011101100011 +
b11010000100010000011101100011 a
b100011010111 .
#4070000
b110110000 #
b110110000 b
b11010000100010000100001100011 +
b11010000100010000100001100011 a
b100011011000 .
0*
#4071000
b110110010 #
b110110010 b
b11010000100010000100101100011 +
b11010000100010000100101100011 a
b100011011001 .
#4072000
b110110100 #
b110110100 b
b11010000100010000101001100011 +
b11010000100010000101001100011 a
b100011011010 .
#4073000
b110110110 #
b110110110 b
b11010000100010000101101100011 +
b11010000100010000101101100011 a
b100011011011 .
#4074000
b110111000 #
b110111000 b
b11010000100010000110001100011 +
b11010000100010000110001100011 a
b100011011100 .
#4075000
b110111010 #
b110111010 b
b11010000100010000110101100011 +
b11010000100010000110101100011 a
b100011011101 .
1*
#4076000
b110111100 #
b110111100 b
b11010000100010000111001100011 +
b11010000100010000111001100011 a
b100011011110 .
#4077000
b110111110 #
b110111110 b
b11010000100010000111101100011 +
b11010000100010000111101100011 a
b100011011111 .
#4078000
b111000000 #
b111000000 b
b11100000100010000000001100011 +
b11100000100010000000001100011 a
b100011100000 .
#4079000
b111000010 #
b111000010 b
b11100000100010000000101100011 +
b11100000100010000000101100011 a
b100011100001 .
#4080000
b111000100 #
b111000100 b
b11100000100010000001001100011 +
b11100000100010000001001100011 a
b100011100010 .
0*
#4081000
b111000110 #
b111000110 b
b11100000100010000001101100011 +
b11100000100010000001101100011 a
b100011100011 .
#4082000
b111001000 #
b111001000 b
b11100000100010000010001100011 +
b11100000100010000010001100011 a
b100011100100 .
#4083000
b111001010 #
b111001010 b
b11100000100010000010101100011 +
b11100000100010000010101100011 a
b100011100101 .
#4084000
b111001100 #
b111001100 b
b11100000100010000011001100011 +
b11100000100010000011001100011 a
b100011100110 .
#4085000
b111001110 #
b111001110 b
b11100000100010000011101100011 +
b11100000100010000011101100011 a
b100011100111 .
1*
#4086000
b111010000 #
b111010000 b
b11100000100010000100001100011 +
b11100000100010000100001100011 a
b100011101000 .
#4087000
b111010010 #
b111010010 b
b11100000100010000100101100011 +
b11100000100010000100101100011 a
b100011101001 .
#4088000
b111010100 #
b111010100 b
b11100000100010000101001100011 +
b11100000100010000101001100011 a
b100011101010 .
#4089000
b111010110 #
b111010110 b
b11100000100010000101101100011 +
b11100000100010000101101100011 a
b100011101011 .
#4090000
b111011000 #
b111011000 b
b11100000100010000110001100011 +
b11100000100010000110001100011 a
b100011101100 .
0*
#4091000
b111011010 #
b111011010 b
b11100000100010000110101100011 +
b11100000100010000110101100011 a
b100011101101 .
#4092000
b111011100 #
b111011100 b
b11100000100010000111001100011 +
b11100000100010000111001100011 a
b100011101110 .
#4093000
b111011110 #
b111011110 b
b11100000100010000111101100011 +
b11100000100010000111101100011 a
b100011101111 .
#4094000
b111100000 #
b111100000 b
b11110000100010000000001100011 +
b11110000100010000000001100011 a
b100011110000 .
#4095000
b111100010 #
b111100010 b
b11110000100010000000101100011 +
b11110000100010000000101100011 a
b100011110001 .
1*
#4096000
b111100100 #
b111100100 b
b11110000100010000001001100011 +
b11110000100010000001001100011 a
b100011110010 .
#4097000
b111100110 #
b111100110 b
b11110000100010000001101100011 +
b11110000100010000001101100011 a
b100011110011 .
#4098000
b111101000 #
b111101000 b
b11110000100010000010001100011 +
b11110000100010000010001100011 a
b100011110100 .
#4099000
b111101010 #
b111101010 b
b11110000100010000010101100011 +
b11110000100010000010101100011 a
b100011110101 .
#4100000
b111101100 #
b111101100 b
b11110000100010000011001100011 +
b11110000100010000011001100011 a
b100011110110 .
0*
#4101000
b111101110 #
b111101110 b
b11110000100010000011101100011 +
b11110000100010000011101100011 a
b100011110111 .
#4102000
b111110000 #
b111110000 b
b11110000100010000100001100011 +
b11110000100010000100001100011 a
b100011111000 .
#4103000
b111110010 #
b111110010 b
b11110000100010000100101100011 +
b11110000100010000100101100011 a
b100011111001 .
#4104000
b111110100 #
b111110100 b
b11110000100010000101001100011 +
b11110000100010000101001100011 a
b100011111010 .
#4105000
b111110110 #
b111110110 b
b11110000100010000101101100011 +
b11110000100010000101101100011 a
b100011111011 .
1*
#4106000
b111111000 #
b111111000 b
b11110000100010000110001100011 +
b11110000100010000110001100011 a
b100011111100 .
#4107000
b111111010 #
b111111010 b
b11110000100010000110101100011 +
b11110000100010000110101100011 a
b100011111101 .
#4108000
b111111100 #
b111111100 b
b11110000100010000111001100011 +
b11110000100010000111001100011 a
b100011111110 .
#4109000
b111111110 #
b111111110 b
b11110000100010000111101100011 +
b11110000100010000111101100011 a
b100011111111 .
#4110000
b1000000000 #
b1000000000 b
b100000000100010000000001100011 +
b100000000100010000000001100011 a
b100100000000 .
0*
#4111000
b1000000010 #
b1000000010 b
b100000000100010000000101100011 +
b100000000100010000000101100011 a
b100100000001 .
#4112000
b1000000100 #
b1000000100 b
b100000000100010000001001100011 +
b100000000100010000001001100011 a
b100100000010 .
#4113000
b1000000110 #
b1000000110 b
b100000000100010000001101100011 +
b100000000100010000001101100011 a
b100100000011 .
#4114000
b1000001000 #
b1000001000 b
b100000000100010000010001100011 +
b100000000100010000010001100011 a
b100100000100 .
#4115000
b1000001010 #
b1000001010 b
b100000000100010000010101100011 +
b100000000100010000010101100011 a
b100100000101 .
1*
#4116000
b1000001100 #
b1000001100 b
b100000000100010000011001100011 +
b100000000100010000011001100011 a
b100100000110 .
#4117000
b1000001110 #
b1000001110 b
b100000000100010000011101100011 +
b100000000100010000011101100011 a
b100100000111 .
#4118000
b1000010000 #
b1000010000 b
b100000000100010000100001100011 +
b100000000100010000100001100011 a
b100100001000 .
#4119000
b1000010010 #
b1000010010 b
b100000000100010000100101100011 +
b100000000100010000100101100011 a
b100100001001 .
#4120000
b1000010100 #
b1000010100 b
b100000000100010000101001100011 +
b100000000100010000101001100011 a
b100100001010 .
0*
#4121000
b1000010110 #
b1000010110 b
b100000000100010000101101100011 +
b100000000100010000101101100011 a
b100100001011 .
#4122000
b1000011000 #
b1000011000 b
b100000000100010000110001100011 +
b100000000100010000110001100011 a
b100100001100 .
#4123000
b1000011010 #
b1000011010 b
b100000000100010000110101100011 +
b100000000100010000110101100011 a
b100100001101 .
#4124000
b1000011100 #
b1000011100 b
b100000000100010000111001100011 +
b100000000100010000111001100011 a
b100100001110 .
#4125000
b1000011110 #
b1000011110 b
b100000000100010000111101100011 +
b100000000100010000111101100011 a
b100100001111 .
1*
#4126000
b1000100000 #
b1000100000 b
b100010000100010000000001100011 +
b100010000100010000000001100011 a
b100100010000 .
#4127000
b1000100010 #
b1000100010 b
b100010000100010000000101100011 +
b100010000100010000000101100011 a
b100100010001 .
#4128000
b1000100100 #
b1000100100 b
b100010000100010000001001100011 +
b100010000100010000001001100011 a
b100100010010 .
#4129000
b1000100110 #
b1000100110 b
b100010000100010000001101100011 +
b100010000100010000001101100011 a
b100100010011 .
#4130000
b1000101000 #
b1000101000 b
b100010000100010000010001100011 +
b100010000100010000010001100011 a
b100100010100 .
0*
#4131000
b1000101010 #
b1000101010 b
b100010000100010000010101100011 +
b100010000100010000010101100011 a
b100100010101 .
#4132000
b1000101100 #
b1000101100 b
b100010000100010000011001100011 +
b100010000100010000011001100011 a
b100100010110 .
#4133000
b1000101110 #
b1000101110 b
b100010000100010000011101100011 +
b100010000100010000011101100011 a
b100100010111 .
#4134000
b1000110000 #
b1000110000 b
b100010000100010000100001100011 +
b100010000100010000100001100011 a
b100100011000 .
#4135000
b1000110010 #
b1000110010 b
b100010000100010000100101100011 +
b100010000100010000100101100011 a
b100100011001 .
1*
#4136000
b1000110100 #
b1000110100 b
b100010000100010000101001100011 +
b100010000100010000101001100011 a
b100100011010 .
#4137000
b1000110110 #
b1000110110 b
b100010000100010000101101100011 +
b100010000100010000101101100011 a
b100100011011 .
#4138000
b1000111000 #
b1000111000 b
b100010000100010000110001100011 +
b100010000100010000110001100011 a
b100100011100 .
#4139000
b1000111010 #
b1000111010 b
b100010000100010000110101100011 +
b100010000100010000110101100011 a
b100100011101 .
#4140000
b1000111100 #
b1000111100 b
b100010000100010000111001100011 +
b100010000100010000111001100011 a
b100100011110 .
0*
#4141000
b1000111110 #
b1000111110 b
b100010000100010000111101100011 +
b100010000100010000111101100011 a
b100100011111 .
#4142000
b1001000000 #
b1001000000 b
b100100000100010000000001100011 +
b100100000100010000000001100011 a
b100100100000 .
#4143000
b1001000010 #
b1001000010 b
b100100000100010000000101100011 +
b100100000100010000000101100011 a
b100100100001 .
#4144000
b1001000100 #
b1001000100 b
b100100000100010000001001100011 +
b100100000100010000001001100011 a
b100100100010 .
#4145000
b1001000110 #
b1001000110 b
b100100000100010000001101100011 +
b100100000100010000001101100011 a
b100100100011 .
1*
#4146000
b1001001000 #
b1001001000 b
b100100000100010000010001100011 +
b100100000100010000010001100011 a
b100100100100 .
#4147000
b1001001010 #
b1001001010 b
b100100000100010000010101100011 +
b100100000100010000010101100011 a
b100100100101 .
#4148000
b1001001100 #
b1001001100 b
b100100000100010000011001100011 +
b100100000100010000011001100011 a
b100100100110 .
#4149000
b1001001110 #
b1001001110 b
b100100000100010000011101100011 +
b100100000100010000011101100011 a
b100100100111 .
#4150000
b1001010000 #
b1001010000 b
b100100000100010000100001100011 +
b100100000100010000100001100011 a
b100100101000 .
0*
#4151000
b1001010010 #
b1001010010 b
b100100000100010000100101100011 +
b100100000100010000100101100011 a
b100100101001 .
#4152000
b1001010100 #
b1001010100 b
b100100000100010000101001100011 +
b100100000100010000101001100011 a
b100100101010 .
#4153000
b1001010110 #
b1001010110 b
b100100000100010000101101100011 +
b100100000100010000101101100011 a
b100100101011 .
#4154000
b1001011000 #
b1001011000 b
b100100000100010000110001100011 +
b100100000100010000110001100011 a
b100100101100 .
#4155000
b1001011010 #
b1001011010 b
b100100000100010000110101100011 +
b100100000100010000110101100011 a
b100100101101 .
1*
#4156000
b1001011100 #
b1001011100 b
b100100000100010000111001100011 +
b100100000100010000111001100011 a
b100100101110 .
#4157000
b1001011110 #
b1001011110 b
b100100000100010000111101100011 +
b100100000100010000111101100011 a
b100100101111 .
#4158000
b1001100000 #
b1001100000 b
b100110000100010000000001100011 +
b100110000100010000000001100011 a
b100100110000 .
#4159000
b1001100010 #
b1001100010 b
b100110000100010000000101100011 +
b100110000100010000000101100011 a
b100100110001 .
#4160000
b1001100100 #
b1001100100 b
b100110000100010000001001100011 +
b100110000100010000001001100011 a
b100100110010 .
0*
#4161000
b1001100110 #
b1001100110 b
b100110000100010000001101100011 +
b100110000100010000001101100011 a
b100100110011 .
#4162000
b1001101000 #
b1001101000 b
b100110000100010000010001100011 +
b100110000100010000010001100011 a
b100100110100 .
#4163000
b1001101010 #
b1001101010 b
b100110000100010000010101100011 +
b100110000100010000010101100011 a
b100100110101 .
#4164000
b1001101100 #
b1001101100 b
b100110000100010000011001100011 +
b100110000100010000011001100011 a
b100100110110 .
#4165000
b1001101110 #
b1001101110 b
b100110000100010000011101100011 +
b100110000100010000011101100011 a
b100100110111 .
1*
#4166000
b1001110000 #
b1001110000 b
b100110000100010000100001100011 +
b100110000100010000100001100011 a
b100100111000 .
#4167000
b1001110010 #
b1001110010 b
b100110000100010000100101100011 +
b100110000100010000100101100011 a
b100100111001 .
#4168000
b1001110100 #
b1001110100 b
b100110000100010000101001100011 +
b100110000100010000101001100011 a
b100100111010 .
#4169000
b1001110110 #
b1001110110 b
b100110000100010000101101100011 +
b100110000100010000101101100011 a
b100100111011 .
#4170000
b1001111000 #
b1001111000 b
b100110000100010000110001100011 +
b100110000100010000110001100011 a
b100100111100 .
0*
#4171000
b1001111010 #
b1001111010 b
b100110000100010000110101100011 +
b100110000100010000110101100011 a
b100100111101 .
#4172000
b1001111100 #
b1001111100 b
b100110000100010000111001100011 +
b100110000100010000111001100011 a
b100100111110 .
#4173000
b1001111110 #
b1001111110 b
b100110000100010000111101100011 +
b100110000100010000111101100011 a
b100100111111 .
#4174000
b1010000000 #
b1010000000 b
b101000000100010000000001100011 +
b101000000100010000000001100011 a
b100101000000 .
#4175000
b1010000010 #
b1010000010 b
b101000000100010000000101100011 +
b101000000100010000000101100011 a
b100101000001 .
1*
#4176000
b1010000100 #
b1010000100 b
b101000000100010000001001100011 +
b101000000100010000001001100011 a
b100101000010 .
#4177000
b1010000110 #
b1010000110 b
b101000000100010000001101100011 +
b101000000100010000001101100011 a
b100101000011 .
#4178000
b1010001000 #
b1010001000 b
b101000000100010000010001100011 +
b101000000100010000010001100011 a
b100101000100 .
#4179000
b1010001010 #
b1010001010 b
b101000000100010000010101100011 +
b101000000100010000010101100011 a
b100101000101 .
#4180000
b1010001100 #
b1010001100 b
b101000000100010000011001100011 +
b101000000100010000011001100011 a
b100101000110 .
0*
#4181000
b1010001110 #
b1010001110 b
b101000000100010000011101100011 +
b101000000100010000011101100011 a
b100101000111 .
#4182000
b1010010000 #
b1010010000 b
b101000000100010000100001100011 +
b101000000100010000100001100011 a
b100101001000 .
#4183000
b1010010010 #
b1010010010 b
b101000000100010000100101100011 +
b101000000100010000100101100011 a
b100101001001 .
#4184000
b1010010100 #
b1010010100 b
b101000000100010000101001100011 +
b101000000100010000101001100011 a
b100101001010 .
#4185000
b1010010110 #
b1010010110 b
b101000000100010000101101100011 +
b101000000100010000101101100011 a
b100101001011 .
1*
#4186000
b1010011000 #
b1010011000 b
b101000000100010000110001100011 +
b101000000100010000110001100011 a
b100101001100 .
#4187000
b1010011010 #
b1010011010 b
b101000000100010000110101100011 +
b101000000100010000110101100011 a
b100101001101 .
#4188000
b1010011100 #
b1010011100 b
b101000000100010000111001100011 +
b101000000100010000111001100011 a
b100101001110 .
#4189000
b1010011110 #
b1010011110 b
b101000000100010000111101100011 +
b101000000100010000111101100011 a
b100101001111 .
#4190000
b1010100000 #
b1010100000 b
b101010000100010000000001100011 +
b101010000100010000000001100011 a
b100101010000 .
0*
#4191000
b1010100010 #
b1010100010 b
b101010000100010000000101100011 +
b101010000100010000000101100011 a
b100101010001 .
#4192000
b1010100100 #
b1010100100 b
b101010000100010000001001100011 +
b101010000100010000001001100011 a
b100101010010 .
#4193000
b1010100110 #
b1010100110 b
b101010000100010000001101100011 +
b101010000100010000001101100011 a
b100101010011 .
#4194000
b1010101000 #
b1010101000 b
b101010000100010000010001100011 +
b101010000100010000010001100011 a
b100101010100 .
#4195000
b1010101010 #
b1010101010 b
b101010000100010000010101100011 +
b101010000100010000010101100011 a
b100101010101 .
1*
#4196000
b1010101100 #
b1010101100 b
b101010000100010000011001100011 +
b101010000100010000011001100011 a
b100101010110 .
#4197000
b1010101110 #
b1010101110 b
b101010000100010000011101100011 +
b101010000100010000011101100011 a
b100101010111 .
#4198000
b1010110000 #
b1010110000 b
b101010000100010000100001100011 +
b101010000100010000100001100011 a
b100101011000 .
#4199000
b1010110010 #
b1010110010 b
b101010000100010000100101100011 +
b101010000100010000100101100011 a
b100101011001 .
#4200000
b1010110100 #
b1010110100 b
b101010000100010000101001100011 +
b101010000100010000101001100011 a
b100101011010 .
0*
#4201000
b1010110110 #
b1010110110 b
b101010000100010000101101100011 +
b101010000100010000101101100011 a
b100101011011 .
#4202000
b1010111000 #
b1010111000 b
b101010000100010000110001100011 +
b101010000100010000110001100011 a
b100101011100 .
#4203000
b1010111010 #
b1010111010 b
b101010000100010000110101100011 +
b101010000100010000110101100011 a
b100101011101 .
#4204000
b1010111100 #
b1010111100 b
b101010000100010000111001100011 +
b101010000100010000111001100011 a
b100101011110 .
#4205000
b1010111110 #
b1010111110 b
b101010000100010000111101100011 +
b101010000100010000111101100011 a
b100101011111 .
1*
#4206000
b1011000000 #
b1011000000 b
b101100000100010000000001100011 +
b101100000100010000000001100011 a
b100101100000 .
#4207000
b1011000010 #
b1011000010 b
b101100000100010000000101100011 +
b101100000100010000000101100011 a
b100101100001 .
#4208000
b1011000100 #
b1011000100 b
b101100000100010000001001100011 +
b101100000100010000001001100011 a
b100101100010 .
#4209000
b1011000110 #
b1011000110 b
b101100000100010000001101100011 +
b101100000100010000001101100011 a
b100101100011 .
#4210000
b1011001000 #
b1011001000 b
b101100000100010000010001100011 +
b101100000100010000010001100011 a
b100101100100 .
0*
#4211000
b1011001010 #
b1011001010 b
b101100000100010000010101100011 +
b101100000100010000010101100011 a
b100101100101 .
#4212000
b1011001100 #
b1011001100 b
b101100000100010000011001100011 +
b101100000100010000011001100011 a
b100101100110 .
#4213000
b1011001110 #
b1011001110 b
b101100000100010000011101100011 +
b101100000100010000011101100011 a
b100101100111 .
#4214000
b1011010000 #
b1011010000 b
b101100000100010000100001100011 +
b101100000100010000100001100011 a
b100101101000 .
#4215000
b1011010010 #
b1011010010 b
b101100000100010000100101100011 +
b101100000100010000100101100011 a
b100101101001 .
1*
#4216000
b1011010100 #
b1011010100 b
b101100000100010000101001100011 +
b101100000100010000101001100011 a
b100101101010 .
#4217000
b1011010110 #
b1011010110 b
b101100000100010000101101100011 +
b101100000100010000101101100011 a
b100101101011 .
#4218000
b1011011000 #
b1011011000 b
b101100000100010000110001100011 +
b101100000100010000110001100011 a
b100101101100 .
#4219000
b1011011010 #
b1011011010 b
b101100000100010000110101100011 +
b101100000100010000110101100011 a
b100101101101 .
#4220000
b1011011100 #
b1011011100 b
b101100000100010000111001100011 +
b101100000100010000111001100011 a
b100101101110 .
0*
#4221000
b1011011110 #
b1011011110 b
b101100000100010000111101100011 +
b101100000100010000111101100011 a
b100101101111 .
#4222000
b1011100000 #
b1011100000 b
b101110000100010000000001100011 +
b101110000100010000000001100011 a
b100101110000 .
#4223000
b1011100010 #
b1011100010 b
b101110000100010000000101100011 +
b101110000100010000000101100011 a
b100101110001 .
#4224000
b1011100100 #
b1011100100 b
b101110000100010000001001100011 +
b101110000100010000001001100011 a
b100101110010 .
#4225000
b1011100110 #
b1011100110 b
b101110000100010000001101100011 +
b101110000100010000001101100011 a
b100101110011 .
1*
#4226000
b1011101000 #
b1011101000 b
b101110000100010000010001100011 +
b101110000100010000010001100011 a
b100101110100 .
#4227000
b1011101010 #
b1011101010 b
b101110000100010000010101100011 +
b101110000100010000010101100011 a
b100101110101 .
#4228000
b1011101100 #
b1011101100 b
b101110000100010000011001100011 +
b101110000100010000011001100011 a
b100101110110 .
#4229000
b1011101110 #
b1011101110 b
b101110000100010000011101100011 +
b101110000100010000011101100011 a
b100101110111 .
#4230000
b1011110000 #
b1011110000 b
b101110000100010000100001100011 +
b101110000100010000100001100011 a
b100101111000 .
0*
#4231000
b1011110010 #
b1011110010 b
b101110000100010000100101100011 +
b101110000100010000100101100011 a
b100101111001 .
#4232000
b1011110100 #
b1011110100 b
b101110000100010000101001100011 +
b101110000100010000101001100011 a
b100101111010 .
#4233000
b1011110110 #
b1011110110 b
b101110000100010000101101100011 +
b101110000100010000101101100011 a
b100101111011 .
#4234000
b1011111000 #
b1011111000 b
b101110000100010000110001100011 +
b101110000100010000110001100011 a
b100101111100 .
#4235000
b1011111010 #
b1011111010 b
b101110000100010000110101100011 +
b101110000100010000110101100011 a
b100101111101 .
1*
#4236000
b1011111100 #
b1011111100 b
b101110000100010000111001100011 +
b101110000100010000111001100011 a
b100101111110 .
#4237000
b1011111110 #
b1011111110 b
b101110000100010000111101100011 +
b101110000100010000111101100011 a
b100101111111 .
#4238000
b1100000000 #
b1100000000 b
b110000000100010000000001100011 +
b110000000100010000000001100011 a
b100110000000 .
#4239000
b1100000010 #
b1100000010 b
b110000000100010000000101100011 +
b110000000100010000000101100011 a
b100110000001 .
#4240000
b1100000100 #
b1100000100 b
b110000000100010000001001100011 +
b110000000100010000001001100011 a
b100110000010 .
0*
#4241000
b1100000110 #
b1100000110 b
b110000000100010000001101100011 +
b110000000100010000001101100011 a
b100110000011 .
#4242000
b1100001000 #
b1100001000 b
b110000000100010000010001100011 +
b110000000100010000010001100011 a
b100110000100 .
#4243000
b1100001010 #
b1100001010 b
b110000000100010000010101100011 +
b110000000100010000010101100011 a
b100110000101 .
#4244000
b1100001100 #
b1100001100 b
b110000000100010000011001100011 +
b110000000100010000011001100011 a
b100110000110 .
#4245000
b1100001110 #
b1100001110 b
b110000000100010000011101100011 +
b110000000100010000011101100011 a
b100110000111 .
1*
#4246000
b1100010000 #
b1100010000 b
b110000000100010000100001100011 +
b110000000100010000100001100011 a
b100110001000 .
#4247000
b1100010010 #
b1100010010 b
b110000000100010000100101100011 +
b110000000100010000100101100011 a
b100110001001 .
#4248000
b1100010100 #
b1100010100 b
b110000000100010000101001100011 +
b110000000100010000101001100011 a
b100110001010 .
#4249000
b1100010110 #
b1100010110 b
b110000000100010000101101100011 +
b110000000100010000101101100011 a
b100110001011 .
#4250000
b1100011000 #
b1100011000 b
b110000000100010000110001100011 +
b110000000100010000110001100011 a
b100110001100 .
0*
#4251000
b1100011010 #
b1100011010 b
b110000000100010000110101100011 +
b110000000100010000110101100011 a
b100110001101 .
#4252000
b1100011100 #
b1100011100 b
b110000000100010000111001100011 +
b110000000100010000111001100011 a
b100110001110 .
#4253000
b1100011110 #
b1100011110 b
b110000000100010000111101100011 +
b110000000100010000111101100011 a
b100110001111 .
#4254000
b1100100000 #
b1100100000 b
b110010000100010000000001100011 +
b110010000100010000000001100011 a
b100110010000 .
#4255000
b1100100010 #
b1100100010 b
b110010000100010000000101100011 +
b110010000100010000000101100011 a
b100110010001 .
1*
#4256000
b1100100100 #
b1100100100 b
b110010000100010000001001100011 +
b110010000100010000001001100011 a
b100110010010 .
#4257000
b1100100110 #
b1100100110 b
b110010000100010000001101100011 +
b110010000100010000001101100011 a
b100110010011 .
#4258000
b1100101000 #
b1100101000 b
b110010000100010000010001100011 +
b110010000100010000010001100011 a
b100110010100 .
#4259000
b1100101010 #
b1100101010 b
b110010000100010000010101100011 +
b110010000100010000010101100011 a
b100110010101 .
#4260000
b1100101100 #
b1100101100 b
b110010000100010000011001100011 +
b110010000100010000011001100011 a
b100110010110 .
0*
#4261000
b1100101110 #
b1100101110 b
b110010000100010000011101100011 +
b110010000100010000011101100011 a
b100110010111 .
#4262000
b1100110000 #
b1100110000 b
b110010000100010000100001100011 +
b110010000100010000100001100011 a
b100110011000 .
#4263000
b1100110010 #
b1100110010 b
b110010000100010000100101100011 +
b110010000100010000100101100011 a
b100110011001 .
#4264000
b1100110100 #
b1100110100 b
b110010000100010000101001100011 +
b110010000100010000101001100011 a
b100110011010 .
#4265000
b1100110110 #
b1100110110 b
b110010000100010000101101100011 +
b110010000100010000101101100011 a
b100110011011 .
1*
#4266000
b1100111000 #
b1100111000 b
b110010000100010000110001100011 +
b110010000100010000110001100011 a
b100110011100 .
#4267000
b1100111010 #
b1100111010 b
b110010000100010000110101100011 +
b110010000100010000110101100011 a
b100110011101 .
#4268000
b1100111100 #
b1100111100 b
b110010000100010000111001100011 +
b110010000100010000111001100011 a
b100110011110 .
#4269000
b1100111110 #
b1100111110 b
b110010000100010000111101100011 +
b110010000100010000111101100011 a
b100110011111 .
#4270000
b1101000000 #
b1101000000 b
b110100000100010000000001100011 +
b110100000100010000000001100011 a
b100110100000 .
0*
#4271000
b1101000010 #
b1101000010 b
b110100000100010000000101100011 +
b110100000100010000000101100011 a
b100110100001 .
#4272000
b1101000100 #
b1101000100 b
b110100000100010000001001100011 +
b110100000100010000001001100011 a
b100110100010 .
#4273000
b1101000110 #
b1101000110 b
b110100000100010000001101100011 +
b110100000100010000001101100011 a
b100110100011 .
#4274000
b1101001000 #
b1101001000 b
b110100000100010000010001100011 +
b110100000100010000010001100011 a
b100110100100 .
#4275000
b1101001010 #
b1101001010 b
b110100000100010000010101100011 +
b110100000100010000010101100011 a
b100110100101 .
1*
#4276000
b1101001100 #
b1101001100 b
b110100000100010000011001100011 +
b110100000100010000011001100011 a
b100110100110 .
#4277000
b1101001110 #
b1101001110 b
b110100000100010000011101100011 +
b110100000100010000011101100011 a
b100110100111 .
#4278000
b1101010000 #
b1101010000 b
b110100000100010000100001100011 +
b110100000100010000100001100011 a
b100110101000 .
#4279000
b1101010010 #
b1101010010 b
b110100000100010000100101100011 +
b110100000100010000100101100011 a
b100110101001 .
#4280000
b1101010100 #
b1101010100 b
b110100000100010000101001100011 +
b110100000100010000101001100011 a
b100110101010 .
0*
#4281000
b1101010110 #
b1101010110 b
b110100000100010000101101100011 +
b110100000100010000101101100011 a
b100110101011 .
#4282000
b1101011000 #
b1101011000 b
b110100000100010000110001100011 +
b110100000100010000110001100011 a
b100110101100 .
#4283000
b1101011010 #
b1101011010 b
b110100000100010000110101100011 +
b110100000100010000110101100011 a
b100110101101 .
#4284000
b1101011100 #
b1101011100 b
b110100000100010000111001100011 +
b110100000100010000111001100011 a
b100110101110 .
#4285000
b1101011110 #
b1101011110 b
b110100000100010000111101100011 +
b110100000100010000111101100011 a
b100110101111 .
1*
#4286000
b1101100000 #
b1101100000 b
b110110000100010000000001100011 +
b110110000100010000000001100011 a
b100110110000 .
#4287000
b1101100010 #
b1101100010 b
b110110000100010000000101100011 +
b110110000100010000000101100011 a
b100110110001 .
#4288000
b1101100100 #
b1101100100 b
b110110000100010000001001100011 +
b110110000100010000001001100011 a
b100110110010 .
#4289000
b1101100110 #
b1101100110 b
b110110000100010000001101100011 +
b110110000100010000001101100011 a
b100110110011 .
#4290000
b1101101000 #
b1101101000 b
b110110000100010000010001100011 +
b110110000100010000010001100011 a
b100110110100 .
0*
#4291000
b1101101010 #
b1101101010 b
b110110000100010000010101100011 +
b110110000100010000010101100011 a
b100110110101 .
#4292000
b1101101100 #
b1101101100 b
b110110000100010000011001100011 +
b110110000100010000011001100011 a
b100110110110 .
#4293000
b1101101110 #
b1101101110 b
b110110000100010000011101100011 +
b110110000100010000011101100011 a
b100110110111 .
#4294000
b1101110000 #
b1101110000 b
b110110000100010000100001100011 +
b110110000100010000100001100011 a
b100110111000 .
#4295000
b1101110010 #
b1101110010 b
b110110000100010000100101100011 +
b110110000100010000100101100011 a
b100110111001 .
1*
#4296000
b1101110100 #
b1101110100 b
b110110000100010000101001100011 +
b110110000100010000101001100011 a
b100110111010 .
#4297000
b1101110110 #
b1101110110 b
b110110000100010000101101100011 +
b110110000100010000101101100011 a
b100110111011 .
#4298000
b1101111000 #
b1101111000 b
b110110000100010000110001100011 +
b110110000100010000110001100011 a
b100110111100 .
#4299000
b1101111010 #
b1101111010 b
b110110000100010000110101100011 +
b110110000100010000110101100011 a
b100110111101 .
#4300000
b1101111100 #
b1101111100 b
b110110000100010000111001100011 +
b110110000100010000111001100011 a
b100110111110 .
0*
#4301000
b1101111110 #
b1101111110 b
b110110000100010000111101100011 +
b110110000100010000111101100011 a
b100110111111 .
#4302000
b1110000000 #
b1110000000 b
b111000000100010000000001100011 +
b111000000100010000000001100011 a
b100111000000 .
#4303000
b1110000010 #
b1110000010 b
b111000000100010000000101100011 +
b111000000100010000000101100011 a
b100111000001 .
#4304000
b1110000100 #
b1110000100 b
b111000000100010000001001100011 +
b111000000100010000001001100011 a
b100111000010 .
#4305000
b1110000110 #
b1110000110 b
b111000000100010000001101100011 +
b111000000100010000001101100011 a
b100111000011 .
1*
#4306000
b1110001000 #
b1110001000 b
b111000000100010000010001100011 +
b111000000100010000010001100011 a
b100111000100 .
#4307000
b1110001010 #
b1110001010 b
b111000000100010000010101100011 +
b111000000100010000010101100011 a
b100111000101 .
#4308000
b1110001100 #
b1110001100 b
b111000000100010000011001100011 +
b111000000100010000011001100011 a
b100111000110 .
#4309000
b1110001110 #
b1110001110 b
b111000000100010000011101100011 +
b111000000100010000011101100011 a
b100111000111 .
#4310000
b1110010000 #
b1110010000 b
b111000000100010000100001100011 +
b111000000100010000100001100011 a
b100111001000 .
0*
#4311000
b1110010010 #
b1110010010 b
b111000000100010000100101100011 +
b111000000100010000100101100011 a
b100111001001 .
#4312000
b1110010100 #
b1110010100 b
b111000000100010000101001100011 +
b111000000100010000101001100011 a
b100111001010 .
#4313000
b1110010110 #
b1110010110 b
b111000000100010000101101100011 +
b111000000100010000101101100011 a
b100111001011 .
#4314000
b1110011000 #
b1110011000 b
b111000000100010000110001100011 +
b111000000100010000110001100011 a
b100111001100 .
#4315000
b1110011010 #
b1110011010 b
b111000000100010000110101100011 +
b111000000100010000110101100011 a
b100111001101 .
1*
#4316000
b1110011100 #
b1110011100 b
b111000000100010000111001100011 +
b111000000100010000111001100011 a
b100111001110 .
#4317000
b1110011110 #
b1110011110 b
b111000000100010000111101100011 +
b111000000100010000111101100011 a
b100111001111 .
#4318000
b1110100000 #
b1110100000 b
b111010000100010000000001100011 +
b111010000100010000000001100011 a
b100111010000 .
#4319000
b1110100010 #
b1110100010 b
b111010000100010000000101100011 +
b111010000100010000000101100011 a
b100111010001 .
#4320000
b1110100100 #
b1110100100 b
b111010000100010000001001100011 +
b111010000100010000001001100011 a
b100111010010 .
0*
#4321000
b1110100110 #
b1110100110 b
b111010000100010000001101100011 +
b111010000100010000001101100011 a
b100111010011 .
#4322000
b1110101000 #
b1110101000 b
b111010000100010000010001100011 +
b111010000100010000010001100011 a
b100111010100 .
#4323000
b1110101010 #
b1110101010 b
b111010000100010000010101100011 +
b111010000100010000010101100011 a
b100111010101 .
#4324000
b1110101100 #
b1110101100 b
b111010000100010000011001100011 +
b111010000100010000011001100011 a
b100111010110 .
#4325000
b1110101110 #
b1110101110 b
b111010000100010000011101100011 +
b111010000100010000011101100011 a
b100111010111 .
1*
#4326000
b1110110000 #
b1110110000 b
b111010000100010000100001100011 +
b111010000100010000100001100011 a
b100111011000 .
#4327000
b1110110010 #
b1110110010 b
b111010000100010000100101100011 +
b111010000100010000100101100011 a
b100111011001 .
#4328000
b1110110100 #
b1110110100 b
b111010000100010000101001100011 +
b111010000100010000101001100011 a
b100111011010 .
#4329000
b1110110110 #
b1110110110 b
b111010000100010000101101100011 +
b111010000100010000101101100011 a
b100111011011 .
#4330000
b1110111000 #
b1110111000 b
b111010000100010000110001100011 +
b111010000100010000110001100011 a
b100111011100 .
0*
#4331000
b1110111010 #
b1110111010 b
b111010000100010000110101100011 +
b111010000100010000110101100011 a
b100111011101 .
#4332000
b1110111100 #
b1110111100 b
b111010000100010000111001100011 +
b111010000100010000111001100011 a
b100111011110 .
#4333000
b1110111110 #
b1110111110 b
b111010000100010000111101100011 +
b111010000100010000111101100011 a
b100111011111 .
#4334000
b1111000000 #
b1111000000 b
b111100000100010000000001100011 +
b111100000100010000000001100011 a
b100111100000 .
#4335000
b1111000010 #
b1111000010 b
b111100000100010000000101100011 +
b111100000100010000000101100011 a
b100111100001 .
1*
#4336000
b1111000100 #
b1111000100 b
b111100000100010000001001100011 +
b111100000100010000001001100011 a
b100111100010 .
#4337000
b1111000110 #
b1111000110 b
b111100000100010000001101100011 +
b111100000100010000001101100011 a
b100111100011 .
#4338000
b1111001000 #
b1111001000 b
b111100000100010000010001100011 +
b111100000100010000010001100011 a
b100111100100 .
#4339000
b1111001010 #
b1111001010 b
b111100000100010000010101100011 +
b111100000100010000010101100011 a
b100111100101 .
#4340000
b1111001100 #
b1111001100 b
b111100000100010000011001100011 +
b111100000100010000011001100011 a
b100111100110 .
0*
#4341000
b1111001110 #
b1111001110 b
b111100000100010000011101100011 +
b111100000100010000011101100011 a
b100111100111 .
#4342000
b1111010000 #
b1111010000 b
b111100000100010000100001100011 +
b111100000100010000100001100011 a
b100111101000 .
#4343000
b1111010010 #
b1111010010 b
b111100000100010000100101100011 +
b111100000100010000100101100011 a
b100111101001 .
#4344000
b1111010100 #
b1111010100 b
b111100000100010000101001100011 +
b111100000100010000101001100011 a
b100111101010 .
#4345000
b1111010110 #
b1111010110 b
b111100000100010000101101100011 +
b111100000100010000101101100011 a
b100111101011 .
1*
#4346000
b1111011000 #
b1111011000 b
b111100000100010000110001100011 +
b111100000100010000110001100011 a
b100111101100 .
#4347000
b1111011010 #
b1111011010 b
b111100000100010000110101100011 +
b111100000100010000110101100011 a
b100111101101 .
#4348000
b1111011100 #
b1111011100 b
b111100000100010000111001100011 +
b111100000100010000111001100011 a
b100111101110 .
#4349000
b1111011110 #
b1111011110 b
b111100000100010000111101100011 +
b111100000100010000111101100011 a
b100111101111 .
#4350000
b1111100000 #
b1111100000 b
b111110000100010000000001100011 +
b111110000100010000000001100011 a
b100111110000 .
0*
#4351000
b1111100010 #
b1111100010 b
b111110000100010000000101100011 +
b111110000100010000000101100011 a
b100111110001 .
#4352000
b1111100100 #
b1111100100 b
b111110000100010000001001100011 +
b111110000100010000001001100011 a
b100111110010 .
#4353000
b1111100110 #
b1111100110 b
b111110000100010000001101100011 +
b111110000100010000001101100011 a
b100111110011 .
#4354000
b1111101000 #
b1111101000 b
b111110000100010000010001100011 +
b111110000100010000010001100011 a
b100111110100 .
#4355000
b1111101010 #
b1111101010 b
b111110000100010000010101100011 +
b111110000100010000010101100011 a
b100111110101 .
1*
#4356000
b1111101100 #
b1111101100 b
b111110000100010000011001100011 +
b111110000100010000011001100011 a
b100111110110 .
#4357000
b1111101110 #
b1111101110 b
b111110000100010000011101100011 +
b111110000100010000011101100011 a
b100111110111 .
#4358000
b1111110000 #
b1111110000 b
b111110000100010000100001100011 +
b111110000100010000100001100011 a
b100111111000 .
#4359000
b1111110010 #
b1111110010 b
b111110000100010000100101100011 +
b111110000100010000100101100011 a
b100111111001 .
#4360000
b1111110100 #
b1111110100 b
b111110000100010000101001100011 +
b111110000100010000101001100011 a
b100111111010 .
0*
#4361000
b1111110110 #
b1111110110 b
b111110000100010000101101100011 +
b111110000100010000101101100011 a
b100111111011 .
#4362000
b1111111000 #
b1111111000 b
b111110000100010000110001100011 +
b111110000100010000110001100011 a
b100111111100 .
#4363000
b1111111010 #
b1111111010 b
b111110000100010000110101100011 +
b111110000100010000110101100011 a
b100111111101 .
#4364000
b1111111100 #
b1111111100 b
b111110000100010000111001100011 +
b111110000100010000111001100011 a
b100111111110 .
#4365000
b1111111110 #
b1111111110 b
b111110000100010000111101100011 +
b111110000100010000111101100011 a
b100111111111 .
1*
#4366000
b10000000000 #
b10000000000 b
b1000000000100010000000001100011 +
b1000000000100010000000001100011 a
b101000000000 .
#4367000
b10000000010 #
b10000000010 b
b1000000000100010000000101100011 +
b1000000000100010000000101100011 a
b101000000001 .
#4368000
b10000000100 #
b10000000100 b
b1000000000100010000001001100011 +
b1000000000100010000001001100011 a
b101000000010 .
#4369000
b10000000110 #
b10000000110 b
b1000000000100010000001101100011 +
b1000000000100010000001101100011 a
b101000000011 .
#4370000
b10000001000 #
b10000001000 b
b1000000000100010000010001100011 +
b1000000000100010000010001100011 a
b101000000100 .
0*
#4371000
b10000001010 #
b10000001010 b
b1000000000100010000010101100011 +
b1000000000100010000010101100011 a
b101000000101 .
#4372000
b10000001100 #
b10000001100 b
b1000000000100010000011001100011 +
b1000000000100010000011001100011 a
b101000000110 .
#4373000
b10000001110 #
b10000001110 b
b1000000000100010000011101100011 +
b1000000000100010000011101100011 a
b101000000111 .
#4374000
b10000010000 #
b10000010000 b
b1000000000100010000100001100011 +
b1000000000100010000100001100011 a
b101000001000 .
#4375000
b10000010010 #
b10000010010 b
b1000000000100010000100101100011 +
b1000000000100010000100101100011 a
b101000001001 .
1*
#4376000
b10000010100 #
b10000010100 b
b1000000000100010000101001100011 +
b1000000000100010000101001100011 a
b101000001010 .
#4377000
b10000010110 #
b10000010110 b
b1000000000100010000101101100011 +
b1000000000100010000101101100011 a
b101000001011 .
#4378000
b10000011000 #
b10000011000 b
b1000000000100010000110001100011 +
b1000000000100010000110001100011 a
b101000001100 .
#4379000
b10000011010 #
b10000011010 b
b1000000000100010000110101100011 +
b1000000000100010000110101100011 a
b101000001101 .
#4380000
b10000011100 #
b10000011100 b
b1000000000100010000111001100011 +
b1000000000100010000111001100011 a
b101000001110 .
0*
#4381000
b10000011110 #
b10000011110 b
b1000000000100010000111101100011 +
b1000000000100010000111101100011 a
b101000001111 .
#4382000
b10000100000 #
b10000100000 b
b1000010000100010000000001100011 +
b1000010000100010000000001100011 a
b101000010000 .
#4383000
b10000100010 #
b10000100010 b
b1000010000100010000000101100011 +
b1000010000100010000000101100011 a
b101000010001 .
#4384000
b10000100100 #
b10000100100 b
b1000010000100010000001001100011 +
b1000010000100010000001001100011 a
b101000010010 .
#4385000
b10000100110 #
b10000100110 b
b1000010000100010000001101100011 +
b1000010000100010000001101100011 a
b101000010011 .
1*
#4386000
b10000101000 #
b10000101000 b
b1000010000100010000010001100011 +
b1000010000100010000010001100011 a
b101000010100 .
#4387000
b10000101010 #
b10000101010 b
b1000010000100010000010101100011 +
b1000010000100010000010101100011 a
b101000010101 .
#4388000
b10000101100 #
b10000101100 b
b1000010000100010000011001100011 +
b1000010000100010000011001100011 a
b101000010110 .
#4389000
b10000101110 #
b10000101110 b
b1000010000100010000011101100011 +
b1000010000100010000011101100011 a
b101000010111 .
#4390000
b10000110000 #
b10000110000 b
b1000010000100010000100001100011 +
b1000010000100010000100001100011 a
b101000011000 .
0*
#4391000
b10000110010 #
b10000110010 b
b1000010000100010000100101100011 +
b1000010000100010000100101100011 a
b101000011001 .
#4392000
b10000110100 #
b10000110100 b
b1000010000100010000101001100011 +
b1000010000100010000101001100011 a
b101000011010 .
#4393000
b10000110110 #
b10000110110 b
b1000010000100010000101101100011 +
b1000010000100010000101101100011 a
b101000011011 .
#4394000
b10000111000 #
b10000111000 b
b1000010000100010000110001100011 +
b1000010000100010000110001100011 a
b101000011100 .
#4395000
b10000111010 #
b10000111010 b
b1000010000100010000110101100011 +
b1000010000100010000110101100011 a
b101000011101 .
1*
#4396000
b10000111100 #
b10000111100 b
b1000010000100010000111001100011 +
b1000010000100010000111001100011 a
b101000011110 .
#4397000
b10000111110 #
b10000111110 b
b1000010000100010000111101100011 +
b1000010000100010000111101100011 a
b101000011111 .
#4398000
b10001000000 #
b10001000000 b
b1000100000100010000000001100011 +
b1000100000100010000000001100011 a
b101000100000 .
#4399000
b10001000010 #
b10001000010 b
b1000100000100010000000101100011 +
b1000100000100010000000101100011 a
b101000100001 .
#4400000
b10001000100 #
b10001000100 b
b1000100000100010000001001100011 +
b1000100000100010000001001100011 a
b101000100010 .
0*
#4401000
b10001000110 #
b10001000110 b
b1000100000100010000001101100011 +
b1000100000100010000001101100011 a
b101000100011 .
#4402000
b10001001000 #
b10001001000 b
b1000100000100010000010001100011 +
b1000100000100010000010001100011 a
b101000100100 .
#4403000
b10001001010 #
b10001001010 b
b1000100000100010000010101100011 +
b1000100000100010000010101100011 a
b101000100101 .
#4404000
b10001001100 #
b10001001100 b
b1000100000100010000011001100011 +
b1000100000100010000011001100011 a
b101000100110 .
#4405000
b10001001110 #
b10001001110 b
b1000100000100010000011101100011 +
b1000100000100010000011101100011 a
b101000100111 .
1*
#4406000
b10001010000 #
b10001010000 b
b1000100000100010000100001100011 +
b1000100000100010000100001100011 a
b101000101000 .
#4407000
b10001010010 #
b10001010010 b
b1000100000100010000100101100011 +
b1000100000100010000100101100011 a
b101000101001 .
#4408000
b10001010100 #
b10001010100 b
b1000100000100010000101001100011 +
b1000100000100010000101001100011 a
b101000101010 .
#4409000
b10001010110 #
b10001010110 b
b1000100000100010000101101100011 +
b1000100000100010000101101100011 a
b101000101011 .
#4410000
b10001011000 #
b10001011000 b
b1000100000100010000110001100011 +
b1000100000100010000110001100011 a
b101000101100 .
0*
#4411000
b10001011010 #
b10001011010 b
b1000100000100010000110101100011 +
b1000100000100010000110101100011 a
b101000101101 .
#4412000
b10001011100 #
b10001011100 b
b1000100000100010000111001100011 +
b1000100000100010000111001100011 a
b101000101110 .
#4413000
b10001011110 #
b10001011110 b
b1000100000100010000111101100011 +
b1000100000100010000111101100011 a
b101000101111 .
#4414000
b10001100000 #
b10001100000 b
b1000110000100010000000001100011 +
b1000110000100010000000001100011 a
b101000110000 .
#4415000
b10001100010 #
b10001100010 b
b1000110000100010000000101100011 +
b1000110000100010000000101100011 a
b101000110001 .
1*
#4416000
b10001100100 #
b10001100100 b
b1000110000100010000001001100011 +
b1000110000100010000001001100011 a
b101000110010 .
#4417000
b10001100110 #
b10001100110 b
b1000110000100010000001101100011 +
b1000110000100010000001101100011 a
b101000110011 .
#4418000
b10001101000 #
b10001101000 b
b1000110000100010000010001100011 +
b1000110000100010000010001100011 a
b101000110100 .
#4419000
b10001101010 #
b10001101010 b
b1000110000100010000010101100011 +
b1000110000100010000010101100011 a
b101000110101 .
#4420000
b10001101100 #
b10001101100 b
b1000110000100010000011001100011 +
b1000110000100010000011001100011 a
b101000110110 .
0*
#4421000
b10001101110 #
b10001101110 b
b1000110000100010000011101100011 +
b1000110000100010000011101100011 a
b101000110111 .
#4422000
b10001110000 #
b10001110000 b
b1000110000100010000100001100011 +
b1000110000100010000100001100011 a
b101000111000 .
#4423000
b10001110010 #
b10001110010 b
b1000110000100010000100101100011 +
b1000110000100010000100101100011 a
b101000111001 .
#4424000
b10001110100 #
b10001110100 b
b1000110000100010000101001100011 +
b1000110000100010000101001100011 a
b101000111010 .
#4425000
b10001110110 #
b10001110110 b
b1000110000100010000101101100011 +
b1000110000100010000101101100011 a
b101000111011 .
1*
#4426000
b10001111000 #
b10001111000 b
b1000110000100010000110001100011 +
b1000110000100010000110001100011 a
b101000111100 .
#4427000
b10001111010 #
b10001111010 b
b1000110000100010000110101100011 +
b1000110000100010000110101100011 a
b101000111101 .
#4428000
b10001111100 #
b10001111100 b
b1000110000100010000111001100011 +
b1000110000100010000111001100011 a
b101000111110 .
#4429000
b10001111110 #
b10001111110 b
b1000110000100010000111101100011 +
b1000110000100010000111101100011 a
b101000111111 .
#4430000
b10010000000 #
b10010000000 b
b1001000000100010000000001100011 +
b1001000000100010000000001100011 a
b101001000000 .
0*
#4431000
b10010000010 #
b10010000010 b
b1001000000100010000000101100011 +
b1001000000100010000000101100011 a
b101001000001 .
#4432000
b10010000100 #
b10010000100 b
b1001000000100010000001001100011 +
b1001000000100010000001001100011 a
b101001000010 .
#4433000
b10010000110 #
b10010000110 b
b1001000000100010000001101100011 +
b1001000000100010000001101100011 a
b101001000011 .
#4434000
b10010001000 #
b10010001000 b
b1001000000100010000010001100011 +
b1001000000100010000010001100011 a
b101001000100 .
#4435000
b10010001010 #
b10010001010 b
b1001000000100010000010101100011 +
b1001000000100010000010101100011 a
b101001000101 .
1*
#4436000
b10010001100 #
b10010001100 b
b1001000000100010000011001100011 +
b1001000000100010000011001100011 a
b101001000110 .
#4437000
b10010001110 #
b10010001110 b
b1001000000100010000011101100011 +
b1001000000100010000011101100011 a
b101001000111 .
#4438000
b10010010000 #
b10010010000 b
b1001000000100010000100001100011 +
b1001000000100010000100001100011 a
b101001001000 .
#4439000
b10010010010 #
b10010010010 b
b1001000000100010000100101100011 +
b1001000000100010000100101100011 a
b101001001001 .
#4440000
b10010010100 #
b10010010100 b
b1001000000100010000101001100011 +
b1001000000100010000101001100011 a
b101001001010 .
0*
#4441000
b10010010110 #
b10010010110 b
b1001000000100010000101101100011 +
b1001000000100010000101101100011 a
b101001001011 .
#4442000
b10010011000 #
b10010011000 b
b1001000000100010000110001100011 +
b1001000000100010000110001100011 a
b101001001100 .
#4443000
b10010011010 #
b10010011010 b
b1001000000100010000110101100011 +
b1001000000100010000110101100011 a
b101001001101 .
#4444000
b10010011100 #
b10010011100 b
b1001000000100010000111001100011 +
b1001000000100010000111001100011 a
b101001001110 .
#4445000
b10010011110 #
b10010011110 b
b1001000000100010000111101100011 +
b1001000000100010000111101100011 a
b101001001111 .
1*
#4446000
b10010100000 #
b10010100000 b
b1001010000100010000000001100011 +
b1001010000100010000000001100011 a
b101001010000 .
#4447000
b10010100010 #
b10010100010 b
b1001010000100010000000101100011 +
b1001010000100010000000101100011 a
b101001010001 .
#4448000
b10010100100 #
b10010100100 b
b1001010000100010000001001100011 +
b1001010000100010000001001100011 a
b101001010010 .
#4449000
b10010100110 #
b10010100110 b
b1001010000100010000001101100011 +
b1001010000100010000001101100011 a
b101001010011 .
#4450000
b10010101000 #
b10010101000 b
b1001010000100010000010001100011 +
b1001010000100010000010001100011 a
b101001010100 .
0*
#4451000
b10010101010 #
b10010101010 b
b1001010000100010000010101100011 +
b1001010000100010000010101100011 a
b101001010101 .
#4452000
b10010101100 #
b10010101100 b
b1001010000100010000011001100011 +
b1001010000100010000011001100011 a
b101001010110 .
#4453000
b10010101110 #
b10010101110 b
b1001010000100010000011101100011 +
b1001010000100010000011101100011 a
b101001010111 .
#4454000
b10010110000 #
b10010110000 b
b1001010000100010000100001100011 +
b1001010000100010000100001100011 a
b101001011000 .
#4455000
b10010110010 #
b10010110010 b
b1001010000100010000100101100011 +
b1001010000100010000100101100011 a
b101001011001 .
1*
#4456000
b10010110100 #
b10010110100 b
b1001010000100010000101001100011 +
b1001010000100010000101001100011 a
b101001011010 .
#4457000
b10010110110 #
b10010110110 b
b1001010000100010000101101100011 +
b1001010000100010000101101100011 a
b101001011011 .
#4458000
b10010111000 #
b10010111000 b
b1001010000100010000110001100011 +
b1001010000100010000110001100011 a
b101001011100 .
#4459000
b10010111010 #
b10010111010 b
b1001010000100010000110101100011 +
b1001010000100010000110101100011 a
b101001011101 .
#4460000
b10010111100 #
b10010111100 b
b1001010000100010000111001100011 +
b1001010000100010000111001100011 a
b101001011110 .
0*
#4461000
b10010111110 #
b10010111110 b
b1001010000100010000111101100011 +
b1001010000100010000111101100011 a
b101001011111 .
#4462000
b10011000000 #
b10011000000 b
b1001100000100010000000001100011 +
b1001100000100010000000001100011 a
b101001100000 .
#4463000
b10011000010 #
b10011000010 b
b1001100000100010000000101100011 +
b1001100000100010000000101100011 a
b101001100001 .
#4464000
b10011000100 #
b10011000100 b
b1001100000100010000001001100011 +
b1001100000100010000001001100011 a
b101001100010 .
#4465000
b10011000110 #
b10011000110 b
b1001100000100010000001101100011 +
b1001100000100010000001101100011 a
b101001100011 .
1*
#4466000
b10011001000 #
b10011001000 b
b1001100000100010000010001100011 +
b1001100000100010000010001100011 a
b101001100100 .
#4467000
b10011001010 #
b10011001010 b
b1001100000100010000010101100011 +
b1001100000100010000010101100011 a
b101001100101 .
#4468000
b10011001100 #
b10011001100 b
b1001100000100010000011001100011 +
b1001100000100010000011001100011 a
b101001100110 .
#4469000
b10011001110 #
b10011001110 b
b1001100000100010000011101100011 +
b1001100000100010000011101100011 a
b101001100111 .
#4470000
b10011010000 #
b10011010000 b
b1001100000100010000100001100011 +
b1001100000100010000100001100011 a
b101001101000 .
0*
#4471000
b10011010010 #
b10011010010 b
b1001100000100010000100101100011 +
b1001100000100010000100101100011 a
b101001101001 .
#4472000
b10011010100 #
b10011010100 b
b1001100000100010000101001100011 +
b1001100000100010000101001100011 a
b101001101010 .
#4473000
b10011010110 #
b10011010110 b
b1001100000100010000101101100011 +
b1001100000100010000101101100011 a
b101001101011 .
#4474000
b10011011000 #
b10011011000 b
b1001100000100010000110001100011 +
b1001100000100010000110001100011 a
b101001101100 .
#4475000
b10011011010 #
b10011011010 b
b1001100000100010000110101100011 +
b1001100000100010000110101100011 a
b101001101101 .
1*
#4476000
b10011011100 #
b10011011100 b
b1001100000100010000111001100011 +
b1001100000100010000111001100011 a
b101001101110 .
#4477000
b10011011110 #
b10011011110 b
b1001100000100010000111101100011 +
b1001100000100010000111101100011 a
b101001101111 .
#4478000
b10011100000 #
b10011100000 b
b1001110000100010000000001100011 +
b1001110000100010000000001100011 a
b101001110000 .
#4479000
b10011100010 #
b10011100010 b
b1001110000100010000000101100011 +
b1001110000100010000000101100011 a
b101001110001 .
#4480000
b10011100100 #
b10011100100 b
b1001110000100010000001001100011 +
b1001110000100010000001001100011 a
b101001110010 .
0*
#4481000
b10011100110 #
b10011100110 b
b1001110000100010000001101100011 +
b1001110000100010000001101100011 a
b101001110011 .
#4482000
b10011101000 #
b10011101000 b
b1001110000100010000010001100011 +
b1001110000100010000010001100011 a
b101001110100 .
#4483000
b10011101010 #
b10011101010 b
b1001110000100010000010101100011 +
b1001110000100010000010101100011 a
b101001110101 .
#4484000
b10011101100 #
b10011101100 b
b1001110000100010000011001100011 +
b1001110000100010000011001100011 a
b101001110110 .
#4485000
b10011101110 #
b10011101110 b
b1001110000100010000011101100011 +
b1001110000100010000011101100011 a
b101001110111 .
1*
#4486000
b10011110000 #
b10011110000 b
b1001110000100010000100001100011 +
b1001110000100010000100001100011 a
b101001111000 .
#4487000
b10011110010 #
b10011110010 b
b1001110000100010000100101100011 +
b1001110000100010000100101100011 a
b101001111001 .
#4488000
b10011110100 #
b10011110100 b
b1001110000100010000101001100011 +
b1001110000100010000101001100011 a
b101001111010 .
#4489000
b10011110110 #
b10011110110 b
b1001110000100010000101101100011 +
b1001110000100010000101101100011 a
b101001111011 .
#4490000
b10011111000 #
b10011111000 b
b1001110000100010000110001100011 +
b1001110000100010000110001100011 a
b101001111100 .
0*
#4491000
b10011111010 #
b10011111010 b
b1001110000100010000110101100011 +
b1001110000100010000110101100011 a
b101001111101 .
#4492000
b10011111100 #
b10011111100 b
b1001110000100010000111001100011 +
b1001110000100010000111001100011 a
b101001111110 .
#4493000
b10011111110 #
b10011111110 b
b1001110000100010000111101100011 +
b1001110000100010000111101100011 a
b101001111111 .
#4494000
b10100000000 #
b10100000000 b
b1010000000100010000000001100011 +
b1010000000100010000000001100011 a
b101010000000 .
#4495000
b10100000010 #
b10100000010 b
b1010000000100010000000101100011 +
b1010000000100010000000101100011 a
b101010000001 .
1*
#4496000
b10100000100 #
b10100000100 b
b1010000000100010000001001100011 +
b1010000000100010000001001100011 a
b101010000010 .
#4497000
b10100000110 #
b10100000110 b
b1010000000100010000001101100011 +
b1010000000100010000001101100011 a
b101010000011 .
#4498000
b10100001000 #
b10100001000 b
b1010000000100010000010001100011 +
b1010000000100010000010001100011 a
b101010000100 .
#4499000
b10100001010 #
b10100001010 b
b1010000000100010000010101100011 +
b1010000000100010000010101100011 a
b101010000101 .
#4500000
b10100001100 #
b10100001100 b
b1010000000100010000011001100011 +
b1010000000100010000011001100011 a
b101010000110 .
0*
#4501000
b10100001110 #
b10100001110 b
b1010000000100010000011101100011 +
b1010000000100010000011101100011 a
b101010000111 .
#4502000
b10100010000 #
b10100010000 b
b1010000000100010000100001100011 +
b1010000000100010000100001100011 a
b101010001000 .
#4503000
b10100010010 #
b10100010010 b
b1010000000100010000100101100011 +
b1010000000100010000100101100011 a
b101010001001 .
#4504000
b10100010100 #
b10100010100 b
b1010000000100010000101001100011 +
b1010000000100010000101001100011 a
b101010001010 .
#4505000
b10100010110 #
b10100010110 b
b1010000000100010000101101100011 +
b1010000000100010000101101100011 a
b101010001011 .
1*
#4506000
b10100011000 #
b10100011000 b
b1010000000100010000110001100011 +
b1010000000100010000110001100011 a
b101010001100 .
#4507000
b10100011010 #
b10100011010 b
b1010000000100010000110101100011 +
b1010000000100010000110101100011 a
b101010001101 .
#4508000
b10100011100 #
b10100011100 b
b1010000000100010000111001100011 +
b1010000000100010000111001100011 a
b101010001110 .
#4509000
b10100011110 #
b10100011110 b
b1010000000100010000111101100011 +
b1010000000100010000111101100011 a
b101010001111 .
#4510000
b10100100000 #
b10100100000 b
b1010010000100010000000001100011 +
b1010010000100010000000001100011 a
b101010010000 .
0*
#4511000
b10100100010 #
b10100100010 b
b1010010000100010000000101100011 +
b1010010000100010000000101100011 a
b101010010001 .
#4512000
b10100100100 #
b10100100100 b
b1010010000100010000001001100011 +
b1010010000100010000001001100011 a
b101010010010 .
#4513000
b10100100110 #
b10100100110 b
b1010010000100010000001101100011 +
b1010010000100010000001101100011 a
b101010010011 .
#4514000
b10100101000 #
b10100101000 b
b1010010000100010000010001100011 +
b1010010000100010000010001100011 a
b101010010100 .
#4515000
b10100101010 #
b10100101010 b
b1010010000100010000010101100011 +
b1010010000100010000010101100011 a
b101010010101 .
1*
#4516000
b10100101100 #
b10100101100 b
b1010010000100010000011001100011 +
b1010010000100010000011001100011 a
b101010010110 .
#4517000
b10100101110 #
b10100101110 b
b1010010000100010000011101100011 +
b1010010000100010000011101100011 a
b101010010111 .
#4518000
b10100110000 #
b10100110000 b
b1010010000100010000100001100011 +
b1010010000100010000100001100011 a
b101010011000 .
#4519000
b10100110010 #
b10100110010 b
b1010010000100010000100101100011 +
b1010010000100010000100101100011 a
b101010011001 .
#4520000
b10100110100 #
b10100110100 b
b1010010000100010000101001100011 +
b1010010000100010000101001100011 a
b101010011010 .
0*
#4521000
b10100110110 #
b10100110110 b
b1010010000100010000101101100011 +
b1010010000100010000101101100011 a
b101010011011 .
#4522000
b10100111000 #
b10100111000 b
b1010010000100010000110001100011 +
b1010010000100010000110001100011 a
b101010011100 .
#4523000
b10100111010 #
b10100111010 b
b1010010000100010000110101100011 +
b1010010000100010000110101100011 a
b101010011101 .
#4524000
b10100111100 #
b10100111100 b
b1010010000100010000111001100011 +
b1010010000100010000111001100011 a
b101010011110 .
#4525000
b10100111110 #
b10100111110 b
b1010010000100010000111101100011 +
b1010010000100010000111101100011 a
b101010011111 .
1*
#4526000
b10101000000 #
b10101000000 b
b1010100000100010000000001100011 +
b1010100000100010000000001100011 a
b101010100000 .
#4527000
b10101000010 #
b10101000010 b
b1010100000100010000000101100011 +
b1010100000100010000000101100011 a
b101010100001 .
#4528000
b10101000100 #
b10101000100 b
b1010100000100010000001001100011 +
b1010100000100010000001001100011 a
b101010100010 .
#4529000
b10101000110 #
b10101000110 b
b1010100000100010000001101100011 +
b1010100000100010000001101100011 a
b101010100011 .
#4530000
b10101001000 #
b10101001000 b
b1010100000100010000010001100011 +
b1010100000100010000010001100011 a
b101010100100 .
0*
#4531000
b10101001010 #
b10101001010 b
b1010100000100010000010101100011 +
b1010100000100010000010101100011 a
b101010100101 .
#4532000
b10101001100 #
b10101001100 b
b1010100000100010000011001100011 +
b1010100000100010000011001100011 a
b101010100110 .
#4533000
b10101001110 #
b10101001110 b
b1010100000100010000011101100011 +
b1010100000100010000011101100011 a
b101010100111 .
#4534000
b10101010000 #
b10101010000 b
b1010100000100010000100001100011 +
b1010100000100010000100001100011 a
b101010101000 .
#4535000
b10101010010 #
b10101010010 b
b1010100000100010000100101100011 +
b1010100000100010000100101100011 a
b101010101001 .
1*
#4536000
b10101010100 #
b10101010100 b
b1010100000100010000101001100011 +
b1010100000100010000101001100011 a
b101010101010 .
#4537000
b10101010110 #
b10101010110 b
b1010100000100010000101101100011 +
b1010100000100010000101101100011 a
b101010101011 .
#4538000
b10101011000 #
b10101011000 b
b1010100000100010000110001100011 +
b1010100000100010000110001100011 a
b101010101100 .
#4539000
b10101011010 #
b10101011010 b
b1010100000100010000110101100011 +
b1010100000100010000110101100011 a
b101010101101 .
#4540000
b10101011100 #
b10101011100 b
b1010100000100010000111001100011 +
b1010100000100010000111001100011 a
b101010101110 .
0*
#4541000
b10101011110 #
b10101011110 b
b1010100000100010000111101100011 +
b1010100000100010000111101100011 a
b101010101111 .
#4542000
b10101100000 #
b10101100000 b
b1010110000100010000000001100011 +
b1010110000100010000000001100011 a
b101010110000 .
#4543000
b10101100010 #
b10101100010 b
b1010110000100010000000101100011 +
b1010110000100010000000101100011 a
b101010110001 .
#4544000
b10101100100 #
b10101100100 b
b1010110000100010000001001100011 +
b1010110000100010000001001100011 a
b101010110010 .
#4545000
b10101100110 #
b10101100110 b
b1010110000100010000001101100011 +
b1010110000100010000001101100011 a
b101010110011 .
1*
#4546000
b10101101000 #
b10101101000 b
b1010110000100010000010001100011 +
b1010110000100010000010001100011 a
b101010110100 .
#4547000
b10101101010 #
b10101101010 b
b1010110000100010000010101100011 +
b1010110000100010000010101100011 a
b101010110101 .
#4548000
b10101101100 #
b10101101100 b
b1010110000100010000011001100011 +
b1010110000100010000011001100011 a
b101010110110 .
#4549000
b10101101110 #
b10101101110 b
b1010110000100010000011101100011 +
b1010110000100010000011101100011 a
b101010110111 .
#4550000
b10101110000 #
b10101110000 b
b1010110000100010000100001100011 +
b1010110000100010000100001100011 a
b101010111000 .
0*
#4551000
b10101110010 #
b10101110010 b
b1010110000100010000100101100011 +
b1010110000100010000100101100011 a
b101010111001 .
#4552000
b10101110100 #
b10101110100 b
b1010110000100010000101001100011 +
b1010110000100010000101001100011 a
b101010111010 .
#4553000
b10101110110 #
b10101110110 b
b1010110000100010000101101100011 +
b1010110000100010000101101100011 a
b101010111011 .
#4554000
b10101111000 #
b10101111000 b
b1010110000100010000110001100011 +
b1010110000100010000110001100011 a
b101010111100 .
#4555000
b10101111010 #
b10101111010 b
b1010110000100010000110101100011 +
b1010110000100010000110101100011 a
b101010111101 .
1*
#4556000
b10101111100 #
b10101111100 b
b1010110000100010000111001100011 +
b1010110000100010000111001100011 a
b101010111110 .
#4557000
b10101111110 #
b10101111110 b
b1010110000100010000111101100011 +
b1010110000100010000111101100011 a
b101010111111 .
#4558000
b10110000000 #
b10110000000 b
b1011000000100010000000001100011 +
b1011000000100010000000001100011 a
b101011000000 .
#4559000
b10110000010 #
b10110000010 b
b1011000000100010000000101100011 +
b1011000000100010000000101100011 a
b101011000001 .
#4560000
b10110000100 #
b10110000100 b
b1011000000100010000001001100011 +
b1011000000100010000001001100011 a
b101011000010 .
0*
#4561000
b10110000110 #
b10110000110 b
b1011000000100010000001101100011 +
b1011000000100010000001101100011 a
b101011000011 .
#4562000
b10110001000 #
b10110001000 b
b1011000000100010000010001100011 +
b1011000000100010000010001100011 a
b101011000100 .
#4563000
b10110001010 #
b10110001010 b
b1011000000100010000010101100011 +
b1011000000100010000010101100011 a
b101011000101 .
#4564000
b10110001100 #
b10110001100 b
b1011000000100010000011001100011 +
b1011000000100010000011001100011 a
b101011000110 .
#4565000
b10110001110 #
b10110001110 b
b1011000000100010000011101100011 +
b1011000000100010000011101100011 a
b101011000111 .
1*
#4566000
b10110010000 #
b10110010000 b
b1011000000100010000100001100011 +
b1011000000100010000100001100011 a
b101011001000 .
#4567000
b10110010010 #
b10110010010 b
b1011000000100010000100101100011 +
b1011000000100010000100101100011 a
b101011001001 .
#4568000
b10110010100 #
b10110010100 b
b1011000000100010000101001100011 +
b1011000000100010000101001100011 a
b101011001010 .
#4569000
b10110010110 #
b10110010110 b
b1011000000100010000101101100011 +
b1011000000100010000101101100011 a
b101011001011 .
#4570000
b10110011000 #
b10110011000 b
b1011000000100010000110001100011 +
b1011000000100010000110001100011 a
b101011001100 .
0*
#4571000
b10110011010 #
b10110011010 b
b1011000000100010000110101100011 +
b1011000000100010000110101100011 a
b101011001101 .
#4572000
b10110011100 #
b10110011100 b
b1011000000100010000111001100011 +
b1011000000100010000111001100011 a
b101011001110 .
#4573000
b10110011110 #
b10110011110 b
b1011000000100010000111101100011 +
b1011000000100010000111101100011 a
b101011001111 .
#4574000
b10110100000 #
b10110100000 b
b1011010000100010000000001100011 +
b1011010000100010000000001100011 a
b101011010000 .
#4575000
b10110100010 #
b10110100010 b
b1011010000100010000000101100011 +
b1011010000100010000000101100011 a
b101011010001 .
1*
#4576000
b10110100100 #
b10110100100 b
b1011010000100010000001001100011 +
b1011010000100010000001001100011 a
b101011010010 .
#4577000
b10110100110 #
b10110100110 b
b1011010000100010000001101100011 +
b1011010000100010000001101100011 a
b101011010011 .
#4578000
b10110101000 #
b10110101000 b
b1011010000100010000010001100011 +
b1011010000100010000010001100011 a
b101011010100 .
#4579000
b10110101010 #
b10110101010 b
b1011010000100010000010101100011 +
b1011010000100010000010101100011 a
b101011010101 .
#4580000
b10110101100 #
b10110101100 b
b1011010000100010000011001100011 +
b1011010000100010000011001100011 a
b101011010110 .
0*
#4581000
b10110101110 #
b10110101110 b
b1011010000100010000011101100011 +
b1011010000100010000011101100011 a
b101011010111 .
#4582000
b10110110000 #
b10110110000 b
b1011010000100010000100001100011 +
b1011010000100010000100001100011 a
b101011011000 .
#4583000
b10110110010 #
b10110110010 b
b1011010000100010000100101100011 +
b1011010000100010000100101100011 a
b101011011001 .
#4584000
b10110110100 #
b10110110100 b
b1011010000100010000101001100011 +
b1011010000100010000101001100011 a
b101011011010 .
#4585000
b10110110110 #
b10110110110 b
b1011010000100010000101101100011 +
b1011010000100010000101101100011 a
b101011011011 .
1*
#4586000
b10110111000 #
b10110111000 b
b1011010000100010000110001100011 +
b1011010000100010000110001100011 a
b101011011100 .
#4587000
b10110111010 #
b10110111010 b
b1011010000100010000110101100011 +
b1011010000100010000110101100011 a
b101011011101 .
#4588000
b10110111100 #
b10110111100 b
b1011010000100010000111001100011 +
b1011010000100010000111001100011 a
b101011011110 .
#4589000
b10110111110 #
b10110111110 b
b1011010000100010000111101100011 +
b1011010000100010000111101100011 a
b101011011111 .
#4590000
b10111000000 #
b10111000000 b
b1011100000100010000000001100011 +
b1011100000100010000000001100011 a
b101011100000 .
0*
#4591000
b10111000010 #
b10111000010 b
b1011100000100010000000101100011 +
b1011100000100010000000101100011 a
b101011100001 .
#4592000
b10111000100 #
b10111000100 b
b1011100000100010000001001100011 +
b1011100000100010000001001100011 a
b101011100010 .
#4593000
b10111000110 #
b10111000110 b
b1011100000100010000001101100011 +
b1011100000100010000001101100011 a
b101011100011 .
#4594000
b10111001000 #
b10111001000 b
b1011100000100010000010001100011 +
b1011100000100010000010001100011 a
b101011100100 .
#4595000
b10111001010 #
b10111001010 b
b1011100000100010000010101100011 +
b1011100000100010000010101100011 a
b101011100101 .
1*
#4596000
b10111001100 #
b10111001100 b
b1011100000100010000011001100011 +
b1011100000100010000011001100011 a
b101011100110 .
#4597000
b10111001110 #
b10111001110 b
b1011100000100010000011101100011 +
b1011100000100010000011101100011 a
b101011100111 .
#4598000
b10111010000 #
b10111010000 b
b1011100000100010000100001100011 +
b1011100000100010000100001100011 a
b101011101000 .
#4599000
b10111010010 #
b10111010010 b
b1011100000100010000100101100011 +
b1011100000100010000100101100011 a
b101011101001 .
#4600000
b10111010100 #
b10111010100 b
b1011100000100010000101001100011 +
b1011100000100010000101001100011 a
b101011101010 .
0*
#4601000
b10111010110 #
b10111010110 b
b1011100000100010000101101100011 +
b1011100000100010000101101100011 a
b101011101011 .
#4602000
b10111011000 #
b10111011000 b
b1011100000100010000110001100011 +
b1011100000100010000110001100011 a
b101011101100 .
#4603000
b10111011010 #
b10111011010 b
b1011100000100010000110101100011 +
b1011100000100010000110101100011 a
b101011101101 .
#4604000
b10111011100 #
b10111011100 b
b1011100000100010000111001100011 +
b1011100000100010000111001100011 a
b101011101110 .
#4605000
b10111011110 #
b10111011110 b
b1011100000100010000111101100011 +
b1011100000100010000111101100011 a
b101011101111 .
1*
#4606000
b10111100000 #
b10111100000 b
b1011110000100010000000001100011 +
b1011110000100010000000001100011 a
b101011110000 .
#4607000
b10111100010 #
b10111100010 b
b1011110000100010000000101100011 +
b1011110000100010000000101100011 a
b101011110001 .
#4608000
b10111100100 #
b10111100100 b
b1011110000100010000001001100011 +
b1011110000100010000001001100011 a
b101011110010 .
#4609000
b10111100110 #
b10111100110 b
b1011110000100010000001101100011 +
b1011110000100010000001101100011 a
b101011110011 .
#4610000
b10111101000 #
b10111101000 b
b1011110000100010000010001100011 +
b1011110000100010000010001100011 a
b101011110100 .
0*
#4611000
b10111101010 #
b10111101010 b
b1011110000100010000010101100011 +
b1011110000100010000010101100011 a
b101011110101 .
#4612000
b10111101100 #
b10111101100 b
b1011110000100010000011001100011 +
b1011110000100010000011001100011 a
b101011110110 .
#4613000
b10111101110 #
b10111101110 b
b1011110000100010000011101100011 +
b1011110000100010000011101100011 a
b101011110111 .
#4614000
b10111110000 #
b10111110000 b
b1011110000100010000100001100011 +
b1011110000100010000100001100011 a
b101011111000 .
#4615000
b10111110010 #
b10111110010 b
b1011110000100010000100101100011 +
b1011110000100010000100101100011 a
b101011111001 .
1*
#4616000
b10111110100 #
b10111110100 b
b1011110000100010000101001100011 +
b1011110000100010000101001100011 a
b101011111010 .
#4617000
b10111110110 #
b10111110110 b
b1011110000100010000101101100011 +
b1011110000100010000101101100011 a
b101011111011 .
#4618000
b10111111000 #
b10111111000 b
b1011110000100010000110001100011 +
b1011110000100010000110001100011 a
b101011111100 .
#4619000
b10111111010 #
b10111111010 b
b1011110000100010000110101100011 +
b1011110000100010000110101100011 a
b101011111101 .
#4620000
b10111111100 #
b10111111100 b
b1011110000100010000111001100011 +
b1011110000100010000111001100011 a
b101011111110 .
0*
#4621000
b10111111110 #
b10111111110 b
b1011110000100010000111101100011 +
b1011110000100010000111101100011 a
b101011111111 .
#4622000
b11000000000 #
b11000000000 b
b1100000000100010000000001100011 +
b1100000000100010000000001100011 a
b101100000000 .
#4623000
b11000000010 #
b11000000010 b
b1100000000100010000000101100011 +
b1100000000100010000000101100011 a
b101100000001 .
#4624000
b11000000100 #
b11000000100 b
b1100000000100010000001001100011 +
b1100000000100010000001001100011 a
b101100000010 .
#4625000
b11000000110 #
b11000000110 b
b1100000000100010000001101100011 +
b1100000000100010000001101100011 a
b101100000011 .
1*
#4626000
b11000001000 #
b11000001000 b
b1100000000100010000010001100011 +
b1100000000100010000010001100011 a
b101100000100 .
#4627000
b11000001010 #
b11000001010 b
b1100000000100010000010101100011 +
b1100000000100010000010101100011 a
b101100000101 .
#4628000
b11000001100 #
b11000001100 b
b1100000000100010000011001100011 +
b1100000000100010000011001100011 a
b101100000110 .
#4629000
b11000001110 #
b11000001110 b
b1100000000100010000011101100011 +
b1100000000100010000011101100011 a
b101100000111 .
#4630000
b11000010000 #
b11000010000 b
b1100000000100010000100001100011 +
b1100000000100010000100001100011 a
b101100001000 .
0*
#4631000
b11000010010 #
b11000010010 b
b1100000000100010000100101100011 +
b1100000000100010000100101100011 a
b101100001001 .
#4632000
b11000010100 #
b11000010100 b
b1100000000100010000101001100011 +
b1100000000100010000101001100011 a
b101100001010 .
#4633000
b11000010110 #
b11000010110 b
b1100000000100010000101101100011 +
b1100000000100010000101101100011 a
b101100001011 .
#4634000
b11000011000 #
b11000011000 b
b1100000000100010000110001100011 +
b1100000000100010000110001100011 a
b101100001100 .
#4635000
b11000011010 #
b11000011010 b
b1100000000100010000110101100011 +
b1100000000100010000110101100011 a
b101100001101 .
1*
#4636000
b11000011100 #
b11000011100 b
b1100000000100010000111001100011 +
b1100000000100010000111001100011 a
b101100001110 .
#4637000
b11000011110 #
b11000011110 b
b1100000000100010000111101100011 +
b1100000000100010000111101100011 a
b101100001111 .
#4638000
b11000100000 #
b11000100000 b
b1100010000100010000000001100011 +
b1100010000100010000000001100011 a
b101100010000 .
#4639000
b11000100010 #
b11000100010 b
b1100010000100010000000101100011 +
b1100010000100010000000101100011 a
b101100010001 .
#4640000
b11000100100 #
b11000100100 b
b1100010000100010000001001100011 +
b1100010000100010000001001100011 a
b101100010010 .
0*
#4641000
b11000100110 #
b11000100110 b
b1100010000100010000001101100011 +
b1100010000100010000001101100011 a
b101100010011 .
#4642000
b11000101000 #
b11000101000 b
b1100010000100010000010001100011 +
b1100010000100010000010001100011 a
b101100010100 .
#4643000
b11000101010 #
b11000101010 b
b1100010000100010000010101100011 +
b1100010000100010000010101100011 a
b101100010101 .
#4644000
b11000101100 #
b11000101100 b
b1100010000100010000011001100011 +
b1100010000100010000011001100011 a
b101100010110 .
#4645000
b11000101110 #
b11000101110 b
b1100010000100010000011101100011 +
b1100010000100010000011101100011 a
b101100010111 .
1*
#4646000
b11000110000 #
b11000110000 b
b1100010000100010000100001100011 +
b1100010000100010000100001100011 a
b101100011000 .
#4647000
b11000110010 #
b11000110010 b
b1100010000100010000100101100011 +
b1100010000100010000100101100011 a
b101100011001 .
#4648000
b11000110100 #
b11000110100 b
b1100010000100010000101001100011 +
b1100010000100010000101001100011 a
b101100011010 .
#4649000
b11000110110 #
b11000110110 b
b1100010000100010000101101100011 +
b1100010000100010000101101100011 a
b101100011011 .
#4650000
b11000111000 #
b11000111000 b
b1100010000100010000110001100011 +
b1100010000100010000110001100011 a
b101100011100 .
0*
#4651000
b11000111010 #
b11000111010 b
b1100010000100010000110101100011 +
b1100010000100010000110101100011 a
b101100011101 .
#4652000
b11000111100 #
b11000111100 b
b1100010000100010000111001100011 +
b1100010000100010000111001100011 a
b101100011110 .
#4653000
b11000111110 #
b11000111110 b
b1100010000100010000111101100011 +
b1100010000100010000111101100011 a
b101100011111 .
#4654000
b11001000000 #
b11001000000 b
b1100100000100010000000001100011 +
b1100100000100010000000001100011 a
b101100100000 .
#4655000
b11001000010 #
b11001000010 b
b1100100000100010000000101100011 +
b1100100000100010000000101100011 a
b101100100001 .
1*
#4656000
b11001000100 #
b11001000100 b
b1100100000100010000001001100011 +
b1100100000100010000001001100011 a
b101100100010 .
#4657000
b11001000110 #
b11001000110 b
b1100100000100010000001101100011 +
b1100100000100010000001101100011 a
b101100100011 .
#4658000
b11001001000 #
b11001001000 b
b1100100000100010000010001100011 +
b1100100000100010000010001100011 a
b101100100100 .
#4659000
b11001001010 #
b11001001010 b
b1100100000100010000010101100011 +
b1100100000100010000010101100011 a
b101100100101 .
#4660000
b11001001100 #
b11001001100 b
b1100100000100010000011001100011 +
b1100100000100010000011001100011 a
b101100100110 .
0*
#4661000
b11001001110 #
b11001001110 b
b1100100000100010000011101100011 +
b1100100000100010000011101100011 a
b101100100111 .
#4662000
b11001010000 #
b11001010000 b
b1100100000100010000100001100011 +
b1100100000100010000100001100011 a
b101100101000 .
#4663000
b11001010010 #
b11001010010 b
b1100100000100010000100101100011 +
b1100100000100010000100101100011 a
b101100101001 .
#4664000
b11001010100 #
b11001010100 b
b1100100000100010000101001100011 +
b1100100000100010000101001100011 a
b101100101010 .
#4665000
b11001010110 #
b11001010110 b
b1100100000100010000101101100011 +
b1100100000100010000101101100011 a
b101100101011 .
1*
#4666000
b11001011000 #
b11001011000 b
b1100100000100010000110001100011 +
b1100100000100010000110001100011 a
b101100101100 .
#4667000
b11001011010 #
b11001011010 b
b1100100000100010000110101100011 +
b1100100000100010000110101100011 a
b101100101101 .
#4668000
b11001011100 #
b11001011100 b
b1100100000100010000111001100011 +
b1100100000100010000111001100011 a
b101100101110 .
#4669000
b11001011110 #
b11001011110 b
b1100100000100010000111101100011 +
b1100100000100010000111101100011 a
b101100101111 .
#4670000
b11001100000 #
b11001100000 b
b1100110000100010000000001100011 +
b1100110000100010000000001100011 a
b101100110000 .
0*
#4671000
b11001100010 #
b11001100010 b
b1100110000100010000000101100011 +
b1100110000100010000000101100011 a
b101100110001 .
#4672000
b11001100100 #
b11001100100 b
b1100110000100010000001001100011 +
b1100110000100010000001001100011 a
b101100110010 .
#4673000
b11001100110 #
b11001100110 b
b1100110000100010000001101100011 +
b1100110000100010000001101100011 a
b101100110011 .
#4674000
b11001101000 #
b11001101000 b
b1100110000100010000010001100011 +
b1100110000100010000010001100011 a
b101100110100 .
#4675000
b11001101010 #
b11001101010 b
b1100110000100010000010101100011 +
b1100110000100010000010101100011 a
b101100110101 .
1*
#4676000
b11001101100 #
b11001101100 b
b1100110000100010000011001100011 +
b1100110000100010000011001100011 a
b101100110110 .
#4677000
b11001101110 #
b11001101110 b
b1100110000100010000011101100011 +
b1100110000100010000011101100011 a
b101100110111 .
#4678000
b11001110000 #
b11001110000 b
b1100110000100010000100001100011 +
b1100110000100010000100001100011 a
b101100111000 .
#4679000
b11001110010 #
b11001110010 b
b1100110000100010000100101100011 +
b1100110000100010000100101100011 a
b101100111001 .
#4680000
b11001110100 #
b11001110100 b
b1100110000100010000101001100011 +
b1100110000100010000101001100011 a
b101100111010 .
0*
#4681000
b11001110110 #
b11001110110 b
b1100110000100010000101101100011 +
b1100110000100010000101101100011 a
b101100111011 .
#4682000
b11001111000 #
b11001111000 b
b1100110000100010000110001100011 +
b1100110000100010000110001100011 a
b101100111100 .
#4683000
b11001111010 #
b11001111010 b
b1100110000100010000110101100011 +
b1100110000100010000110101100011 a
b101100111101 .
#4684000
b11001111100 #
b11001111100 b
b1100110000100010000111001100011 +
b1100110000100010000111001100011 a
b101100111110 .
#4685000
b11001111110 #
b11001111110 b
b1100110000100010000111101100011 +
b1100110000100010000111101100011 a
b101100111111 .
1*
#4686000
b11010000000 #
b11010000000 b
b1101000000100010000000001100011 +
b1101000000100010000000001100011 a
b101101000000 .
#4687000
b11010000010 #
b11010000010 b
b1101000000100010000000101100011 +
b1101000000100010000000101100011 a
b101101000001 .
#4688000
b11010000100 #
b11010000100 b
b1101000000100010000001001100011 +
b1101000000100010000001001100011 a
b101101000010 .
#4689000
b11010000110 #
b11010000110 b
b1101000000100010000001101100011 +
b1101000000100010000001101100011 a
b101101000011 .
#4690000
b11010001000 #
b11010001000 b
b1101000000100010000010001100011 +
b1101000000100010000010001100011 a
b101101000100 .
0*
#4691000
b11010001010 #
b11010001010 b
b1101000000100010000010101100011 +
b1101000000100010000010101100011 a
b101101000101 .
#4692000
b11010001100 #
b11010001100 b
b1101000000100010000011001100011 +
b1101000000100010000011001100011 a
b101101000110 .
#4693000
b11010001110 #
b11010001110 b
b1101000000100010000011101100011 +
b1101000000100010000011101100011 a
b101101000111 .
#4694000
b11010010000 #
b11010010000 b
b1101000000100010000100001100011 +
b1101000000100010000100001100011 a
b101101001000 .
#4695000
b11010010010 #
b11010010010 b
b1101000000100010000100101100011 +
b1101000000100010000100101100011 a
b101101001001 .
1*
#4696000
b11010010100 #
b11010010100 b
b1101000000100010000101001100011 +
b1101000000100010000101001100011 a
b101101001010 .
#4697000
b11010010110 #
b11010010110 b
b1101000000100010000101101100011 +
b1101000000100010000101101100011 a
b101101001011 .
#4698000
b11010011000 #
b11010011000 b
b1101000000100010000110001100011 +
b1101000000100010000110001100011 a
b101101001100 .
#4699000
b11010011010 #
b11010011010 b
b1101000000100010000110101100011 +
b1101000000100010000110101100011 a
b101101001101 .
#4700000
b11010011100 #
b11010011100 b
b1101000000100010000111001100011 +
b1101000000100010000111001100011 a
b101101001110 .
0*
#4701000
b11010011110 #
b11010011110 b
b1101000000100010000111101100011 +
b1101000000100010000111101100011 a
b101101001111 .
#4702000
b11010100000 #
b11010100000 b
b1101010000100010000000001100011 +
b1101010000100010000000001100011 a
b101101010000 .
#4703000
b11010100010 #
b11010100010 b
b1101010000100010000000101100011 +
b1101010000100010000000101100011 a
b101101010001 .
#4704000
b11010100100 #
b11010100100 b
b1101010000100010000001001100011 +
b1101010000100010000001001100011 a
b101101010010 .
#4705000
b11010100110 #
b11010100110 b
b1101010000100010000001101100011 +
b1101010000100010000001101100011 a
b101101010011 .
1*
#4706000
b11010101000 #
b11010101000 b
b1101010000100010000010001100011 +
b1101010000100010000010001100011 a
b101101010100 .
#4707000
b11010101010 #
b11010101010 b
b1101010000100010000010101100011 +
b1101010000100010000010101100011 a
b101101010101 .
#4708000
b11010101100 #
b11010101100 b
b1101010000100010000011001100011 +
b1101010000100010000011001100011 a
b101101010110 .
#4709000
b11010101110 #
b11010101110 b
b1101010000100010000011101100011 +
b1101010000100010000011101100011 a
b101101010111 .
#4710000
b11010110000 #
b11010110000 b
b1101010000100010000100001100011 +
b1101010000100010000100001100011 a
b101101011000 .
0*
#4711000
b11010110010 #
b11010110010 b
b1101010000100010000100101100011 +
b1101010000100010000100101100011 a
b101101011001 .
#4712000
b11010110100 #
b11010110100 b
b1101010000100010000101001100011 +
b1101010000100010000101001100011 a
b101101011010 .
#4713000
b11010110110 #
b11010110110 b
b1101010000100010000101101100011 +
b1101010000100010000101101100011 a
b101101011011 .
#4714000
b11010111000 #
b11010111000 b
b1101010000100010000110001100011 +
b1101010000100010000110001100011 a
b101101011100 .
#4715000
b11010111010 #
b11010111010 b
b1101010000100010000110101100011 +
b1101010000100010000110101100011 a
b101101011101 .
1*
#4716000
b11010111100 #
b11010111100 b
b1101010000100010000111001100011 +
b1101010000100010000111001100011 a
b101101011110 .
#4717000
b11010111110 #
b11010111110 b
b1101010000100010000111101100011 +
b1101010000100010000111101100011 a
b101101011111 .
#4718000
b11011000000 #
b11011000000 b
b1101100000100010000000001100011 +
b1101100000100010000000001100011 a
b101101100000 .
#4719000
b11011000010 #
b11011000010 b
b1101100000100010000000101100011 +
b1101100000100010000000101100011 a
b101101100001 .
#4720000
b11011000100 #
b11011000100 b
b1101100000100010000001001100011 +
b1101100000100010000001001100011 a
b101101100010 .
0*
#4721000
b11011000110 #
b11011000110 b
b1101100000100010000001101100011 +
b1101100000100010000001101100011 a
b101101100011 .
#4722000
b11011001000 #
b11011001000 b
b1101100000100010000010001100011 +
b1101100000100010000010001100011 a
b101101100100 .
#4723000
b11011001010 #
b11011001010 b
b1101100000100010000010101100011 +
b1101100000100010000010101100011 a
b101101100101 .
#4724000
b11011001100 #
b11011001100 b
b1101100000100010000011001100011 +
b1101100000100010000011001100011 a
b101101100110 .
#4725000
b11011001110 #
b11011001110 b
b1101100000100010000011101100011 +
b1101100000100010000011101100011 a
b101101100111 .
1*
#4726000
b11011010000 #
b11011010000 b
b1101100000100010000100001100011 +
b1101100000100010000100001100011 a
b101101101000 .
#4727000
b11011010010 #
b11011010010 b
b1101100000100010000100101100011 +
b1101100000100010000100101100011 a
b101101101001 .
#4728000
b11011010100 #
b11011010100 b
b1101100000100010000101001100011 +
b1101100000100010000101001100011 a
b101101101010 .
#4729000
b11011010110 #
b11011010110 b
b1101100000100010000101101100011 +
b1101100000100010000101101100011 a
b101101101011 .
#4730000
b11011011000 #
b11011011000 b
b1101100000100010000110001100011 +
b1101100000100010000110001100011 a
b101101101100 .
0*
#4731000
b11011011010 #
b11011011010 b
b1101100000100010000110101100011 +
b1101100000100010000110101100011 a
b101101101101 .
#4732000
b11011011100 #
b11011011100 b
b1101100000100010000111001100011 +
b1101100000100010000111001100011 a
b101101101110 .
#4733000
b11011011110 #
b11011011110 b
b1101100000100010000111101100011 +
b1101100000100010000111101100011 a
b101101101111 .
#4734000
b11011100000 #
b11011100000 b
b1101110000100010000000001100011 +
b1101110000100010000000001100011 a
b101101110000 .
#4735000
b11011100010 #
b11011100010 b
b1101110000100010000000101100011 +
b1101110000100010000000101100011 a
b101101110001 .
1*
#4736000
b11011100100 #
b11011100100 b
b1101110000100010000001001100011 +
b1101110000100010000001001100011 a
b101101110010 .
#4737000
b11011100110 #
b11011100110 b
b1101110000100010000001101100011 +
b1101110000100010000001101100011 a
b101101110011 .
#4738000
b11011101000 #
b11011101000 b
b1101110000100010000010001100011 +
b1101110000100010000010001100011 a
b101101110100 .
#4739000
b11011101010 #
b11011101010 b
b1101110000100010000010101100011 +
b1101110000100010000010101100011 a
b101101110101 .
#4740000
b11011101100 #
b11011101100 b
b1101110000100010000011001100011 +
b1101110000100010000011001100011 a
b101101110110 .
0*
#4741000
b11011101110 #
b11011101110 b
b1101110000100010000011101100011 +
b1101110000100010000011101100011 a
b101101110111 .
#4742000
b11011110000 #
b11011110000 b
b1101110000100010000100001100011 +
b1101110000100010000100001100011 a
b101101111000 .
#4743000
b11011110010 #
b11011110010 b
b1101110000100010000100101100011 +
b1101110000100010000100101100011 a
b101101111001 .
#4744000
b11011110100 #
b11011110100 b
b1101110000100010000101001100011 +
b1101110000100010000101001100011 a
b101101111010 .
#4745000
b11011110110 #
b11011110110 b
b1101110000100010000101101100011 +
b1101110000100010000101101100011 a
b101101111011 .
1*
#4746000
b11011111000 #
b11011111000 b
b1101110000100010000110001100011 +
b1101110000100010000110001100011 a
b101101111100 .
#4747000
b11011111010 #
b11011111010 b
b1101110000100010000110101100011 +
b1101110000100010000110101100011 a
b101101111101 .
#4748000
b11011111100 #
b11011111100 b
b1101110000100010000111001100011 +
b1101110000100010000111001100011 a
b101101111110 .
#4749000
b11011111110 #
b11011111110 b
b1101110000100010000111101100011 +
b1101110000100010000111101100011 a
b101101111111 .
#4750000
b11100000000 #
b11100000000 b
b1110000000100010000000001100011 +
b1110000000100010000000001100011 a
b101110000000 .
0*
#4751000
b11100000010 #
b11100000010 b
b1110000000100010000000101100011 +
b1110000000100010000000101100011 a
b101110000001 .
#4752000
b11100000100 #
b11100000100 b
b1110000000100010000001001100011 +
b1110000000100010000001001100011 a
b101110000010 .
#4753000
b11100000110 #
b11100000110 b
b1110000000100010000001101100011 +
b1110000000100010000001101100011 a
b101110000011 .
#4754000
b11100001000 #
b11100001000 b
b1110000000100010000010001100011 +
b1110000000100010000010001100011 a
b101110000100 .
#4755000
b11100001010 #
b11100001010 b
b1110000000100010000010101100011 +
b1110000000100010000010101100011 a
b101110000101 .
1*
#4756000
b11100001100 #
b11100001100 b
b1110000000100010000011001100011 +
b1110000000100010000011001100011 a
b101110000110 .
#4757000
b11100001110 #
b11100001110 b
b1110000000100010000011101100011 +
b1110000000100010000011101100011 a
b101110000111 .
#4758000
b11100010000 #
b11100010000 b
b1110000000100010000100001100011 +
b1110000000100010000100001100011 a
b101110001000 .
#4759000
b11100010010 #
b11100010010 b
b1110000000100010000100101100011 +
b1110000000100010000100101100011 a
b101110001001 .
#4760000
b11100010100 #
b11100010100 b
b1110000000100010000101001100011 +
b1110000000100010000101001100011 a
b101110001010 .
0*
#4761000
b11100010110 #
b11100010110 b
b1110000000100010000101101100011 +
b1110000000100010000101101100011 a
b101110001011 .
#4762000
b11100011000 #
b11100011000 b
b1110000000100010000110001100011 +
b1110000000100010000110001100011 a
b101110001100 .
#4763000
b11100011010 #
b11100011010 b
b1110000000100010000110101100011 +
b1110000000100010000110101100011 a
b101110001101 .
#4764000
b11100011100 #
b11100011100 b
b1110000000100010000111001100011 +
b1110000000100010000111001100011 a
b101110001110 .
#4765000
b11100011110 #
b11100011110 b
b1110000000100010000111101100011 +
b1110000000100010000111101100011 a
b101110001111 .
1*
#4766000
b11100100000 #
b11100100000 b
b1110010000100010000000001100011 +
b1110010000100010000000001100011 a
b101110010000 .
#4767000
b11100100010 #
b11100100010 b
b1110010000100010000000101100011 +
b1110010000100010000000101100011 a
b101110010001 .
#4768000
b11100100100 #
b11100100100 b
b1110010000100010000001001100011 +
b1110010000100010000001001100011 a
b101110010010 .
#4769000
b11100100110 #
b11100100110 b
b1110010000100010000001101100011 +
b1110010000100010000001101100011 a
b101110010011 .
#4770000
b11100101000 #
b11100101000 b
b1110010000100010000010001100011 +
b1110010000100010000010001100011 a
b101110010100 .
0*
#4771000
b11100101010 #
b11100101010 b
b1110010000100010000010101100011 +
b1110010000100010000010101100011 a
b101110010101 .
#4772000
b11100101100 #
b11100101100 b
b1110010000100010000011001100011 +
b1110010000100010000011001100011 a
b101110010110 .
#4773000
b11100101110 #
b11100101110 b
b1110010000100010000011101100011 +
b1110010000100010000011101100011 a
b101110010111 .
#4774000
b11100110000 #
b11100110000 b
b1110010000100010000100001100011 +
b1110010000100010000100001100011 a
b101110011000 .
#4775000
b11100110010 #
b11100110010 b
b1110010000100010000100101100011 +
b1110010000100010000100101100011 a
b101110011001 .
1*
#4776000
b11100110100 #
b11100110100 b
b1110010000100010000101001100011 +
b1110010000100010000101001100011 a
b101110011010 .
#4777000
b11100110110 #
b11100110110 b
b1110010000100010000101101100011 +
b1110010000100010000101101100011 a
b101110011011 .
#4778000
b11100111000 #
b11100111000 b
b1110010000100010000110001100011 +
b1110010000100010000110001100011 a
b101110011100 .
#4779000
b11100111010 #
b11100111010 b
b1110010000100010000110101100011 +
b1110010000100010000110101100011 a
b101110011101 .
#4780000
b11100111100 #
b11100111100 b
b1110010000100010000111001100011 +
b1110010000100010000111001100011 a
b101110011110 .
0*
#4781000
b11100111110 #
b11100111110 b
b1110010000100010000111101100011 +
b1110010000100010000111101100011 a
b101110011111 .
#4782000
b11101000000 #
b11101000000 b
b1110100000100010000000001100011 +
b1110100000100010000000001100011 a
b101110100000 .
#4783000
b11101000010 #
b11101000010 b
b1110100000100010000000101100011 +
b1110100000100010000000101100011 a
b101110100001 .
#4784000
b11101000100 #
b11101000100 b
b1110100000100010000001001100011 +
b1110100000100010000001001100011 a
b101110100010 .
#4785000
b11101000110 #
b11101000110 b
b1110100000100010000001101100011 +
b1110100000100010000001101100011 a
b101110100011 .
1*
#4786000
b11101001000 #
b11101001000 b
b1110100000100010000010001100011 +
b1110100000100010000010001100011 a
b101110100100 .
#4787000
b11101001010 #
b11101001010 b
b1110100000100010000010101100011 +
b1110100000100010000010101100011 a
b101110100101 .
#4788000
b11101001100 #
b11101001100 b
b1110100000100010000011001100011 +
b1110100000100010000011001100011 a
b101110100110 .
#4789000
b11101001110 #
b11101001110 b
b1110100000100010000011101100011 +
b1110100000100010000011101100011 a
b101110100111 .
#4790000
b11101010000 #
b11101010000 b
b1110100000100010000100001100011 +
b1110100000100010000100001100011 a
b101110101000 .
0*
#4791000
b11101010010 #
b11101010010 b
b1110100000100010000100101100011 +
b1110100000100010000100101100011 a
b101110101001 .
#4792000
b11101010100 #
b11101010100 b
b1110100000100010000101001100011 +
b1110100000100010000101001100011 a
b101110101010 .
#4793000
b11101010110 #
b11101010110 b
b1110100000100010000101101100011 +
b1110100000100010000101101100011 a
b101110101011 .
#4794000
b11101011000 #
b11101011000 b
b1110100000100010000110001100011 +
b1110100000100010000110001100011 a
b101110101100 .
#4795000
b11101011010 #
b11101011010 b
b1110100000100010000110101100011 +
b1110100000100010000110101100011 a
b101110101101 .
1*
#4796000
b11101011100 #
b11101011100 b
b1110100000100010000111001100011 +
b1110100000100010000111001100011 a
b101110101110 .
#4797000
b11101011110 #
b11101011110 b
b1110100000100010000111101100011 +
b1110100000100010000111101100011 a
b101110101111 .
#4798000
b11101100000 #
b11101100000 b
b1110110000100010000000001100011 +
b1110110000100010000000001100011 a
b101110110000 .
#4799000
b11101100010 #
b11101100010 b
b1110110000100010000000101100011 +
b1110110000100010000000101100011 a
b101110110001 .
#4800000
b11101100100 #
b11101100100 b
b1110110000100010000001001100011 +
b1110110000100010000001001100011 a
b101110110010 .
0*
#4801000
b11101100110 #
b11101100110 b
b1110110000100010000001101100011 +
b1110110000100010000001101100011 a
b101110110011 .
#4802000
b11101101000 #
b11101101000 b
b1110110000100010000010001100011 +
b1110110000100010000010001100011 a
b101110110100 .
#4803000
b11101101010 #
b11101101010 b
b1110110000100010000010101100011 +
b1110110000100010000010101100011 a
b101110110101 .
#4804000
b11101101100 #
b11101101100 b
b1110110000100010000011001100011 +
b1110110000100010000011001100011 a
b101110110110 .
#4805000
b11101101110 #
b11101101110 b
b1110110000100010000011101100011 +
b1110110000100010000011101100011 a
b101110110111 .
1*
#4806000
b11101110000 #
b11101110000 b
b1110110000100010000100001100011 +
b1110110000100010000100001100011 a
b101110111000 .
#4807000
b11101110010 #
b11101110010 b
b1110110000100010000100101100011 +
b1110110000100010000100101100011 a
b101110111001 .
#4808000
b11101110100 #
b11101110100 b
b1110110000100010000101001100011 +
b1110110000100010000101001100011 a
b101110111010 .
#4809000
b11101110110 #
b11101110110 b
b1110110000100010000101101100011 +
b1110110000100010000101101100011 a
b101110111011 .
#4810000
b11101111000 #
b11101111000 b
b1110110000100010000110001100011 +
b1110110000100010000110001100011 a
b101110111100 .
0*
#4811000
b11101111010 #
b11101111010 b
b1110110000100010000110101100011 +
b1110110000100010000110101100011 a
b101110111101 .
#4812000
b11101111100 #
b11101111100 b
b1110110000100010000111001100011 +
b1110110000100010000111001100011 a
b101110111110 .
#4813000
b11101111110 #
b11101111110 b
b1110110000100010000111101100011 +
b1110110000100010000111101100011 a
b101110111111 .
#4814000
b11110000000 #
b11110000000 b
b1111000000100010000000001100011 +
b1111000000100010000000001100011 a
b101111000000 .
#4815000
b11110000010 #
b11110000010 b
b1111000000100010000000101100011 +
b1111000000100010000000101100011 a
b101111000001 .
1*
#4816000
b11110000100 #
b11110000100 b
b1111000000100010000001001100011 +
b1111000000100010000001001100011 a
b101111000010 .
#4817000
b11110000110 #
b11110000110 b
b1111000000100010000001101100011 +
b1111000000100010000001101100011 a
b101111000011 .
#4818000
b11110001000 #
b11110001000 b
b1111000000100010000010001100011 +
b1111000000100010000010001100011 a
b101111000100 .
#4819000
b11110001010 #
b11110001010 b
b1111000000100010000010101100011 +
b1111000000100010000010101100011 a
b101111000101 .
#4820000
b11110001100 #
b11110001100 b
b1111000000100010000011001100011 +
b1111000000100010000011001100011 a
b101111000110 .
0*
#4821000
b11110001110 #
b11110001110 b
b1111000000100010000011101100011 +
b1111000000100010000011101100011 a
b101111000111 .
#4822000
b11110010000 #
b11110010000 b
b1111000000100010000100001100011 +
b1111000000100010000100001100011 a
b101111001000 .
#4823000
b11110010010 #
b11110010010 b
b1111000000100010000100101100011 +
b1111000000100010000100101100011 a
b101111001001 .
#4824000
b11110010100 #
b11110010100 b
b1111000000100010000101001100011 +
b1111000000100010000101001100011 a
b101111001010 .
#4825000
b11110010110 #
b11110010110 b
b1111000000100010000101101100011 +
b1111000000100010000101101100011 a
b101111001011 .
1*
#4826000
b11110011000 #
b11110011000 b
b1111000000100010000110001100011 +
b1111000000100010000110001100011 a
b101111001100 .
#4827000
b11110011010 #
b11110011010 b
b1111000000100010000110101100011 +
b1111000000100010000110101100011 a
b101111001101 .
#4828000
b11110011100 #
b11110011100 b
b1111000000100010000111001100011 +
b1111000000100010000111001100011 a
b101111001110 .
#4829000
b11110011110 #
b11110011110 b
b1111000000100010000111101100011 +
b1111000000100010000111101100011 a
b101111001111 .
#4830000
b11110100000 #
b11110100000 b
b1111010000100010000000001100011 +
b1111010000100010000000001100011 a
b101111010000 .
0*
#4831000
b11110100010 #
b11110100010 b
b1111010000100010000000101100011 +
b1111010000100010000000101100011 a
b101111010001 .
#4832000
b11110100100 #
b11110100100 b
b1111010000100010000001001100011 +
b1111010000100010000001001100011 a
b101111010010 .
#4833000
b11110100110 #
b11110100110 b
b1111010000100010000001101100011 +
b1111010000100010000001101100011 a
b101111010011 .
#4834000
b11110101000 #
b11110101000 b
b1111010000100010000010001100011 +
b1111010000100010000010001100011 a
b101111010100 .
#4835000
b11110101010 #
b11110101010 b
b1111010000100010000010101100011 +
b1111010000100010000010101100011 a
b101111010101 .
1*
#4836000
b11110101100 #
b11110101100 b
b1111010000100010000011001100011 +
b1111010000100010000011001100011 a
b101111010110 .
#4837000
b11110101110 #
b11110101110 b
b1111010000100010000011101100011 +
b1111010000100010000011101100011 a
b101111010111 .
#4838000
b11110110000 #
b11110110000 b
b1111010000100010000100001100011 +
b1111010000100010000100001100011 a
b101111011000 .
#4839000
b11110110010 #
b11110110010 b
b1111010000100010000100101100011 +
b1111010000100010000100101100011 a
b101111011001 .
#4840000
b11110110100 #
b11110110100 b
b1111010000100010000101001100011 +
b1111010000100010000101001100011 a
b101111011010 .
0*
#4841000
b11110110110 #
b11110110110 b
b1111010000100010000101101100011 +
b1111010000100010000101101100011 a
b101111011011 .
#4842000
b11110111000 #
b11110111000 b
b1111010000100010000110001100011 +
b1111010000100010000110001100011 a
b101111011100 .
#4843000
b11110111010 #
b11110111010 b
b1111010000100010000110101100011 +
b1111010000100010000110101100011 a
b101111011101 .
#4844000
b11110111100 #
b11110111100 b
b1111010000100010000111001100011 +
b1111010000100010000111001100011 a
b101111011110 .
#4845000
b11110111110 #
b11110111110 b
b1111010000100010000111101100011 +
b1111010000100010000111101100011 a
b101111011111 .
1*
#4846000
b11111000000 #
b11111000000 b
b1111100000100010000000001100011 +
b1111100000100010000000001100011 a
b101111100000 .
#4847000
b11111000010 #
b11111000010 b
b1111100000100010000000101100011 +
b1111100000100010000000101100011 a
b101111100001 .
#4848000
b11111000100 #
b11111000100 b
b1111100000100010000001001100011 +
b1111100000100010000001001100011 a
b101111100010 .
#4849000
b11111000110 #
b11111000110 b
b1111100000100010000001101100011 +
b1111100000100010000001101100011 a
b101111100011 .
#4850000
b11111001000 #
b11111001000 b
b1111100000100010000010001100011 +
b1111100000100010000010001100011 a
b101111100100 .
0*
#4851000
b11111001010 #
b11111001010 b
b1111100000100010000010101100011 +
b1111100000100010000010101100011 a
b101111100101 .
#4852000
b11111001100 #
b11111001100 b
b1111100000100010000011001100011 +
b1111100000100010000011001100011 a
b101111100110 .
#4853000
b11111001110 #
b11111001110 b
b1111100000100010000011101100011 +
b1111100000100010000011101100011 a
b101111100111 .
#4854000
b11111010000 #
b11111010000 b
b1111100000100010000100001100011 +
b1111100000100010000100001100011 a
b101111101000 .
#4855000
b11111010010 #
b11111010010 b
b1111100000100010000100101100011 +
b1111100000100010000100101100011 a
b101111101001 .
1*
#4856000
b11111010100 #
b11111010100 b
b1111100000100010000101001100011 +
b1111100000100010000101001100011 a
b101111101010 .
#4857000
b11111010110 #
b11111010110 b
b1111100000100010000101101100011 +
b1111100000100010000101101100011 a
b101111101011 .
#4858000
b11111011000 #
b11111011000 b
b1111100000100010000110001100011 +
b1111100000100010000110001100011 a
b101111101100 .
#4859000
b11111011010 #
b11111011010 b
b1111100000100010000110101100011 +
b1111100000100010000110101100011 a
b101111101101 .
#4860000
b11111011100 #
b11111011100 b
b1111100000100010000111001100011 +
b1111100000100010000111001100011 a
b101111101110 .
0*
#4861000
b11111011110 #
b11111011110 b
b1111100000100010000111101100011 +
b1111100000100010000111101100011 a
b101111101111 .
#4862000
b11111100000 #
b11111100000 b
b1111110000100010000000001100011 +
b1111110000100010000000001100011 a
b101111110000 .
#4863000
b11111100010 #
b11111100010 b
b1111110000100010000000101100011 +
b1111110000100010000000101100011 a
b101111110001 .
#4864000
b11111100100 #
b11111100100 b
b1111110000100010000001001100011 +
b1111110000100010000001001100011 a
b101111110010 .
#4865000
b11111100110 #
b11111100110 b
b1111110000100010000001101100011 +
b1111110000100010000001101100011 a
b101111110011 .
1*
#4866000
b11111101000 #
b11111101000 b
b1111110000100010000010001100011 +
b1111110000100010000010001100011 a
b101111110100 .
#4867000
b11111101010 #
b11111101010 b
b1111110000100010000010101100011 +
b1111110000100010000010101100011 a
b101111110101 .
#4868000
b11111101100 #
b11111101100 b
b1111110000100010000011001100011 +
b1111110000100010000011001100011 a
b101111110110 .
#4869000
b11111101110 #
b11111101110 b
b1111110000100010000011101100011 +
b1111110000100010000011101100011 a
b101111110111 .
#4870000
b11111110000 #
b11111110000 b
b1111110000100010000100001100011 +
b1111110000100010000100001100011 a
b101111111000 .
0*
#4871000
b11111110010 #
b11111110010 b
b1111110000100010000100101100011 +
b1111110000100010000100101100011 a
b101111111001 .
#4872000
b11111110100 #
b11111110100 b
b1111110000100010000101001100011 +
b1111110000100010000101001100011 a
b101111111010 .
#4873000
b11111110110 #
b11111110110 b
b1111110000100010000101101100011 +
b1111110000100010000101101100011 a
b101111111011 .
#4874000
b11111111000 #
b11111111000 b
b1111110000100010000110001100011 +
b1111110000100010000110001100011 a
b101111111100 .
#4875000
b11111111010 #
b11111111010 b
b1111110000100010000110101100011 +
b1111110000100010000110101100011 a
b101111111101 .
1*
#4876000
b11111111100 #
b11111111100 b
b1111110000100010000111001100011 +
b1111110000100010000111001100011 a
b101111111110 .
#4877000
b11111111110 #
b11111111110 b
b1111110000100010000111101100011 +
b1111110000100010000111101100011 a
b101111111111 .
#4878000
b100000000000 #
b100000000000 b
b100010000000011100011 +
b100010000000011100011 a
b110000000000 .
#4879000
b100000000010 #
b100000000010 b
b100010000000111100011 +
b100010000000111100011 a
b110000000001 .
#4880000
b100000000100 #
b100000000100 b
b100010000001011100011 +
b100010000001011100011 a
b110000000010 .
0*
#4881000
b100000000110 #
b100000000110 b
b100010000001111100011 +
b100010000001111100011 a
b110000000011 .
#4882000
b100000001000 #
b100000001000 b
b100010000010011100011 +
b100010000010011100011 a
b110000000100 .
#4883000
b100000001010 #
b100000001010 b
b100010000010111100011 +
b100010000010111100011 a
b110000000101 .
#4884000
b100000001100 #
b100000001100 b
b100010000011011100011 +
b100010000011011100011 a
b110000000110 .
#4885000
b100000001110 #
b100000001110 b
b100010000011111100011 +
b100010000011111100011 a
b110000000111 .
1*
#4886000
b100000010000 #
b100000010000 b
b100010000100011100011 +
b100010000100011100011 a
b110000001000 .
#4887000
b100000010010 #
b100000010010 b
b100010000100111100011 +
b100010000100111100011 a
b110000001001 .
#4888000
b100000010100 #
b100000010100 b
b100010000101011100011 +
b100010000101011100011 a
b110000001010 .
#4889000
b100000010110 #
b100000010110 b
b100010000101111100011 +
b100010000101111100011 a
b110000001011 .
#4890000
b100000011000 #
b100000011000 b
b100010000110011100011 +
b100010000110011100011 a
b110000001100 .
0*
#4891000
b100000011010 #
b100000011010 b
b100010000110111100011 +
b100010000110111100011 a
b110000001101 .
#4892000
b100000011100 #
b100000011100 b
b100010000111011100011 +
b100010000111011100011 a
b110000001110 .
#4893000
b100000011110 #
b100000011110 b
b100010000111111100011 +
b100010000111111100011 a
b110000001111 .
#4894000
b100000100000 #
b100000100000 b
b10000100010000000011100011 +
b10000100010000000011100011 a
b110000010000 .
#4895000
b100000100010 #
b100000100010 b
b10000100010000000111100011 +
b10000100010000000111100011 a
b110000010001 .
1*
#4896000
b100000100100 #
b100000100100 b
b10000100010000001011100011 +
b10000100010000001011100011 a
b110000010010 .
#4897000
b100000100110 #
b100000100110 b
b10000100010000001111100011 +
b10000100010000001111100011 a
b110000010011 .
#4898000
b100000101000 #
b100000101000 b
b10000100010000010011100011 +
b10000100010000010011100011 a
b110000010100 .
#4899000
b100000101010 #
b100000101010 b
b10000100010000010111100011 +
b10000100010000010111100011 a
b110000010101 .
#4900000
b100000101100 #
b100000101100 b
b10000100010000011011100011 +
b10000100010000011011100011 a
b110000010110 .
0*
#4901000
b100000101110 #
b100000101110 b
b10000100010000011111100011 +
b10000100010000011111100011 a
b110000010111 .
#4902000
b100000110000 #
b100000110000 b
b10000100010000100011100011 +
b10000100010000100011100011 a
b110000011000 .
#4903000
b100000110010 #
b100000110010 b
b10000100010000100111100011 +
b10000100010000100111100011 a
b110000011001 .
#4904000
b100000110100 #
b100000110100 b
b10000100010000101011100011 +
b10000100010000101011100011 a
b110000011010 .
#4905000
b100000110110 #
b100000110110 b
b10000100010000101111100011 +
b10000100010000101111100011 a
b110000011011 .
1*
#4906000
b100000111000 #
b100000111000 b
b10000100010000110011100011 +
b10000100010000110011100011 a
b110000011100 .
#4907000
b100000111010 #
b100000111010 b
b10000100010000110111100011 +
b10000100010000110111100011 a
b110000011101 .
#4908000
b100000111100 #
b100000111100 b
b10000100010000111011100011 +
b10000100010000111011100011 a
b110000011110 .
#4909000
b100000111110 #
b100000111110 b
b10000100010000111111100011 +
b10000100010000111111100011 a
b110000011111 .
#4910000
b100001000000 #
b100001000000 b
b100000100010000000011100011 +
b100000100010000000011100011 a
b110000100000 .
0*
#4911000
b100001000010 #
b100001000010 b
b100000100010000000111100011 +
b100000100010000000111100011 a
b110000100001 .
#4912000
b100001000100 #
b100001000100 b
b100000100010000001011100011 +
b100000100010000001011100011 a
b110000100010 .
#4913000
b100001000110 #
b100001000110 b
b100000100010000001111100011 +
b100000100010000001111100011 a
b110000100011 .
#4914000
b100001001000 #
b100001001000 b
b100000100010000010011100011 +
b100000100010000010011100011 a
b110000100100 .
#4915000
b100001001010 #
b100001001010 b
b100000100010000010111100011 +
b100000100010000010111100011 a
b110000100101 .
1*
#4916000
b100001001100 #
b100001001100 b
b100000100010000011011100011 +
b100000100010000011011100011 a
b110000100110 .
#4917000
b100001001110 #
b100001001110 b
b100000100010000011111100011 +
b100000100010000011111100011 a
b110000100111 .
#4918000
b100001010000 #
b100001010000 b
b100000100010000100011100011 +
b100000100010000100011100011 a
b110000101000 .
#4919000
b100001010010 #
b100001010010 b
b100000100010000100111100011 +
b100000100010000100111100011 a
b110000101001 .
#4920000
b100001010100 #
b100001010100 b
b100000100010000101011100011 +
b100000100010000101011100011 a
b110000101010 .
0*
#4921000
b100001010110 #
b100001010110 b
b100000100010000101111100011 +
b100000100010000101111100011 a
b110000101011 .
#4922000
b100001011000 #
b100001011000 b
b100000100010000110011100011 +
b100000100010000110011100011 a
b110000101100 .
#4923000
b100001011010 #
b100001011010 b
b100000100010000110111100011 +
b100000100010000110111100011 a
b110000101101 .
#4924000
b100001011100 #
b100001011100 b
b100000100010000111011100011 +
b100000100010000111011100011 a
b110000101110 .
#4925000
b100001011110 #
b100001011110 b
b100000100010000111111100011 +
b100000100010000111111100011 a
b110000101111 .
1*
#4926000
b100001100000 #
b100001100000 b
b110000100010000000011100011 +
b110000100010000000011100011 a
b110000110000 .
#4927000
b100001100010 #
b100001100010 b
b110000100010000000111100011 +
b110000100010000000111100011 a
b110000110001 .
#4928000
b100001100100 #
b100001100100 b
b110000100010000001011100011 +
b110000100010000001011100011 a
b110000110010 .
#4929000
b100001100110 #
b100001100110 b
b110000100010000001111100011 +
b110000100010000001111100011 a
b110000110011 .
#4930000
b100001101000 #
b100001101000 b
b110000100010000010011100011 +
b110000100010000010011100011 a
b110000110100 .
0*
#4931000
b100001101010 #
b100001101010 b
b110000100010000010111100011 +
b110000100010000010111100011 a
b110000110101 .
#4932000
b100001101100 #
b100001101100 b
b110000100010000011011100011 +
b110000100010000011011100011 a
b110000110110 .
#4933000
b100001101110 #
b100001101110 b
b110000100010000011111100011 +
b110000100010000011111100011 a
b110000110111 .
#4934000
b100001110000 #
b100001110000 b
b110000100010000100011100011 +
b110000100010000100011100011 a
b110000111000 .
#4935000
b100001110010 #
b100001110010 b
b110000100010000100111100011 +
b110000100010000100111100011 a
b110000111001 .
1*
#4936000
b100001110100 #
b100001110100 b
b110000100010000101011100011 +
b110000100010000101011100011 a
b110000111010 .
#4937000
b100001110110 #
b100001110110 b
b110000100010000101111100011 +
b110000100010000101111100011 a
b110000111011 .
#4938000
b100001111000 #
b100001111000 b
b110000100010000110011100011 +
b110000100010000110011100011 a
b110000111100 .
#4939000
b100001111010 #
b100001111010 b
b110000100010000110111100011 +
b110000100010000110111100011 a
b110000111101 .
#4940000
b100001111100 #
b100001111100 b
b110000100010000111011100011 +
b110000100010000111011100011 a
b110000111110 .
0*
#4941000
b100001111110 #
b100001111110 b
b110000100010000111111100011 +
b110000100010000111111100011 a
b110000111111 .
#4942000
b100010000000 #
b100010000000 b
b1000000100010000000011100011 +
b1000000100010000000011100011 a
b110001000000 .
#4943000
b100010000010 #
b100010000010 b
b1000000100010000000111100011 +
b1000000100010000000111100011 a
b110001000001 .
#4944000
b100010000100 #
b100010000100 b
b1000000100010000001011100011 +
b1000000100010000001011100011 a
b110001000010 .
#4945000
b100010000110 #
b100010000110 b
b1000000100010000001111100011 +
b1000000100010000001111100011 a
b110001000011 .
1*
#4946000
b100010001000 #
b100010001000 b
b1000000100010000010011100011 +
b1000000100010000010011100011 a
b110001000100 .
#4947000
b100010001010 #
b100010001010 b
b1000000100010000010111100011 +
b1000000100010000010111100011 a
b110001000101 .
#4948000
b100010001100 #
b100010001100 b
b1000000100010000011011100011 +
b1000000100010000011011100011 a
b110001000110 .
#4949000
b100010001110 #
b100010001110 b
b1000000100010000011111100011 +
b1000000100010000011111100011 a
b110001000111 .
#4950000
b100010010000 #
b100010010000 b
b1000000100010000100011100011 +
b1000000100010000100011100011 a
b110001001000 .
0*
#4951000
b100010010010 #
b100010010010 b
b1000000100010000100111100011 +
b1000000100010000100111100011 a
b110001001001 .
#4952000
b100010010100 #
b100010010100 b
b1000000100010000101011100011 +
b1000000100010000101011100011 a
b110001001010 .
#4953000
b100010010110 #
b100010010110 b
b1000000100010000101111100011 +
b1000000100010000101111100011 a
b110001001011 .
#4954000
b100010011000 #
b100010011000 b
b1000000100010000110011100011 +
b1000000100010000110011100011 a
b110001001100 .
#4955000
b100010011010 #
b100010011010 b
b1000000100010000110111100011 +
b1000000100010000110111100011 a
b110001001101 .
1*
#4956000
b100010011100 #
b100010011100 b
b1000000100010000111011100011 +
b1000000100010000111011100011 a
b110001001110 .
#4957000
b100010011110 #
b100010011110 b
b1000000100010000111111100011 +
b1000000100010000111111100011 a
b110001001111 .
#4958000
b100010100000 #
b100010100000 b
b1010000100010000000011100011 +
b1010000100010000000011100011 a
b110001010000 .
#4959000
b100010100010 #
b100010100010 b
b1010000100010000000111100011 +
b1010000100010000000111100011 a
b110001010001 .
#4960000
b100010100100 #
b100010100100 b
b1010000100010000001011100011 +
b1010000100010000001011100011 a
b110001010010 .
0*
#4961000
b100010100110 #
b100010100110 b
b1010000100010000001111100011 +
b1010000100010000001111100011 a
b110001010011 .
#4962000
b100010101000 #
b100010101000 b
b1010000100010000010011100011 +
b1010000100010000010011100011 a
b110001010100 .
#4963000
b100010101010 #
b100010101010 b
b1010000100010000010111100011 +
b1010000100010000010111100011 a
b110001010101 .
#4964000
b100010101100 #
b100010101100 b
b1010000100010000011011100011 +
b1010000100010000011011100011 a
b110001010110 .
#4965000
b100010101110 #
b100010101110 b
b1010000100010000011111100011 +
b1010000100010000011111100011 a
b110001010111 .
1*
#4966000
b100010110000 #
b100010110000 b
b1010000100010000100011100011 +
b1010000100010000100011100011 a
b110001011000 .
#4967000
b100010110010 #
b100010110010 b
b1010000100010000100111100011 +
b1010000100010000100111100011 a
b110001011001 .
#4968000
b100010110100 #
b100010110100 b
b1010000100010000101011100011 +
b1010000100010000101011100011 a
b110001011010 .
#4969000
b100010110110 #
b100010110110 b
b1010000100010000101111100011 +
b1010000100010000101111100011 a
b110001011011 .
#4970000
b100010111000 #
b100010111000 b
b1010000100010000110011100011 +
b1010000100010000110011100011 a
b110001011100 .
0*
#4971000
b100010111010 #
b100010111010 b
b1010000100010000110111100011 +
b1010000100010000110111100011 a
b110001011101 .
#4972000
b100010111100 #
b100010111100 b
b1010000100010000111011100011 +
b1010000100010000111011100011 a
b110001011110 .
#4973000
b100010111110 #
b100010111110 b
b1010000100010000111111100011 +
b1010000100010000111111100011 a
b110001011111 .
#4974000
b100011000000 #
b100011000000 b
b1100000100010000000011100011 +
b1100000100010000000011100011 a
b110001100000 .
#4975000
b100011000010 #
b100011000010 b
b1100000100010000000111100011 +
b1100000100010000000111100011 a
b110001100001 .
1*
#4976000
b100011000100 #
b100011000100 b
b1100000100010000001011100011 +
b1100000100010000001011100011 a
b110001100010 .
#4977000
b100011000110 #
b100011000110 b
b1100000100010000001111100011 +
b1100000100010000001111100011 a
b110001100011 .
#4978000
b100011001000 #
b100011001000 b
b1100000100010000010011100011 +
b1100000100010000010011100011 a
b110001100100 .
#4979000
b100011001010 #
b100011001010 b
b1100000100010000010111100011 +
b1100000100010000010111100011 a
b110001100101 .
#4980000
b100011001100 #
b100011001100 b
b1100000100010000011011100011 +
b1100000100010000011011100011 a
b110001100110 .
0*
#4981000
b100011001110 #
b100011001110 b
b1100000100010000011111100011 +
b1100000100010000011111100011 a
b110001100111 .
#4982000
b100011010000 #
b100011010000 b
b1100000100010000100011100011 +
b1100000100010000100011100011 a
b110001101000 .
#4983000
b100011010010 #
b100011010010 b
b1100000100010000100111100011 +
b1100000100010000100111100011 a
b110001101001 .
#4984000
b100011010100 #
b100011010100 b
b1100000100010000101011100011 +
b1100000100010000101011100011 a
b110001101010 .
#4985000
b100011010110 #
b100011010110 b
b1100000100010000101111100011 +
b1100000100010000101111100011 a
b110001101011 .
1*
#4986000
b100011011000 #
b100011011000 b
b1100000100010000110011100011 +
b1100000100010000110011100011 a
b110001101100 .
#4987000
b100011011010 #
b100011011010 b
b1100000100010000110111100011 +
b1100000100010000110111100011 a
b110001101101 .
#4988000
b100011011100 #
b100011011100 b
b1100000100010000111011100011 +
b1100000100010000111011100011 a
b110001101110 .
#4989000
b100011011110 #
b100011011110 b
b1100000100010000111111100011 +
b1100000100010000111111100011 a
b110001101111 .
#4990000
b100011100000 #
b100011100000 b
b1110000100010000000011100011 +
b1110000100010000000011100011 a
b110001110000 .
0*
#4991000
b100011100010 #
b100011100010 b
b1110000100010000000111100011 +
b1110000100010000000111100011 a
b110001110001 .
#4992000
b100011100100 #
b100011100100 b
b1110000100010000001011100011 +
b1110000100010000001011100011 a
b110001110010 .
#4993000
b100011100110 #
b100011100110 b
b1110000100010000001111100011 +
b1110000100010000001111100011 a
b110001110011 .
#4994000
b100011101000 #
b100011101000 b
b1110000100010000010011100011 +
b1110000100010000010011100011 a
b110001110100 .
#4995000
b100011101010 #
b100011101010 b
b1110000100010000010111100011 +
b1110000100010000010111100011 a
b110001110101 .
1*
#4996000
b100011101100 #
b100011101100 b
b1110000100010000011011100011 +
b1110000100010000011011100011 a
b110001110110 .
#4997000
b100011101110 #
b100011101110 b
b1110000100010000011111100011 +
b1110000100010000011111100011 a
b110001110111 .
#4998000
b100011110000 #
b100011110000 b
b1110000100010000100011100011 +
b1110000100010000100011100011 a
b110001111000 .
#4999000
b100011110010 #
b100011110010 b
b1110000100010000100111100011 +
b1110000100010000100111100011 a
b110001111001 .
#5000000
b100011110100 #
b100011110100 b
b1110000100010000101011100011 +
b1110000100010000101011100011 a
b110001111010 .
0*
#5001000
b100011110110 #
b100011110110 b
b1110000100010000101111100011 +
b1110000100010000101111100011 a
b110001111011 .
#5002000
b100011111000 #
b100011111000 b
b1110000100010000110011100011 +
b1110000100010000110011100011 a
b110001111100 .
#5003000
b100011111010 #
b100011111010 b
b1110000100010000110111100011 +
b1110000100010000110111100011 a
b110001111101 .
#5004000
b100011111100 #
b100011111100 b
b1110000100010000111011100011 +
b1110000100010000111011100011 a
b110001111110 .
#5005000
b100011111110 #
b100011111110 b
b1110000100010000111111100011 +
b1110000100010000111111100011 a
b110001111111 .
1*
#5006000
b100100000000 #
b100100000000 b
b10000000100010000000011100011 +
b10000000100010000000011100011 a
b110010000000 .
#5007000
b100100000010 #
b100100000010 b
b10000000100010000000111100011 +
b10000000100010000000111100011 a
b110010000001 .
#5008000
b100100000100 #
b100100000100 b
b10000000100010000001011100011 +
b10000000100010000001011100011 a
b110010000010 .
#5009000
b100100000110 #
b100100000110 b
b10000000100010000001111100011 +
b10000000100010000001111100011 a
b110010000011 .
#5010000
b100100001000 #
b100100001000 b
b10000000100010000010011100011 +
b10000000100010000010011100011 a
b110010000100 .
0*
#5011000
b100100001010 #
b100100001010 b
b10000000100010000010111100011 +
b10000000100010000010111100011 a
b110010000101 .
#5012000
b100100001100 #
b100100001100 b
b10000000100010000011011100011 +
b10000000100010000011011100011 a
b110010000110 .
#5013000
b100100001110 #
b100100001110 b
b10000000100010000011111100011 +
b10000000100010000011111100011 a
b110010000111 .
#5014000
b100100010000 #
b100100010000 b
b10000000100010000100011100011 +
b10000000100010000100011100011 a
b110010001000 .
#5015000
b100100010010 #
b100100010010 b
b10000000100010000100111100011 +
b10000000100010000100111100011 a
b110010001001 .
1*
#5016000
b100100010100 #
b100100010100 b
b10000000100010000101011100011 +
b10000000100010000101011100011 a
b110010001010 .
#5017000
b100100010110 #
b100100010110 b
b10000000100010000101111100011 +
b10000000100010000101111100011 a
b110010001011 .
#5018000
b100100011000 #
b100100011000 b
b10000000100010000110011100011 +
b10000000100010000110011100011 a
b110010001100 .
#5019000
b100100011010 #
b100100011010 b
b10000000100010000110111100011 +
b10000000100010000110111100011 a
b110010001101 .
#5020000
b100100011100 #
b100100011100 b
b10000000100010000111011100011 +
b10000000100010000111011100011 a
b110010001110 .
0*
#5021000
b100100011110 #
b100100011110 b
b10000000100010000111111100011 +
b10000000100010000111111100011 a
b110010001111 .
#5022000
b100100100000 #
b100100100000 b
b10010000100010000000011100011 +
b10010000100010000000011100011 a
b110010010000 .
#5023000
b100100100010 #
b100100100010 b
b10010000100010000000111100011 +
b10010000100010000000111100011 a
b110010010001 .
#5024000
b100100100100 #
b100100100100 b
b10010000100010000001011100011 +
b10010000100010000001011100011 a
b110010010010 .
#5025000
b100100100110 #
b100100100110 b
b10010000100010000001111100011 +
b10010000100010000001111100011 a
b110010010011 .
1*
#5026000
b100100101000 #
b100100101000 b
b10010000100010000010011100011 +
b10010000100010000010011100011 a
b110010010100 .
#5027000
b100100101010 #
b100100101010 b
b10010000100010000010111100011 +
b10010000100010000010111100011 a
b110010010101 .
#5028000
b100100101100 #
b100100101100 b
b10010000100010000011011100011 +
b10010000100010000011011100011 a
b110010010110 .
#5029000
b100100101110 #
b100100101110 b
b10010000100010000011111100011 +
b10010000100010000011111100011 a
b110010010111 .
#5030000
b100100110000 #
b100100110000 b
b10010000100010000100011100011 +
b10010000100010000100011100011 a
b110010011000 .
0*
#5031000
b100100110010 #
b100100110010 b
b10010000100010000100111100011 +
b10010000100010000100111100011 a
b110010011001 .
#5032000
b100100110100 #
b100100110100 b
b10010000100010000101011100011 +
b10010000100010000101011100011 a
b110010011010 .
#5033000
b100100110110 #
b100100110110 b
b10010000100010000101111100011 +
b10010000100010000101111100011 a
b110010011011 .
#5034000
b100100111000 #
b100100111000 b
b10010000100010000110011100011 +
b10010000100010000110011100011 a
b110010011100 .
#5035000
b100100111010 #
b100100111010 b
b10010000100010000110111100011 +
b10010000100010000110111100011 a
b110010011101 .
1*
#5036000
b100100111100 #
b100100111100 b
b10010000100010000111011100011 +
b10010000100010000111011100011 a
b110010011110 .
#5037000
b100100111110 #
b100100111110 b
b10010000100010000111111100011 +
b10010000100010000111111100011 a
b110010011111 .
#5038000
b100101000000 #
b100101000000 b
b10100000100010000000011100011 +
b10100000100010000000011100011 a
b110010100000 .
#5039000
b100101000010 #
b100101000010 b
b10100000100010000000111100011 +
b10100000100010000000111100011 a
b110010100001 .
#5040000
b100101000100 #
b100101000100 b
b10100000100010000001011100011 +
b10100000100010000001011100011 a
b110010100010 .
0*
#5041000
b100101000110 #
b100101000110 b
b10100000100010000001111100011 +
b10100000100010000001111100011 a
b110010100011 .
#5042000
b100101001000 #
b100101001000 b
b10100000100010000010011100011 +
b10100000100010000010011100011 a
b110010100100 .
#5043000
b100101001010 #
b100101001010 b
b10100000100010000010111100011 +
b10100000100010000010111100011 a
b110010100101 .
#5044000
b100101001100 #
b100101001100 b
b10100000100010000011011100011 +
b10100000100010000011011100011 a
b110010100110 .
#5045000
b100101001110 #
b100101001110 b
b10100000100010000011111100011 +
b10100000100010000011111100011 a
b110010100111 .
1*
#5046000
b100101010000 #
b100101010000 b
b10100000100010000100011100011 +
b10100000100010000100011100011 a
b110010101000 .
#5047000
b100101010010 #
b100101010010 b
b10100000100010000100111100011 +
b10100000100010000100111100011 a
b110010101001 .
#5048000
b100101010100 #
b100101010100 b
b10100000100010000101011100011 +
b10100000100010000101011100011 a
b110010101010 .
#5049000
b100101010110 #
b100101010110 b
b10100000100010000101111100011 +
b10100000100010000101111100011 a
b110010101011 .
#5050000
b100101011000 #
b100101011000 b
b10100000100010000110011100011 +
b10100000100010000110011100011 a
b110010101100 .
0*
#5051000
b100101011010 #
b100101011010 b
b10100000100010000110111100011 +
b10100000100010000110111100011 a
b110010101101 .
#5052000
b100101011100 #
b100101011100 b
b10100000100010000111011100011 +
b10100000100010000111011100011 a
b110010101110 .
#5053000
b100101011110 #
b100101011110 b
b10100000100010000111111100011 +
b10100000100010000111111100011 a
b110010101111 .
#5054000
b100101100000 #
b100101100000 b
b10110000100010000000011100011 +
b10110000100010000000011100011 a
b110010110000 .
#5055000
b100101100010 #
b100101100010 b
b10110000100010000000111100011 +
b10110000100010000000111100011 a
b110010110001 .
1*
#5056000
b100101100100 #
b100101100100 b
b10110000100010000001011100011 +
b10110000100010000001011100011 a
b110010110010 .
#5057000
b100101100110 #
b100101100110 b
b10110000100010000001111100011 +
b10110000100010000001111100011 a
b110010110011 .
#5058000
b100101101000 #
b100101101000 b
b10110000100010000010011100011 +
b10110000100010000010011100011 a
b110010110100 .
#5059000
b100101101010 #
b100101101010 b
b10110000100010000010111100011 +
b10110000100010000010111100011 a
b110010110101 .
#5060000
b100101101100 #
b100101101100 b
b10110000100010000011011100011 +
b10110000100010000011011100011 a
b110010110110 .
0*
#5061000
b100101101110 #
b100101101110 b
b10110000100010000011111100011 +
b10110000100010000011111100011 a
b110010110111 .
#5062000
b100101110000 #
b100101110000 b
b10110000100010000100011100011 +
b10110000100010000100011100011 a
b110010111000 .
#5063000
b100101110010 #
b100101110010 b
b10110000100010000100111100011 +
b10110000100010000100111100011 a
b110010111001 .
#5064000
b100101110100 #
b100101110100 b
b10110000100010000101011100011 +
b10110000100010000101011100011 a
b110010111010 .
#5065000
b100101110110 #
b100101110110 b
b10110000100010000101111100011 +
b10110000100010000101111100011 a
b110010111011 .
1*
#5066000
b100101111000 #
b100101111000 b
b10110000100010000110011100011 +
b10110000100010000110011100011 a
b110010111100 .
#5067000
b100101111010 #
b100101111010 b
b10110000100010000110111100011 +
b10110000100010000110111100011 a
b110010111101 .
#5068000
b100101111100 #
b100101111100 b
b10110000100010000111011100011 +
b10110000100010000111011100011 a
b110010111110 .
#5069000
b100101111110 #
b100101111110 b
b10110000100010000111111100011 +
b10110000100010000111111100011 a
b110010111111 .
#5070000
b100110000000 #
b100110000000 b
b11000000100010000000011100011 +
b11000000100010000000011100011 a
b110011000000 .
0*
#5071000
b100110000010 #
b100110000010 b
b11000000100010000000111100011 +
b11000000100010000000111100011 a
b110011000001 .
#5072000
b100110000100 #
b100110000100 b
b11000000100010000001011100011 +
b11000000100010000001011100011 a
b110011000010 .
#5073000
b100110000110 #
b100110000110 b
b11000000100010000001111100011 +
b11000000100010000001111100011 a
b110011000011 .
#5074000
b100110001000 #
b100110001000 b
b11000000100010000010011100011 +
b11000000100010000010011100011 a
b110011000100 .
#5075000
b100110001010 #
b100110001010 b
b11000000100010000010111100011 +
b11000000100010000010111100011 a
b110011000101 .
1*
#5076000
b100110001100 #
b100110001100 b
b11000000100010000011011100011 +
b11000000100010000011011100011 a
b110011000110 .
#5077000
b100110001110 #
b100110001110 b
b11000000100010000011111100011 +
b11000000100010000011111100011 a
b110011000111 .
#5078000
b100110010000 #
b100110010000 b
b11000000100010000100011100011 +
b11000000100010000100011100011 a
b110011001000 .
#5079000
b100110010010 #
b100110010010 b
b11000000100010000100111100011 +
b11000000100010000100111100011 a
b110011001001 .
#5080000
b100110010100 #
b100110010100 b
b11000000100010000101011100011 +
b11000000100010000101011100011 a
b110011001010 .
0*
#5081000
b100110010110 #
b100110010110 b
b11000000100010000101111100011 +
b11000000100010000101111100011 a
b110011001011 .
#5082000
b100110011000 #
b100110011000 b
b11000000100010000110011100011 +
b11000000100010000110011100011 a
b110011001100 .
#5083000
b100110011010 #
b100110011010 b
b11000000100010000110111100011 +
b11000000100010000110111100011 a
b110011001101 .
#5084000
b100110011100 #
b100110011100 b
b11000000100010000111011100011 +
b11000000100010000111011100011 a
b110011001110 .
#5085000
b100110011110 #
b100110011110 b
b11000000100010000111111100011 +
b11000000100010000111111100011 a
b110011001111 .
1*
#5086000
b100110100000 #
b100110100000 b
b11010000100010000000011100011 +
b11010000100010000000011100011 a
b110011010000 .
#5087000
b100110100010 #
b100110100010 b
b11010000100010000000111100011 +
b11010000100010000000111100011 a
b110011010001 .
#5088000
b100110100100 #
b100110100100 b
b11010000100010000001011100011 +
b11010000100010000001011100011 a
b110011010010 .
#5089000
b100110100110 #
b100110100110 b
b11010000100010000001111100011 +
b11010000100010000001111100011 a
b110011010011 .
#5090000
b100110101000 #
b100110101000 b
b11010000100010000010011100011 +
b11010000100010000010011100011 a
b110011010100 .
0*
#5091000
b100110101010 #
b100110101010 b
b11010000100010000010111100011 +
b11010000100010000010111100011 a
b110011010101 .
#5092000
b100110101100 #
b100110101100 b
b11010000100010000011011100011 +
b11010000100010000011011100011 a
b110011010110 .
#5093000
b100110101110 #
b100110101110 b
b11010000100010000011111100011 +
b11010000100010000011111100011 a
b110011010111 .
#5094000
b100110110000 #
b100110110000 b
b11010000100010000100011100011 +
b11010000100010000100011100011 a
b110011011000 .
#5095000
b100110110010 #
b100110110010 b
b11010000100010000100111100011 +
b11010000100010000100111100011 a
b110011011001 .
1*
#5096000
b100110110100 #
b100110110100 b
b11010000100010000101011100011 +
b11010000100010000101011100011 a
b110011011010 .
#5097000
b100110110110 #
b100110110110 b
b11010000100010000101111100011 +
b11010000100010000101111100011 a
b110011011011 .
#5098000
b100110111000 #
b100110111000 b
b11010000100010000110011100011 +
b11010000100010000110011100011 a
b110011011100 .
#5099000
b100110111010 #
b100110111010 b
b11010000100010000110111100011 +
b11010000100010000110111100011 a
b110011011101 .
#5100000
b100110111100 #
b100110111100 b
b11010000100010000111011100011 +
b11010000100010000111011100011 a
b110011011110 .
0*
#5101000
b100110111110 #
b100110111110 b
b11010000100010000111111100011 +
b11010000100010000111111100011 a
b110011011111 .
#5102000
b100111000000 #
b100111000000 b
b11100000100010000000011100011 +
b11100000100010000000011100011 a
b110011100000 .
#5103000
b100111000010 #
b100111000010 b
b11100000100010000000111100011 +
b11100000100010000000111100011 a
b110011100001 .
#5104000
b100111000100 #
b100111000100 b
b11100000100010000001011100011 +
b11100000100010000001011100011 a
b110011100010 .
#5105000
b100111000110 #
b100111000110 b
b11100000100010000001111100011 +
b11100000100010000001111100011 a
b110011100011 .
1*
#5106000
b100111001000 #
b100111001000 b
b11100000100010000010011100011 +
b11100000100010000010011100011 a
b110011100100 .
#5107000
b100111001010 #
b100111001010 b
b11100000100010000010111100011 +
b11100000100010000010111100011 a
b110011100101 .
#5108000
b100111001100 #
b100111001100 b
b11100000100010000011011100011 +
b11100000100010000011011100011 a
b110011100110 .
#5109000
b100111001110 #
b100111001110 b
b11100000100010000011111100011 +
b11100000100010000011111100011 a
b110011100111 .
#5110000
b100111010000 #
b100111010000 b
b11100000100010000100011100011 +
b11100000100010000100011100011 a
b110011101000 .
0*
#5111000
b100111010010 #
b100111010010 b
b11100000100010000100111100011 +
b11100000100010000100111100011 a
b110011101001 .
#5112000
b100111010100 #
b100111010100 b
b11100000100010000101011100011 +
b11100000100010000101011100011 a
b110011101010 .
#5113000
b100111010110 #
b100111010110 b
b11100000100010000101111100011 +
b11100000100010000101111100011 a
b110011101011 .
#5114000
b100111011000 #
b100111011000 b
b11100000100010000110011100011 +
b11100000100010000110011100011 a
b110011101100 .
#5115000
b100111011010 #
b100111011010 b
b11100000100010000110111100011 +
b11100000100010000110111100011 a
b110011101101 .
1*
#5116000
b100111011100 #
b100111011100 b
b11100000100010000111011100011 +
b11100000100010000111011100011 a
b110011101110 .
#5117000
b100111011110 #
b100111011110 b
b11100000100010000111111100011 +
b11100000100010000111111100011 a
b110011101111 .
#5118000
b100111100000 #
b100111100000 b
b11110000100010000000011100011 +
b11110000100010000000011100011 a
b110011110000 .
#5119000
b100111100010 #
b100111100010 b
b11110000100010000000111100011 +
b11110000100010000000111100011 a
b110011110001 .
#5120000
b100111100100 #
b100111100100 b
b11110000100010000001011100011 +
b11110000100010000001011100011 a
b110011110010 .
0*
#5121000
b100111100110 #
b100111100110 b
b11110000100010000001111100011 +
b11110000100010000001111100011 a
b110011110011 .
#5122000
b100111101000 #
b100111101000 b
b11110000100010000010011100011 +
b11110000100010000010011100011 a
b110011110100 .
#5123000
b100111101010 #
b100111101010 b
b11110000100010000010111100011 +
b11110000100010000010111100011 a
b110011110101 .
#5124000
b100111101100 #
b100111101100 b
b11110000100010000011011100011 +
b11110000100010000011011100011 a
b110011110110 .
#5125000
b100111101110 #
b100111101110 b
b11110000100010000011111100011 +
b11110000100010000011111100011 a
b110011110111 .
1*
#5126000
b100111110000 #
b100111110000 b
b11110000100010000100011100011 +
b11110000100010000100011100011 a
b110011111000 .
#5127000
b100111110010 #
b100111110010 b
b11110000100010000100111100011 +
b11110000100010000100111100011 a
b110011111001 .
#5128000
b100111110100 #
b100111110100 b
b11110000100010000101011100011 +
b11110000100010000101011100011 a
b110011111010 .
#5129000
b100111110110 #
b100111110110 b
b11110000100010000101111100011 +
b11110000100010000101111100011 a
b110011111011 .
#5130000
b100111111000 #
b100111111000 b
b11110000100010000110011100011 +
b11110000100010000110011100011 a
b110011111100 .
0*
#5131000
b100111111010 #
b100111111010 b
b11110000100010000110111100011 +
b11110000100010000110111100011 a
b110011111101 .
#5132000
b100111111100 #
b100111111100 b
b11110000100010000111011100011 +
b11110000100010000111011100011 a
b110011111110 .
#5133000
b100111111110 #
b100111111110 b
b11110000100010000111111100011 +
b11110000100010000111111100011 a
b110011111111 .
#5134000
b101000000000 #
b101000000000 b
b100000000100010000000011100011 +
b100000000100010000000011100011 a
b110100000000 .
#5135000
b101000000010 #
b101000000010 b
b100000000100010000000111100011 +
b100000000100010000000111100011 a
b110100000001 .
1*
#5136000
b101000000100 #
b101000000100 b
b100000000100010000001011100011 +
b100000000100010000001011100011 a
b110100000010 .
#5137000
b101000000110 #
b101000000110 b
b100000000100010000001111100011 +
b100000000100010000001111100011 a
b110100000011 .
#5138000
b101000001000 #
b101000001000 b
b100000000100010000010011100011 +
b100000000100010000010011100011 a
b110100000100 .
#5139000
b101000001010 #
b101000001010 b
b100000000100010000010111100011 +
b100000000100010000010111100011 a
b110100000101 .
#5140000
b101000001100 #
b101000001100 b
b100000000100010000011011100011 +
b100000000100010000011011100011 a
b110100000110 .
0*
#5141000
b101000001110 #
b101000001110 b
b100000000100010000011111100011 +
b100000000100010000011111100011 a
b110100000111 .
#5142000
b101000010000 #
b101000010000 b
b100000000100010000100011100011 +
b100000000100010000100011100011 a
b110100001000 .
#5143000
b101000010010 #
b101000010010 b
b100000000100010000100111100011 +
b100000000100010000100111100011 a
b110100001001 .
#5144000
b101000010100 #
b101000010100 b
b100000000100010000101011100011 +
b100000000100010000101011100011 a
b110100001010 .
#5145000
b101000010110 #
b101000010110 b
b100000000100010000101111100011 +
b100000000100010000101111100011 a
b110100001011 .
1*
#5146000
b101000011000 #
b101000011000 b
b100000000100010000110011100011 +
b100000000100010000110011100011 a
b110100001100 .
#5147000
b101000011010 #
b101000011010 b
b100000000100010000110111100011 +
b100000000100010000110111100011 a
b110100001101 .
#5148000
b101000011100 #
b101000011100 b
b100000000100010000111011100011 +
b100000000100010000111011100011 a
b110100001110 .
#5149000
b101000011110 #
b101000011110 b
b100000000100010000111111100011 +
b100000000100010000111111100011 a
b110100001111 .
#5150000
b101000100000 #
b101000100000 b
b100010000100010000000011100011 +
b100010000100010000000011100011 a
b110100010000 .
0*
#5151000
b101000100010 #
b101000100010 b
b100010000100010000000111100011 +
b100010000100010000000111100011 a
b110100010001 .
#5152000
b101000100100 #
b101000100100 b
b100010000100010000001011100011 +
b100010000100010000001011100011 a
b110100010010 .
#5153000
b101000100110 #
b101000100110 b
b100010000100010000001111100011 +
b100010000100010000001111100011 a
b110100010011 .
#5154000
b101000101000 #
b101000101000 b
b100010000100010000010011100011 +
b100010000100010000010011100011 a
b110100010100 .
#5155000
b101000101010 #
b101000101010 b
b100010000100010000010111100011 +
b100010000100010000010111100011 a
b110100010101 .
1*
#5156000
b101000101100 #
b101000101100 b
b100010000100010000011011100011 +
b100010000100010000011011100011 a
b110100010110 .
#5157000
b101000101110 #
b101000101110 b
b100010000100010000011111100011 +
b100010000100010000011111100011 a
b110100010111 .
#5158000
b101000110000 #
b101000110000 b
b100010000100010000100011100011 +
b100010000100010000100011100011 a
b110100011000 .
#5159000
b101000110010 #
b101000110010 b
b100010000100010000100111100011 +
b100010000100010000100111100011 a
b110100011001 .
#5160000
b101000110100 #
b101000110100 b
b100010000100010000101011100011 +
b100010000100010000101011100011 a
b110100011010 .
0*
#5161000
b101000110110 #
b101000110110 b
b100010000100010000101111100011 +
b100010000100010000101111100011 a
b110100011011 .
#5162000
b101000111000 #
b101000111000 b
b100010000100010000110011100011 +
b100010000100010000110011100011 a
b110100011100 .
#5163000
b101000111010 #
b101000111010 b
b100010000100010000110111100011 +
b100010000100010000110111100011 a
b110100011101 .
#5164000
b101000111100 #
b101000111100 b
b100010000100010000111011100011 +
b100010000100010000111011100011 a
b110100011110 .
#5165000
b101000111110 #
b101000111110 b
b100010000100010000111111100011 +
b100010000100010000111111100011 a
b110100011111 .
1*
#5166000
b101001000000 #
b101001000000 b
b100100000100010000000011100011 +
b100100000100010000000011100011 a
b110100100000 .
#5167000
b101001000010 #
b101001000010 b
b100100000100010000000111100011 +
b100100000100010000000111100011 a
b110100100001 .
#5168000
b101001000100 #
b101001000100 b
b100100000100010000001011100011 +
b100100000100010000001011100011 a
b110100100010 .
#5169000
b101001000110 #
b101001000110 b
b100100000100010000001111100011 +
b100100000100010000001111100011 a
b110100100011 .
#5170000
b101001001000 #
b101001001000 b
b100100000100010000010011100011 +
b100100000100010000010011100011 a
b110100100100 .
0*
#5171000
b101001001010 #
b101001001010 b
b100100000100010000010111100011 +
b100100000100010000010111100011 a
b110100100101 .
#5172000
b101001001100 #
b101001001100 b
b100100000100010000011011100011 +
b100100000100010000011011100011 a
b110100100110 .
#5173000
b101001001110 #
b101001001110 b
b100100000100010000011111100011 +
b100100000100010000011111100011 a
b110100100111 .
#5174000
b101001010000 #
b101001010000 b
b100100000100010000100011100011 +
b100100000100010000100011100011 a
b110100101000 .
#5175000
b101001010010 #
b101001010010 b
b100100000100010000100111100011 +
b100100000100010000100111100011 a
b110100101001 .
1*
#5176000
b101001010100 #
b101001010100 b
b100100000100010000101011100011 +
b100100000100010000101011100011 a
b110100101010 .
#5177000
b101001010110 #
b101001010110 b
b100100000100010000101111100011 +
b100100000100010000101111100011 a
b110100101011 .
#5178000
b101001011000 #
b101001011000 b
b100100000100010000110011100011 +
b100100000100010000110011100011 a
b110100101100 .
#5179000
b101001011010 #
b101001011010 b
b100100000100010000110111100011 +
b100100000100010000110111100011 a
b110100101101 .
#5180000
b101001011100 #
b101001011100 b
b100100000100010000111011100011 +
b100100000100010000111011100011 a
b110100101110 .
0*
#5181000
b101001011110 #
b101001011110 b
b100100000100010000111111100011 +
b100100000100010000111111100011 a
b110100101111 .
#5182000
b101001100000 #
b101001100000 b
b100110000100010000000011100011 +
b100110000100010000000011100011 a
b110100110000 .
#5183000
b101001100010 #
b101001100010 b
b100110000100010000000111100011 +
b100110000100010000000111100011 a
b110100110001 .
#5184000
b101001100100 #
b101001100100 b
b100110000100010000001011100011 +
b100110000100010000001011100011 a
b110100110010 .
#5185000
b101001100110 #
b101001100110 b
b100110000100010000001111100011 +
b100110000100010000001111100011 a
b110100110011 .
1*
#5186000
b101001101000 #
b101001101000 b
b100110000100010000010011100011 +
b100110000100010000010011100011 a
b110100110100 .
#5187000
b101001101010 #
b101001101010 b
b100110000100010000010111100011 +
b100110000100010000010111100011 a
b110100110101 .
#5188000
b101001101100 #
b101001101100 b
b100110000100010000011011100011 +
b100110000100010000011011100011 a
b110100110110 .
#5189000
b101001101110 #
b101001101110 b
b100110000100010000011111100011 +
b100110000100010000011111100011 a
b110100110111 .
#5190000
b101001110000 #
b101001110000 b
b100110000100010000100011100011 +
b100110000100010000100011100011 a
b110100111000 .
0*
#5191000
b101001110010 #
b101001110010 b
b100110000100010000100111100011 +
b100110000100010000100111100011 a
b110100111001 .
#5192000
b101001110100 #
b101001110100 b
b100110000100010000101011100011 +
b100110000100010000101011100011 a
b110100111010 .
#5193000
b101001110110 #
b101001110110 b
b100110000100010000101111100011 +
b100110000100010000101111100011 a
b110100111011 .
#5194000
b101001111000 #
b101001111000 b
b100110000100010000110011100011 +
b100110000100010000110011100011 a
b110100111100 .
#5195000
b101001111010 #
b101001111010 b
b100110000100010000110111100011 +
b100110000100010000110111100011 a
b110100111101 .
1*
#5196000
b101001111100 #
b101001111100 b
b100110000100010000111011100011 +
b100110000100010000111011100011 a
b110100111110 .
#5197000
b101001111110 #
b101001111110 b
b100110000100010000111111100011 +
b100110000100010000111111100011 a
b110100111111 .
#5198000
b101010000000 #
b101010000000 b
b101000000100010000000011100011 +
b101000000100010000000011100011 a
b110101000000 .
#5199000
b101010000010 #
b101010000010 b
b101000000100010000000111100011 +
b101000000100010000000111100011 a
b110101000001 .
#5200000
b101010000100 #
b101010000100 b
b101000000100010000001011100011 +
b101000000100010000001011100011 a
b110101000010 .
0*
#5201000
b101010000110 #
b101010000110 b
b101000000100010000001111100011 +
b101000000100010000001111100011 a
b110101000011 .
#5202000
b101010001000 #
b101010001000 b
b101000000100010000010011100011 +
b101000000100010000010011100011 a
b110101000100 .
#5203000
b101010001010 #
b101010001010 b
b101000000100010000010111100011 +
b101000000100010000010111100011 a
b110101000101 .
#5204000
b101010001100 #
b101010001100 b
b101000000100010000011011100011 +
b101000000100010000011011100011 a
b110101000110 .
#5205000
b101010001110 #
b101010001110 b
b101000000100010000011111100011 +
b101000000100010000011111100011 a
b110101000111 .
1*
#5206000
b101010010000 #
b101010010000 b
b101000000100010000100011100011 +
b101000000100010000100011100011 a
b110101001000 .
#5207000
b101010010010 #
b101010010010 b
b101000000100010000100111100011 +
b101000000100010000100111100011 a
b110101001001 .
#5208000
b101010010100 #
b101010010100 b
b101000000100010000101011100011 +
b101000000100010000101011100011 a
b110101001010 .
#5209000
b101010010110 #
b101010010110 b
b101000000100010000101111100011 +
b101000000100010000101111100011 a
b110101001011 .
#5210000
b101010011000 #
b101010011000 b
b101000000100010000110011100011 +
b101000000100010000110011100011 a
b110101001100 .
0*
#5211000
b101010011010 #
b101010011010 b
b101000000100010000110111100011 +
b101000000100010000110111100011 a
b110101001101 .
#5212000
b101010011100 #
b101010011100 b
b101000000100010000111011100011 +
b101000000100010000111011100011 a
b110101001110 .
#5213000
b101010011110 #
b101010011110 b
b101000000100010000111111100011 +
b101000000100010000111111100011 a
b110101001111 .
#5214000
b101010100000 #
b101010100000 b
b101010000100010000000011100011 +
b101010000100010000000011100011 a
b110101010000 .
#5215000
b101010100010 #
b101010100010 b
b101010000100010000000111100011 +
b101010000100010000000111100011 a
b110101010001 .
1*
#5216000
b101010100100 #
b101010100100 b
b101010000100010000001011100011 +
b101010000100010000001011100011 a
b110101010010 .
#5217000
b101010100110 #
b101010100110 b
b101010000100010000001111100011 +
b101010000100010000001111100011 a
b110101010011 .
#5218000
b101010101000 #
b101010101000 b
b101010000100010000010011100011 +
b101010000100010000010011100011 a
b110101010100 .
#5219000
b101010101010 #
b101010101010 b
b101010000100010000010111100011 +
b101010000100010000010111100011 a
b110101010101 .
#5220000
b101010101100 #
b101010101100 b
b101010000100010000011011100011 +
b101010000100010000011011100011 a
b110101010110 .
0*
#5221000
b101010101110 #
b101010101110 b
b101010000100010000011111100011 +
b101010000100010000011111100011 a
b110101010111 .
#5222000
b101010110000 #
b101010110000 b
b101010000100010000100011100011 +
b101010000100010000100011100011 a
b110101011000 .
#5223000
b101010110010 #
b101010110010 b
b101010000100010000100111100011 +
b101010000100010000100111100011 a
b110101011001 .
#5224000
b101010110100 #
b101010110100 b
b101010000100010000101011100011 +
b101010000100010000101011100011 a
b110101011010 .
#5225000
b101010110110 #
b101010110110 b
b101010000100010000101111100011 +
b101010000100010000101111100011 a
b110101011011 .
1*
#5226000
b101010111000 #
b101010111000 b
b101010000100010000110011100011 +
b101010000100010000110011100011 a
b110101011100 .
#5227000
b101010111010 #
b101010111010 b
b101010000100010000110111100011 +
b101010000100010000110111100011 a
b110101011101 .
#5228000
b101010111100 #
b101010111100 b
b101010000100010000111011100011 +
b101010000100010000111011100011 a
b110101011110 .
#5229000
b101010111110 #
b101010111110 b
b101010000100010000111111100011 +
b101010000100010000111111100011 a
b110101011111 .
#5230000
b101011000000 #
b101011000000 b
b101100000100010000000011100011 +
b101100000100010000000011100011 a
b110101100000 .
0*
#5231000
b101011000010 #
b101011000010 b
b101100000100010000000111100011 +
b101100000100010000000111100011 a
b110101100001 .
#5232000
b101011000100 #
b101011000100 b
b101100000100010000001011100011 +
b101100000100010000001011100011 a
b110101100010 .
#5233000
b101011000110 #
b101011000110 b
b101100000100010000001111100011 +
b101100000100010000001111100011 a
b110101100011 .
#5234000
b101011001000 #
b101011001000 b
b101100000100010000010011100011 +
b101100000100010000010011100011 a
b110101100100 .
#5235000
b101011001010 #
b101011001010 b
b101100000100010000010111100011 +
b101100000100010000010111100011 a
b110101100101 .
1*
#5236000
b101011001100 #
b101011001100 b
b101100000100010000011011100011 +
b101100000100010000011011100011 a
b110101100110 .
#5237000
b101011001110 #
b101011001110 b
b101100000100010000011111100011 +
b101100000100010000011111100011 a
b110101100111 .
#5238000
b101011010000 #
b101011010000 b
b101100000100010000100011100011 +
b101100000100010000100011100011 a
b110101101000 .
#5239000
b101011010010 #
b101011010010 b
b101100000100010000100111100011 +
b101100000100010000100111100011 a
b110101101001 .
#5240000
b101011010100 #
b101011010100 b
b101100000100010000101011100011 +
b101100000100010000101011100011 a
b110101101010 .
0*
#5241000
b101011010110 #
b101011010110 b
b101100000100010000101111100011 +
b101100000100010000101111100011 a
b110101101011 .
#5242000
b101011011000 #
b101011011000 b
b101100000100010000110011100011 +
b101100000100010000110011100011 a
b110101101100 .
#5243000
b101011011010 #
b101011011010 b
b101100000100010000110111100011 +
b101100000100010000110111100011 a
b110101101101 .
#5244000
b101011011100 #
b101011011100 b
b101100000100010000111011100011 +
b101100000100010000111011100011 a
b110101101110 .
#5245000
b101011011110 #
b101011011110 b
b101100000100010000111111100011 +
b101100000100010000111111100011 a
b110101101111 .
1*
#5246000
b101011100000 #
b101011100000 b
b101110000100010000000011100011 +
b101110000100010000000011100011 a
b110101110000 .
#5247000
b101011100010 #
b101011100010 b
b101110000100010000000111100011 +
b101110000100010000000111100011 a
b110101110001 .
#5248000
b101011100100 #
b101011100100 b
b101110000100010000001011100011 +
b101110000100010000001011100011 a
b110101110010 .
#5249000
b101011100110 #
b101011100110 b
b101110000100010000001111100011 +
b101110000100010000001111100011 a
b110101110011 .
#5250000
b101011101000 #
b101011101000 b
b101110000100010000010011100011 +
b101110000100010000010011100011 a
b110101110100 .
0*
#5251000
b101011101010 #
b101011101010 b
b101110000100010000010111100011 +
b101110000100010000010111100011 a
b110101110101 .
#5252000
b101011101100 #
b101011101100 b
b101110000100010000011011100011 +
b101110000100010000011011100011 a
b110101110110 .
#5253000
b101011101110 #
b101011101110 b
b101110000100010000011111100011 +
b101110000100010000011111100011 a
b110101110111 .
#5254000
b101011110000 #
b101011110000 b
b101110000100010000100011100011 +
b101110000100010000100011100011 a
b110101111000 .
#5255000
b101011110010 #
b101011110010 b
b101110000100010000100111100011 +
b101110000100010000100111100011 a
b110101111001 .
1*
#5256000
b101011110100 #
b101011110100 b
b101110000100010000101011100011 +
b101110000100010000101011100011 a
b110101111010 .
#5257000
b101011110110 #
b101011110110 b
b101110000100010000101111100011 +
b101110000100010000101111100011 a
b110101111011 .
#5258000
b101011111000 #
b101011111000 b
b101110000100010000110011100011 +
b101110000100010000110011100011 a
b110101111100 .
#5259000
b101011111010 #
b101011111010 b
b101110000100010000110111100011 +
b101110000100010000110111100011 a
b110101111101 .
#5260000
b101011111100 #
b101011111100 b
b101110000100010000111011100011 +
b101110000100010000111011100011 a
b110101111110 .
0*
#5261000
b101011111110 #
b101011111110 b
b101110000100010000111111100011 +
b101110000100010000111111100011 a
b110101111111 .
#5262000
b101100000000 #
b101100000000 b
b110000000100010000000011100011 +
b110000000100010000000011100011 a
b110110000000 .
#5263000
b101100000010 #
b101100000010 b
b110000000100010000000111100011 +
b110000000100010000000111100011 a
b110110000001 .
#5264000
b101100000100 #
b101100000100 b
b110000000100010000001011100011 +
b110000000100010000001011100011 a
b110110000010 .
#5265000
b101100000110 #
b101100000110 b
b110000000100010000001111100011 +
b110000000100010000001111100011 a
b110110000011 .
1*
#5266000
b101100001000 #
b101100001000 b
b110000000100010000010011100011 +
b110000000100010000010011100011 a
b110110000100 .
#5267000
b101100001010 #
b101100001010 b
b110000000100010000010111100011 +
b110000000100010000010111100011 a
b110110000101 .
#5268000
b101100001100 #
b101100001100 b
b110000000100010000011011100011 +
b110000000100010000011011100011 a
b110110000110 .
#5269000
b101100001110 #
b101100001110 b
b110000000100010000011111100011 +
b110000000100010000011111100011 a
b110110000111 .
#5270000
b101100010000 #
b101100010000 b
b110000000100010000100011100011 +
b110000000100010000100011100011 a
b110110001000 .
0*
#5271000
b101100010010 #
b101100010010 b
b110000000100010000100111100011 +
b110000000100010000100111100011 a
b110110001001 .
#5272000
b101100010100 #
b101100010100 b
b110000000100010000101011100011 +
b110000000100010000101011100011 a
b110110001010 .
#5273000
b101100010110 #
b101100010110 b
b110000000100010000101111100011 +
b110000000100010000101111100011 a
b110110001011 .
#5274000
b101100011000 #
b101100011000 b
b110000000100010000110011100011 +
b110000000100010000110011100011 a
b110110001100 .
#5275000
b101100011010 #
b101100011010 b
b110000000100010000110111100011 +
b110000000100010000110111100011 a
b110110001101 .
1*
#5276000
b101100011100 #
b101100011100 b
b110000000100010000111011100011 +
b110000000100010000111011100011 a
b110110001110 .
#5277000
b101100011110 #
b101100011110 b
b110000000100010000111111100011 +
b110000000100010000111111100011 a
b110110001111 .
#5278000
b101100100000 #
b101100100000 b
b110010000100010000000011100011 +
b110010000100010000000011100011 a
b110110010000 .
#5279000
b101100100010 #
b101100100010 b
b110010000100010000000111100011 +
b110010000100010000000111100011 a
b110110010001 .
#5280000
b101100100100 #
b101100100100 b
b110010000100010000001011100011 +
b110010000100010000001011100011 a
b110110010010 .
0*
#5281000
b101100100110 #
b101100100110 b
b110010000100010000001111100011 +
b110010000100010000001111100011 a
b110110010011 .
#5282000
b101100101000 #
b101100101000 b
b110010000100010000010011100011 +
b110010000100010000010011100011 a
b110110010100 .
#5283000
b101100101010 #
b101100101010 b
b110010000100010000010111100011 +
b110010000100010000010111100011 a
b110110010101 .
#5284000
b101100101100 #
b101100101100 b
b110010000100010000011011100011 +
b110010000100010000011011100011 a
b110110010110 .
#5285000
b101100101110 #
b101100101110 b
b110010000100010000011111100011 +
b110010000100010000011111100011 a
b110110010111 .
1*
#5286000
b101100110000 #
b101100110000 b
b110010000100010000100011100011 +
b110010000100010000100011100011 a
b110110011000 .
#5287000
b101100110010 #
b101100110010 b
b110010000100010000100111100011 +
b110010000100010000100111100011 a
b110110011001 .
#5288000
b101100110100 #
b101100110100 b
b110010000100010000101011100011 +
b110010000100010000101011100011 a
b110110011010 .
#5289000
b101100110110 #
b101100110110 b
b110010000100010000101111100011 +
b110010000100010000101111100011 a
b110110011011 .
#5290000
b101100111000 #
b101100111000 b
b110010000100010000110011100011 +
b110010000100010000110011100011 a
b110110011100 .
0*
#5291000
b101100111010 #
b101100111010 b
b110010000100010000110111100011 +
b110010000100010000110111100011 a
b110110011101 .
#5292000
b101100111100 #
b101100111100 b
b110010000100010000111011100011 +
b110010000100010000111011100011 a
b110110011110 .
#5293000
b101100111110 #
b101100111110 b
b110010000100010000111111100011 +
b110010000100010000111111100011 a
b110110011111 .
#5294000
b101101000000 #
b101101000000 b
b110100000100010000000011100011 +
b110100000100010000000011100011 a
b110110100000 .
#5295000
b101101000010 #
b101101000010 b
b110100000100010000000111100011 +
b110100000100010000000111100011 a
b110110100001 .
1*
#5296000
b101101000100 #
b101101000100 b
b110100000100010000001011100011 +
b110100000100010000001011100011 a
b110110100010 .
#5297000
b101101000110 #
b101101000110 b
b110100000100010000001111100011 +
b110100000100010000001111100011 a
b110110100011 .
#5298000
b101101001000 #
b101101001000 b
b110100000100010000010011100011 +
b110100000100010000010011100011 a
b110110100100 .
#5299000
b101101001010 #
b101101001010 b
b110100000100010000010111100011 +
b110100000100010000010111100011 a
b110110100101 .
#5300000
b101101001100 #
b101101001100 b
b110100000100010000011011100011 +
b110100000100010000011011100011 a
b110110100110 .
0*
#5301000
b101101001110 #
b101101001110 b
b110100000100010000011111100011 +
b110100000100010000011111100011 a
b110110100111 .
#5302000
b101101010000 #
b101101010000 b
b110100000100010000100011100011 +
b110100000100010000100011100011 a
b110110101000 .
#5303000
b101101010010 #
b101101010010 b
b110100000100010000100111100011 +
b110100000100010000100111100011 a
b110110101001 .
#5304000
b101101010100 #
b101101010100 b
b110100000100010000101011100011 +
b110100000100010000101011100011 a
b110110101010 .
#5305000
b101101010110 #
b101101010110 b
b110100000100010000101111100011 +
b110100000100010000101111100011 a
b110110101011 .
1*
#5306000
b101101011000 #
b101101011000 b
b110100000100010000110011100011 +
b110100000100010000110011100011 a
b110110101100 .
#5307000
b101101011010 #
b101101011010 b
b110100000100010000110111100011 +
b110100000100010000110111100011 a
b110110101101 .
#5308000
b101101011100 #
b101101011100 b
b110100000100010000111011100011 +
b110100000100010000111011100011 a
b110110101110 .
#5309000
b101101011110 #
b101101011110 b
b110100000100010000111111100011 +
b110100000100010000111111100011 a
b110110101111 .
#5310000
b101101100000 #
b101101100000 b
b110110000100010000000011100011 +
b110110000100010000000011100011 a
b110110110000 .
0*
#5311000
b101101100010 #
b101101100010 b
b110110000100010000000111100011 +
b110110000100010000000111100011 a
b110110110001 .
#5312000
b101101100100 #
b101101100100 b
b110110000100010000001011100011 +
b110110000100010000001011100011 a
b110110110010 .
#5313000
b101101100110 #
b101101100110 b
b110110000100010000001111100011 +
b110110000100010000001111100011 a
b110110110011 .
#5314000
b101101101000 #
b101101101000 b
b110110000100010000010011100011 +
b110110000100010000010011100011 a
b110110110100 .
#5315000
b101101101010 #
b101101101010 b
b110110000100010000010111100011 +
b110110000100010000010111100011 a
b110110110101 .
1*
#5316000
b101101101100 #
b101101101100 b
b110110000100010000011011100011 +
b110110000100010000011011100011 a
b110110110110 .
#5317000
b101101101110 #
b101101101110 b
b110110000100010000011111100011 +
b110110000100010000011111100011 a
b110110110111 .
#5318000
b101101110000 #
b101101110000 b
b110110000100010000100011100011 +
b110110000100010000100011100011 a
b110110111000 .
#5319000
b101101110010 #
b101101110010 b
b110110000100010000100111100011 +
b110110000100010000100111100011 a
b110110111001 .
#5320000
b101101110100 #
b101101110100 b
b110110000100010000101011100011 +
b110110000100010000101011100011 a
b110110111010 .
0*
#5321000
b101101110110 #
b101101110110 b
b110110000100010000101111100011 +
b110110000100010000101111100011 a
b110110111011 .
#5322000
b101101111000 #
b101101111000 b
b110110000100010000110011100011 +
b110110000100010000110011100011 a
b110110111100 .
#5323000
b101101111010 #
b101101111010 b
b110110000100010000110111100011 +
b110110000100010000110111100011 a
b110110111101 .
#5324000
b101101111100 #
b101101111100 b
b110110000100010000111011100011 +
b110110000100010000111011100011 a
b110110111110 .
#5325000
b101101111110 #
b101101111110 b
b110110000100010000111111100011 +
b110110000100010000111111100011 a
b110110111111 .
1*
#5326000
b101110000000 #
b101110000000 b
b111000000100010000000011100011 +
b111000000100010000000011100011 a
b110111000000 .
#5327000
b101110000010 #
b101110000010 b
b111000000100010000000111100011 +
b111000000100010000000111100011 a
b110111000001 .
#5328000
b101110000100 #
b101110000100 b
b111000000100010000001011100011 +
b111000000100010000001011100011 a
b110111000010 .
#5329000
b101110000110 #
b101110000110 b
b111000000100010000001111100011 +
b111000000100010000001111100011 a
b110111000011 .
#5330000
b101110001000 #
b101110001000 b
b111000000100010000010011100011 +
b111000000100010000010011100011 a
b110111000100 .
0*
#5331000
b101110001010 #
b101110001010 b
b111000000100010000010111100011 +
b111000000100010000010111100011 a
b110111000101 .
#5332000
b101110001100 #
b101110001100 b
b111000000100010000011011100011 +
b111000000100010000011011100011 a
b110111000110 .
#5333000
b101110001110 #
b101110001110 b
b111000000100010000011111100011 +
b111000000100010000011111100011 a
b110111000111 .
#5334000
b101110010000 #
b101110010000 b
b111000000100010000100011100011 +
b111000000100010000100011100011 a
b110111001000 .
#5335000
b101110010010 #
b101110010010 b
b111000000100010000100111100011 +
b111000000100010000100111100011 a
b110111001001 .
1*
#5336000
b101110010100 #
b101110010100 b
b111000000100010000101011100011 +
b111000000100010000101011100011 a
b110111001010 .
#5337000
b101110010110 #
b101110010110 b
b111000000100010000101111100011 +
b111000000100010000101111100011 a
b110111001011 .
#5338000
b101110011000 #
b101110011000 b
b111000000100010000110011100011 +
b111000000100010000110011100011 a
b110111001100 .
#5339000
b101110011010 #
b101110011010 b
b111000000100010000110111100011 +
b111000000100010000110111100011 a
b110111001101 .
#5340000
b101110011100 #
b101110011100 b
b111000000100010000111011100011 +
b111000000100010000111011100011 a
b110111001110 .
0*
#5341000
b101110011110 #
b101110011110 b
b111000000100010000111111100011 +
b111000000100010000111111100011 a
b110111001111 .
#5342000
b101110100000 #
b101110100000 b
b111010000100010000000011100011 +
b111010000100010000000011100011 a
b110111010000 .
#5343000
b101110100010 #
b101110100010 b
b111010000100010000000111100011 +
b111010000100010000000111100011 a
b110111010001 .
#5344000
b101110100100 #
b101110100100 b
b111010000100010000001011100011 +
b111010000100010000001011100011 a
b110111010010 .
#5345000
b101110100110 #
b101110100110 b
b111010000100010000001111100011 +
b111010000100010000001111100011 a
b110111010011 .
1*
#5346000
b101110101000 #
b101110101000 b
b111010000100010000010011100011 +
b111010000100010000010011100011 a
b110111010100 .
#5347000
b101110101010 #
b101110101010 b
b111010000100010000010111100011 +
b111010000100010000010111100011 a
b110111010101 .
#5348000
b101110101100 #
b101110101100 b
b111010000100010000011011100011 +
b111010000100010000011011100011 a
b110111010110 .
#5349000
b101110101110 #
b101110101110 b
b111010000100010000011111100011 +
b111010000100010000011111100011 a
b110111010111 .
#5350000
b101110110000 #
b101110110000 b
b111010000100010000100011100011 +
b111010000100010000100011100011 a
b110111011000 .
0*
#5351000
b101110110010 #
b101110110010 b
b111010000100010000100111100011 +
b111010000100010000100111100011 a
b110111011001 .
#5352000
b101110110100 #
b101110110100 b
b111010000100010000101011100011 +
b111010000100010000101011100011 a
b110111011010 .
#5353000
b101110110110 #
b101110110110 b
b111010000100010000101111100011 +
b111010000100010000101111100011 a
b110111011011 .
#5354000
b101110111000 #
b101110111000 b
b111010000100010000110011100011 +
b111010000100010000110011100011 a
b110111011100 .
#5355000
b101110111010 #
b101110111010 b
b111010000100010000110111100011 +
b111010000100010000110111100011 a
b110111011101 .
1*
#5356000
b101110111100 #
b101110111100 b
b111010000100010000111011100011 +
b111010000100010000111011100011 a
b110111011110 .
#5357000
b101110111110 #
b101110111110 b
b111010000100010000111111100011 +
b111010000100010000111111100011 a
b110111011111 .
#5358000
b101111000000 #
b101111000000 b
b111100000100010000000011100011 +
b111100000100010000000011100011 a
b110111100000 .
#5359000
b101111000010 #
b101111000010 b
b111100000100010000000111100011 +
b111100000100010000000111100011 a
b110111100001 .
#5360000
b101111000100 #
b101111000100 b
b111100000100010000001011100011 +
b111100000100010000001011100011 a
b110111100010 .
0*
#5361000
b101111000110 #
b101111000110 b
b111100000100010000001111100011 +
b111100000100010000001111100011 a
b110111100011 .
#5362000
b101111001000 #
b101111001000 b
b111100000100010000010011100011 +
b111100000100010000010011100011 a
b110111100100 .
#5363000
b101111001010 #
b101111001010 b
b111100000100010000010111100011 +
b111100000100010000010111100011 a
b110111100101 .
#5364000
b101111001100 #
b101111001100 b
b111100000100010000011011100011 +
b111100000100010000011011100011 a
b110111100110 .
#5365000
b101111001110 #
b101111001110 b
b111100000100010000011111100011 +
b111100000100010000011111100011 a
b110111100111 .
1*
#5366000
b101111010000 #
b101111010000 b
b111100000100010000100011100011 +
b111100000100010000100011100011 a
b110111101000 .
#5367000
b101111010010 #
b101111010010 b
b111100000100010000100111100011 +
b111100000100010000100111100011 a
b110111101001 .
#5368000
b101111010100 #
b101111010100 b
b111100000100010000101011100011 +
b111100000100010000101011100011 a
b110111101010 .
#5369000
b101111010110 #
b101111010110 b
b111100000100010000101111100011 +
b111100000100010000101111100011 a
b110111101011 .
#5370000
b101111011000 #
b101111011000 b
b111100000100010000110011100011 +
b111100000100010000110011100011 a
b110111101100 .
0*
#5371000
b101111011010 #
b101111011010 b
b111100000100010000110111100011 +
b111100000100010000110111100011 a
b110111101101 .
#5372000
b101111011100 #
b101111011100 b
b111100000100010000111011100011 +
b111100000100010000111011100011 a
b110111101110 .
#5373000
b101111011110 #
b101111011110 b
b111100000100010000111111100011 +
b111100000100010000111111100011 a
b110111101111 .
#5374000
b101111100000 #
b101111100000 b
b111110000100010000000011100011 +
b111110000100010000000011100011 a
b110111110000 .
#5375000
b101111100010 #
b101111100010 b
b111110000100010000000111100011 +
b111110000100010000000111100011 a
b110111110001 .
1*
#5376000
b101111100100 #
b101111100100 b
b111110000100010000001011100011 +
b111110000100010000001011100011 a
b110111110010 .
#5377000
b101111100110 #
b101111100110 b
b111110000100010000001111100011 +
b111110000100010000001111100011 a
b110111110011 .
#5378000
b101111101000 #
b101111101000 b
b111110000100010000010011100011 +
b111110000100010000010011100011 a
b110111110100 .
#5379000
b101111101010 #
b101111101010 b
b111110000100010000010111100011 +
b111110000100010000010111100011 a
b110111110101 .
#5380000
b101111101100 #
b101111101100 b
b111110000100010000011011100011 +
b111110000100010000011011100011 a
b110111110110 .
0*
#5381000
b101111101110 #
b101111101110 b
b111110000100010000011111100011 +
b111110000100010000011111100011 a
b110111110111 .
#5382000
b101111110000 #
b101111110000 b
b111110000100010000100011100011 +
b111110000100010000100011100011 a
b110111111000 .
#5383000
b101111110010 #
b101111110010 b
b111110000100010000100111100011 +
b111110000100010000100111100011 a
b110111111001 .
#5384000
b101111110100 #
b101111110100 b
b111110000100010000101011100011 +
b111110000100010000101011100011 a
b110111111010 .
#5385000
b101111110110 #
b101111110110 b
b111110000100010000101111100011 +
b111110000100010000101111100011 a
b110111111011 .
1*
#5386000
b101111111000 #
b101111111000 b
b111110000100010000110011100011 +
b111110000100010000110011100011 a
b110111111100 .
#5387000
b101111111010 #
b101111111010 b
b111110000100010000110111100011 +
b111110000100010000110111100011 a
b110111111101 .
#5388000
b101111111100 #
b101111111100 b
b111110000100010000111011100011 +
b111110000100010000111011100011 a
b110111111110 .
#5389000
b101111111110 #
b101111111110 b
b111110000100010000111111100011 +
b111110000100010000111111100011 a
b110111111111 .
#5390000
b110000000000 #
b110000000000 b
b1000000000100010000000011100011 +
b1000000000100010000000011100011 a
b111000000000 .
0*
#5391000
b110000000010 #
b110000000010 b
b1000000000100010000000111100011 +
b1000000000100010000000111100011 a
b111000000001 .
#5392000
b110000000100 #
b110000000100 b
b1000000000100010000001011100011 +
b1000000000100010000001011100011 a
b111000000010 .
#5393000
b110000000110 #
b110000000110 b
b1000000000100010000001111100011 +
b1000000000100010000001111100011 a
b111000000011 .
#5394000
b110000001000 #
b110000001000 b
b1000000000100010000010011100011 +
b1000000000100010000010011100011 a
b111000000100 .
#5395000
b110000001010 #
b110000001010 b
b1000000000100010000010111100011 +
b1000000000100010000010111100011 a
b111000000101 .
1*
#5396000
b110000001100 #
b110000001100 b
b1000000000100010000011011100011 +
b1000000000100010000011011100011 a
b111000000110 .
#5397000
b110000001110 #
b110000001110 b
b1000000000100010000011111100011 +
b1000000000100010000011111100011 a
b111000000111 .
#5398000
b110000010000 #
b110000010000 b
b1000000000100010000100011100011 +
b1000000000100010000100011100011 a
b111000001000 .
#5399000
b110000010010 #
b110000010010 b
b1000000000100010000100111100011 +
b1000000000100010000100111100011 a
b111000001001 .
#5400000
b110000010100 #
b110000010100 b
b1000000000100010000101011100011 +
b1000000000100010000101011100011 a
b111000001010 .
0*
#5401000
b110000010110 #
b110000010110 b
b1000000000100010000101111100011 +
b1000000000100010000101111100011 a
b111000001011 .
#5402000
b110000011000 #
b110000011000 b
b1000000000100010000110011100011 +
b1000000000100010000110011100011 a
b111000001100 .
#5403000
b110000011010 #
b110000011010 b
b1000000000100010000110111100011 +
b1000000000100010000110111100011 a
b111000001101 .
#5404000
b110000011100 #
b110000011100 b
b1000000000100010000111011100011 +
b1000000000100010000111011100011 a
b111000001110 .
#5405000
b110000011110 #
b110000011110 b
b1000000000100010000111111100011 +
b1000000000100010000111111100011 a
b111000001111 .
1*
#5406000
b110000100000 #
b110000100000 b
b1000010000100010000000011100011 +
b1000010000100010000000011100011 a
b111000010000 .
#5407000
b110000100010 #
b110000100010 b
b1000010000100010000000111100011 +
b1000010000100010000000111100011 a
b111000010001 .
#5408000
b110000100100 #
b110000100100 b
b1000010000100010000001011100011 +
b1000010000100010000001011100011 a
b111000010010 .
#5409000
b110000100110 #
b110000100110 b
b1000010000100010000001111100011 +
b1000010000100010000001111100011 a
b111000010011 .
#5410000
b110000101000 #
b110000101000 b
b1000010000100010000010011100011 +
b1000010000100010000010011100011 a
b111000010100 .
0*
#5411000
b110000101010 #
b110000101010 b
b1000010000100010000010111100011 +
b1000010000100010000010111100011 a
b111000010101 .
#5412000
b110000101100 #
b110000101100 b
b1000010000100010000011011100011 +
b1000010000100010000011011100011 a
b111000010110 .
#5413000
b110000101110 #
b110000101110 b
b1000010000100010000011111100011 +
b1000010000100010000011111100011 a
b111000010111 .
#5414000
b110000110000 #
b110000110000 b
b1000010000100010000100011100011 +
b1000010000100010000100011100011 a
b111000011000 .
#5415000
b110000110010 #
b110000110010 b
b1000010000100010000100111100011 +
b1000010000100010000100111100011 a
b111000011001 .
1*
#5416000
b110000110100 #
b110000110100 b
b1000010000100010000101011100011 +
b1000010000100010000101011100011 a
b111000011010 .
#5417000
b110000110110 #
b110000110110 b
b1000010000100010000101111100011 +
b1000010000100010000101111100011 a
b111000011011 .
#5418000
b110000111000 #
b110000111000 b
b1000010000100010000110011100011 +
b1000010000100010000110011100011 a
b111000011100 .
#5419000
b110000111010 #
b110000111010 b
b1000010000100010000110111100011 +
b1000010000100010000110111100011 a
b111000011101 .
#5420000
b110000111100 #
b110000111100 b
b1000010000100010000111011100011 +
b1000010000100010000111011100011 a
b111000011110 .
0*
#5421000
b110000111110 #
b110000111110 b
b1000010000100010000111111100011 +
b1000010000100010000111111100011 a
b111000011111 .
#5422000
b110001000000 #
b110001000000 b
b1000100000100010000000011100011 +
b1000100000100010000000011100011 a
b111000100000 .
#5423000
b110001000010 #
b110001000010 b
b1000100000100010000000111100011 +
b1000100000100010000000111100011 a
b111000100001 .
#5424000
b110001000100 #
b110001000100 b
b1000100000100010000001011100011 +
b1000100000100010000001011100011 a
b111000100010 .
#5425000
b110001000110 #
b110001000110 b
b1000100000100010000001111100011 +
b1000100000100010000001111100011 a
b111000100011 .
1*
#5426000
b110001001000 #
b110001001000 b
b1000100000100010000010011100011 +
b1000100000100010000010011100011 a
b111000100100 .
#5427000
b110001001010 #
b110001001010 b
b1000100000100010000010111100011 +
b1000100000100010000010111100011 a
b111000100101 .
#5428000
b110001001100 #
b110001001100 b
b1000100000100010000011011100011 +
b1000100000100010000011011100011 a
b111000100110 .
#5429000
b110001001110 #
b110001001110 b
b1000100000100010000011111100011 +
b1000100000100010000011111100011 a
b111000100111 .
#5430000
b110001010000 #
b110001010000 b
b1000100000100010000100011100011 +
b1000100000100010000100011100011 a
b111000101000 .
0*
#5431000
b110001010010 #
b110001010010 b
b1000100000100010000100111100011 +
b1000100000100010000100111100011 a
b111000101001 .
#5432000
b110001010100 #
b110001010100 b
b1000100000100010000101011100011 +
b1000100000100010000101011100011 a
b111000101010 .
#5433000
b110001010110 #
b110001010110 b
b1000100000100010000101111100011 +
b1000100000100010000101111100011 a
b111000101011 .
#5434000
b110001011000 #
b110001011000 b
b1000100000100010000110011100011 +
b1000100000100010000110011100011 a
b111000101100 .
#5435000
b110001011010 #
b110001011010 b
b1000100000100010000110111100011 +
b1000100000100010000110111100011 a
b111000101101 .
1*
#5436000
b110001011100 #
b110001011100 b
b1000100000100010000111011100011 +
b1000100000100010000111011100011 a
b111000101110 .
#5437000
b110001011110 #
b110001011110 b
b1000100000100010000111111100011 +
b1000100000100010000111111100011 a
b111000101111 .
#5438000
b110001100000 #
b110001100000 b
b1000110000100010000000011100011 +
b1000110000100010000000011100011 a
b111000110000 .
#5439000
b110001100010 #
b110001100010 b
b1000110000100010000000111100011 +
b1000110000100010000000111100011 a
b111000110001 .
#5440000
b110001100100 #
b110001100100 b
b1000110000100010000001011100011 +
b1000110000100010000001011100011 a
b111000110010 .
0*
#5441000
b110001100110 #
b110001100110 b
b1000110000100010000001111100011 +
b1000110000100010000001111100011 a
b111000110011 .
#5442000
b110001101000 #
b110001101000 b
b1000110000100010000010011100011 +
b1000110000100010000010011100011 a
b111000110100 .
#5443000
b110001101010 #
b110001101010 b
b1000110000100010000010111100011 +
b1000110000100010000010111100011 a
b111000110101 .
#5444000
b110001101100 #
b110001101100 b
b1000110000100010000011011100011 +
b1000110000100010000011011100011 a
b111000110110 .
#5445000
b110001101110 #
b110001101110 b
b1000110000100010000011111100011 +
b1000110000100010000011111100011 a
b111000110111 .
1*
#5446000
b110001110000 #
b110001110000 b
b1000110000100010000100011100011 +
b1000110000100010000100011100011 a
b111000111000 .
#5447000
b110001110010 #
b110001110010 b
b1000110000100010000100111100011 +
b1000110000100010000100111100011 a
b111000111001 .
#5448000
b110001110100 #
b110001110100 b
b1000110000100010000101011100011 +
b1000110000100010000101011100011 a
b111000111010 .
#5449000
b110001110110 #
b110001110110 b
b1000110000100010000101111100011 +
b1000110000100010000101111100011 a
b111000111011 .
#5450000
b110001111000 #
b110001111000 b
b1000110000100010000110011100011 +
b1000110000100010000110011100011 a
b111000111100 .
0*
#5451000
b110001111010 #
b110001111010 b
b1000110000100010000110111100011 +
b1000110000100010000110111100011 a
b111000111101 .
#5452000
b110001111100 #
b110001111100 b
b1000110000100010000111011100011 +
b1000110000100010000111011100011 a
b111000111110 .
#5453000
b110001111110 #
b110001111110 b
b1000110000100010000111111100011 +
b1000110000100010000111111100011 a
b111000111111 .
#5454000
b110010000000 #
b110010000000 b
b1001000000100010000000011100011 +
b1001000000100010000000011100011 a
b111001000000 .
#5455000
b110010000010 #
b110010000010 b
b1001000000100010000000111100011 +
b1001000000100010000000111100011 a
b111001000001 .
1*
#5456000
b110010000100 #
b110010000100 b
b1001000000100010000001011100011 +
b1001000000100010000001011100011 a
b111001000010 .
#5457000
b110010000110 #
b110010000110 b
b1001000000100010000001111100011 +
b1001000000100010000001111100011 a
b111001000011 .
#5458000
b110010001000 #
b110010001000 b
b1001000000100010000010011100011 +
b1001000000100010000010011100011 a
b111001000100 .
#5459000
b110010001010 #
b110010001010 b
b1001000000100010000010111100011 +
b1001000000100010000010111100011 a
b111001000101 .
#5460000
b110010001100 #
b110010001100 b
b1001000000100010000011011100011 +
b1001000000100010000011011100011 a
b111001000110 .
0*
#5461000
b110010001110 #
b110010001110 b
b1001000000100010000011111100011 +
b1001000000100010000011111100011 a
b111001000111 .
#5462000
b110010010000 #
b110010010000 b
b1001000000100010000100011100011 +
b1001000000100010000100011100011 a
b111001001000 .
#5463000
b110010010010 #
b110010010010 b
b1001000000100010000100111100011 +
b1001000000100010000100111100011 a
b111001001001 .
#5464000
b110010010100 #
b110010010100 b
b1001000000100010000101011100011 +
b1001000000100010000101011100011 a
b111001001010 .
#5465000
b110010010110 #
b110010010110 b
b1001000000100010000101111100011 +
b1001000000100010000101111100011 a
b111001001011 .
1*
#5466000
b110010011000 #
b110010011000 b
b1001000000100010000110011100011 +
b1001000000100010000110011100011 a
b111001001100 .
#5467000
b110010011010 #
b110010011010 b
b1001000000100010000110111100011 +
b1001000000100010000110111100011 a
b111001001101 .
#5468000
b110010011100 #
b110010011100 b
b1001000000100010000111011100011 +
b1001000000100010000111011100011 a
b111001001110 .
#5469000
b110010011110 #
b110010011110 b
b1001000000100010000111111100011 +
b1001000000100010000111111100011 a
b111001001111 .
#5470000
b110010100000 #
b110010100000 b
b1001010000100010000000011100011 +
b1001010000100010000000011100011 a
b111001010000 .
0*
#5471000
b110010100010 #
b110010100010 b
b1001010000100010000000111100011 +
b1001010000100010000000111100011 a
b111001010001 .
#5472000
b110010100100 #
b110010100100 b
b1001010000100010000001011100011 +
b1001010000100010000001011100011 a
b111001010010 .
#5473000
b110010100110 #
b110010100110 b
b1001010000100010000001111100011 +
b1001010000100010000001111100011 a
b111001010011 .
#5474000
b110010101000 #
b110010101000 b
b1001010000100010000010011100011 +
b1001010000100010000010011100011 a
b111001010100 .
#5475000
b110010101010 #
b110010101010 b
b1001010000100010000010111100011 +
b1001010000100010000010111100011 a
b111001010101 .
1*
#5476000
b110010101100 #
b110010101100 b
b1001010000100010000011011100011 +
b1001010000100010000011011100011 a
b111001010110 .
#5477000
b110010101110 #
b110010101110 b
b1001010000100010000011111100011 +
b1001010000100010000011111100011 a
b111001010111 .
#5478000
b110010110000 #
b110010110000 b
b1001010000100010000100011100011 +
b1001010000100010000100011100011 a
b111001011000 .
#5479000
b110010110010 #
b110010110010 b
b1001010000100010000100111100011 +
b1001010000100010000100111100011 a
b111001011001 .
#5480000
b110010110100 #
b110010110100 b
b1001010000100010000101011100011 +
b1001010000100010000101011100011 a
b111001011010 .
0*
#5481000
b110010110110 #
b110010110110 b
b1001010000100010000101111100011 +
b1001010000100010000101111100011 a
b111001011011 .
#5482000
b110010111000 #
b110010111000 b
b1001010000100010000110011100011 +
b1001010000100010000110011100011 a
b111001011100 .
#5483000
b110010111010 #
b110010111010 b
b1001010000100010000110111100011 +
b1001010000100010000110111100011 a
b111001011101 .
#5484000
b110010111100 #
b110010111100 b
b1001010000100010000111011100011 +
b1001010000100010000111011100011 a
b111001011110 .
#5485000
b110010111110 #
b110010111110 b
b1001010000100010000111111100011 +
b1001010000100010000111111100011 a
b111001011111 .
1*
#5486000
b110011000000 #
b110011000000 b
b1001100000100010000000011100011 +
b1001100000100010000000011100011 a
b111001100000 .
#5487000
b110011000010 #
b110011000010 b
b1001100000100010000000111100011 +
b1001100000100010000000111100011 a
b111001100001 .
#5488000
b110011000100 #
b110011000100 b
b1001100000100010000001011100011 +
b1001100000100010000001011100011 a
b111001100010 .
#5489000
b110011000110 #
b110011000110 b
b1001100000100010000001111100011 +
b1001100000100010000001111100011 a
b111001100011 .
#5490000
b110011001000 #
b110011001000 b
b1001100000100010000010011100011 +
b1001100000100010000010011100011 a
b111001100100 .
0*
#5491000
b110011001010 #
b110011001010 b
b1001100000100010000010111100011 +
b1001100000100010000010111100011 a
b111001100101 .
#5492000
b110011001100 #
b110011001100 b
b1001100000100010000011011100011 +
b1001100000100010000011011100011 a
b111001100110 .
#5493000
b110011001110 #
b110011001110 b
b1001100000100010000011111100011 +
b1001100000100010000011111100011 a
b111001100111 .
#5494000
b110011010000 #
b110011010000 b
b1001100000100010000100011100011 +
b1001100000100010000100011100011 a
b111001101000 .
#5495000
b110011010010 #
b110011010010 b
b1001100000100010000100111100011 +
b1001100000100010000100111100011 a
b111001101001 .
1*
#5496000
b110011010100 #
b110011010100 b
b1001100000100010000101011100011 +
b1001100000100010000101011100011 a
b111001101010 .
#5497000
b110011010110 #
b110011010110 b
b1001100000100010000101111100011 +
b1001100000100010000101111100011 a
b111001101011 .
#5498000
b110011011000 #
b110011011000 b
b1001100000100010000110011100011 +
b1001100000100010000110011100011 a
b111001101100 .
#5499000
b110011011010 #
b110011011010 b
b1001100000100010000110111100011 +
b1001100000100010000110111100011 a
b111001101101 .
#5500000
b110011011100 #
b110011011100 b
b1001100000100010000111011100011 +
b1001100000100010000111011100011 a
b111001101110 .
0*
#5501000
b110011011110 #
b110011011110 b
b1001100000100010000111111100011 +
b1001100000100010000111111100011 a
b111001101111 .
#5502000
b110011100000 #
b110011100000 b
b1001110000100010000000011100011 +
b1001110000100010000000011100011 a
b111001110000 .
#5503000
b110011100010 #
b110011100010 b
b1001110000100010000000111100011 +
b1001110000100010000000111100011 a
b111001110001 .
#5504000
b110011100100 #
b110011100100 b
b1001110000100010000001011100011 +
b1001110000100010000001011100011 a
b111001110010 .
#5505000
b110011100110 #
b110011100110 b
b1001110000100010000001111100011 +
b1001110000100010000001111100011 a
b111001110011 .
1*
#5506000
b110011101000 #
b110011101000 b
b1001110000100010000010011100011 +
b1001110000100010000010011100011 a
b111001110100 .
#5507000
b110011101010 #
b110011101010 b
b1001110000100010000010111100011 +
b1001110000100010000010111100011 a
b111001110101 .
#5508000
b110011101100 #
b110011101100 b
b1001110000100010000011011100011 +
b1001110000100010000011011100011 a
b111001110110 .
#5509000
b110011101110 #
b110011101110 b
b1001110000100010000011111100011 +
b1001110000100010000011111100011 a
b111001110111 .
#5510000
b110011110000 #
b110011110000 b
b1001110000100010000100011100011 +
b1001110000100010000100011100011 a
b111001111000 .
0*
#5511000
b110011110010 #
b110011110010 b
b1001110000100010000100111100011 +
b1001110000100010000100111100011 a
b111001111001 .
#5512000
b110011110100 #
b110011110100 b
b1001110000100010000101011100011 +
b1001110000100010000101011100011 a
b111001111010 .
#5513000
b110011110110 #
b110011110110 b
b1001110000100010000101111100011 +
b1001110000100010000101111100011 a
b111001111011 .
#5514000
b110011111000 #
b110011111000 b
b1001110000100010000110011100011 +
b1001110000100010000110011100011 a
b111001111100 .
#5515000
b110011111010 #
b110011111010 b
b1001110000100010000110111100011 +
b1001110000100010000110111100011 a
b111001111101 .
1*
#5516000
b110011111100 #
b110011111100 b
b1001110000100010000111011100011 +
b1001110000100010000111011100011 a
b111001111110 .
#5517000
b110011111110 #
b110011111110 b
b1001110000100010000111111100011 +
b1001110000100010000111111100011 a
b111001111111 .
#5518000
b110100000000 #
b110100000000 b
b1010000000100010000000011100011 +
b1010000000100010000000011100011 a
b111010000000 .
#5519000
b110100000010 #
b110100000010 b
b1010000000100010000000111100011 +
b1010000000100010000000111100011 a
b111010000001 .
#5520000
b110100000100 #
b110100000100 b
b1010000000100010000001011100011 +
b1010000000100010000001011100011 a
b111010000010 .
0*
#5521000
b110100000110 #
b110100000110 b
b1010000000100010000001111100011 +
b1010000000100010000001111100011 a
b111010000011 .
#5522000
b110100001000 #
b110100001000 b
b1010000000100010000010011100011 +
b1010000000100010000010011100011 a
b111010000100 .
#5523000
b110100001010 #
b110100001010 b
b1010000000100010000010111100011 +
b1010000000100010000010111100011 a
b111010000101 .
#5524000
b110100001100 #
b110100001100 b
b1010000000100010000011011100011 +
b1010000000100010000011011100011 a
b111010000110 .
#5525000
b110100001110 #
b110100001110 b
b1010000000100010000011111100011 +
b1010000000100010000011111100011 a
b111010000111 .
1*
#5526000
b110100010000 #
b110100010000 b
b1010000000100010000100011100011 +
b1010000000100010000100011100011 a
b111010001000 .
#5527000
b110100010010 #
b110100010010 b
b1010000000100010000100111100011 +
b1010000000100010000100111100011 a
b111010001001 .
#5528000
b110100010100 #
b110100010100 b
b1010000000100010000101011100011 +
b1010000000100010000101011100011 a
b111010001010 .
#5529000
b110100010110 #
b110100010110 b
b1010000000100010000101111100011 +
b1010000000100010000101111100011 a
b111010001011 .
#5530000
b110100011000 #
b110100011000 b
b1010000000100010000110011100011 +
b1010000000100010000110011100011 a
b111010001100 .
0*
#5531000
b110100011010 #
b110100011010 b
b1010000000100010000110111100011 +
b1010000000100010000110111100011 a
b111010001101 .
#5532000
b110100011100 #
b110100011100 b
b1010000000100010000111011100011 +
b1010000000100010000111011100011 a
b111010001110 .
#5533000
b110100011110 #
b110100011110 b
b1010000000100010000111111100011 +
b1010000000100010000111111100011 a
b111010001111 .
#5534000
b110100100000 #
b110100100000 b
b1010010000100010000000011100011 +
b1010010000100010000000011100011 a
b111010010000 .
#5535000
b110100100010 #
b110100100010 b
b1010010000100010000000111100011 +
b1010010000100010000000111100011 a
b111010010001 .
1*
#5536000
b110100100100 #
b110100100100 b
b1010010000100010000001011100011 +
b1010010000100010000001011100011 a
b111010010010 .
#5537000
b110100100110 #
b110100100110 b
b1010010000100010000001111100011 +
b1010010000100010000001111100011 a
b111010010011 .
#5538000
b110100101000 #
b110100101000 b
b1010010000100010000010011100011 +
b1010010000100010000010011100011 a
b111010010100 .
#5539000
b110100101010 #
b110100101010 b
b1010010000100010000010111100011 +
b1010010000100010000010111100011 a
b111010010101 .
#5540000
b110100101100 #
b110100101100 b
b1010010000100010000011011100011 +
b1010010000100010000011011100011 a
b111010010110 .
0*
#5541000
b110100101110 #
b110100101110 b
b1010010000100010000011111100011 +
b1010010000100010000011111100011 a
b111010010111 .
#5542000
b110100110000 #
b110100110000 b
b1010010000100010000100011100011 +
b1010010000100010000100011100011 a
b111010011000 .
#5543000
b110100110010 #
b110100110010 b
b1010010000100010000100111100011 +
b1010010000100010000100111100011 a
b111010011001 .
#5544000
b110100110100 #
b110100110100 b
b1010010000100010000101011100011 +
b1010010000100010000101011100011 a
b111010011010 .
#5545000
b110100110110 #
b110100110110 b
b1010010000100010000101111100011 +
b1010010000100010000101111100011 a
b111010011011 .
1*
#5546000
b110100111000 #
b110100111000 b
b1010010000100010000110011100011 +
b1010010000100010000110011100011 a
b111010011100 .
#5547000
b110100111010 #
b110100111010 b
b1010010000100010000110111100011 +
b1010010000100010000110111100011 a
b111010011101 .
#5548000
b110100111100 #
b110100111100 b
b1010010000100010000111011100011 +
b1010010000100010000111011100011 a
b111010011110 .
#5549000
b110100111110 #
b110100111110 b
b1010010000100010000111111100011 +
b1010010000100010000111111100011 a
b111010011111 .
#5550000
b110101000000 #
b110101000000 b
b1010100000100010000000011100011 +
b1010100000100010000000011100011 a
b111010100000 .
0*
#5551000
b110101000010 #
b110101000010 b
b1010100000100010000000111100011 +
b1010100000100010000000111100011 a
b111010100001 .
#5552000
b110101000100 #
b110101000100 b
b1010100000100010000001011100011 +
b1010100000100010000001011100011 a
b111010100010 .
#5553000
b110101000110 #
b110101000110 b
b1010100000100010000001111100011 +
b1010100000100010000001111100011 a
b111010100011 .
#5554000
b110101001000 #
b110101001000 b
b1010100000100010000010011100011 +
b1010100000100010000010011100011 a
b111010100100 .
#5555000
b110101001010 #
b110101001010 b
b1010100000100010000010111100011 +
b1010100000100010000010111100011 a
b111010100101 .
1*
#5556000
b110101001100 #
b110101001100 b
b1010100000100010000011011100011 +
b1010100000100010000011011100011 a
b111010100110 .
#5557000
b110101001110 #
b110101001110 b
b1010100000100010000011111100011 +
b1010100000100010000011111100011 a
b111010100111 .
#5558000
b110101010000 #
b110101010000 b
b1010100000100010000100011100011 +
b1010100000100010000100011100011 a
b111010101000 .
#5559000
b110101010010 #
b110101010010 b
b1010100000100010000100111100011 +
b1010100000100010000100111100011 a
b111010101001 .
#5560000
b110101010100 #
b110101010100 b
b1010100000100010000101011100011 +
b1010100000100010000101011100011 a
b111010101010 .
0*
#5561000
b110101010110 #
b110101010110 b
b1010100000100010000101111100011 +
b1010100000100010000101111100011 a
b111010101011 .
#5562000
b110101011000 #
b110101011000 b
b1010100000100010000110011100011 +
b1010100000100010000110011100011 a
b111010101100 .
#5563000
b110101011010 #
b110101011010 b
b1010100000100010000110111100011 +
b1010100000100010000110111100011 a
b111010101101 .
#5564000
b110101011100 #
b110101011100 b
b1010100000100010000111011100011 +
b1010100000100010000111011100011 a
b111010101110 .
#5565000
b110101011110 #
b110101011110 b
b1010100000100010000111111100011 +
b1010100000100010000111111100011 a
b111010101111 .
1*
#5566000
b110101100000 #
b110101100000 b
b1010110000100010000000011100011 +
b1010110000100010000000011100011 a
b111010110000 .
#5567000
b110101100010 #
b110101100010 b
b1010110000100010000000111100011 +
b1010110000100010000000111100011 a
b111010110001 .
#5568000
b110101100100 #
b110101100100 b
b1010110000100010000001011100011 +
b1010110000100010000001011100011 a
b111010110010 .
#5569000
b110101100110 #
b110101100110 b
b1010110000100010000001111100011 +
b1010110000100010000001111100011 a
b111010110011 .
#5570000
b110101101000 #
b110101101000 b
b1010110000100010000010011100011 +
b1010110000100010000010011100011 a
b111010110100 .
0*
#5571000
b110101101010 #
b110101101010 b
b1010110000100010000010111100011 +
b1010110000100010000010111100011 a
b111010110101 .
#5572000
b110101101100 #
b110101101100 b
b1010110000100010000011011100011 +
b1010110000100010000011011100011 a
b111010110110 .
#5573000
b110101101110 #
b110101101110 b
b1010110000100010000011111100011 +
b1010110000100010000011111100011 a
b111010110111 .
#5574000
b110101110000 #
b110101110000 b
b1010110000100010000100011100011 +
b1010110000100010000100011100011 a
b111010111000 .
#5575000
b110101110010 #
b110101110010 b
b1010110000100010000100111100011 +
b1010110000100010000100111100011 a
b111010111001 .
1*
#5576000
b110101110100 #
b110101110100 b
b1010110000100010000101011100011 +
b1010110000100010000101011100011 a
b111010111010 .
#5577000
b110101110110 #
b110101110110 b
b1010110000100010000101111100011 +
b1010110000100010000101111100011 a
b111010111011 .
#5578000
b110101111000 #
b110101111000 b
b1010110000100010000110011100011 +
b1010110000100010000110011100011 a
b111010111100 .
#5579000
b110101111010 #
b110101111010 b
b1010110000100010000110111100011 +
b1010110000100010000110111100011 a
b111010111101 .
#5580000
b110101111100 #
b110101111100 b
b1010110000100010000111011100011 +
b1010110000100010000111011100011 a
b111010111110 .
0*
#5581000
b110101111110 #
b110101111110 b
b1010110000100010000111111100011 +
b1010110000100010000111111100011 a
b111010111111 .
#5582000
b110110000000 #
b110110000000 b
b1011000000100010000000011100011 +
b1011000000100010000000011100011 a
b111011000000 .
#5583000
b110110000010 #
b110110000010 b
b1011000000100010000000111100011 +
b1011000000100010000000111100011 a
b111011000001 .
#5584000
b110110000100 #
b110110000100 b
b1011000000100010000001011100011 +
b1011000000100010000001011100011 a
b111011000010 .
#5585000
b110110000110 #
b110110000110 b
b1011000000100010000001111100011 +
b1011000000100010000001111100011 a
b111011000011 .
1*
#5586000
b110110001000 #
b110110001000 b
b1011000000100010000010011100011 +
b1011000000100010000010011100011 a
b111011000100 .
#5587000
b110110001010 #
b110110001010 b
b1011000000100010000010111100011 +
b1011000000100010000010111100011 a
b111011000101 .
#5588000
b110110001100 #
b110110001100 b
b1011000000100010000011011100011 +
b1011000000100010000011011100011 a
b111011000110 .
#5589000
b110110001110 #
b110110001110 b
b1011000000100010000011111100011 +
b1011000000100010000011111100011 a
b111011000111 .
#5590000
b110110010000 #
b110110010000 b
b1011000000100010000100011100011 +
b1011000000100010000100011100011 a
b111011001000 .
0*
#5591000
b110110010010 #
b110110010010 b
b1011000000100010000100111100011 +
b1011000000100010000100111100011 a
b111011001001 .
#5592000
b110110010100 #
b110110010100 b
b1011000000100010000101011100011 +
b1011000000100010000101011100011 a
b111011001010 .
#5593000
b110110010110 #
b110110010110 b
b1011000000100010000101111100011 +
b1011000000100010000101111100011 a
b111011001011 .
#5594000
b110110011000 #
b110110011000 b
b1011000000100010000110011100011 +
b1011000000100010000110011100011 a
b111011001100 .
#5595000
b110110011010 #
b110110011010 b
b1011000000100010000110111100011 +
b1011000000100010000110111100011 a
b111011001101 .
1*
#5596000
b110110011100 #
b110110011100 b
b1011000000100010000111011100011 +
b1011000000100010000111011100011 a
b111011001110 .
#5597000
b110110011110 #
b110110011110 b
b1011000000100010000111111100011 +
b1011000000100010000111111100011 a
b111011001111 .
#5598000
b110110100000 #
b110110100000 b
b1011010000100010000000011100011 +
b1011010000100010000000011100011 a
b111011010000 .
#5599000
b110110100010 #
b110110100010 b
b1011010000100010000000111100011 +
b1011010000100010000000111100011 a
b111011010001 .
#5600000
b110110100100 #
b110110100100 b
b1011010000100010000001011100011 +
b1011010000100010000001011100011 a
b111011010010 .
0*
#5601000
b110110100110 #
b110110100110 b
b1011010000100010000001111100011 +
b1011010000100010000001111100011 a
b111011010011 .
#5602000
b110110101000 #
b110110101000 b
b1011010000100010000010011100011 +
b1011010000100010000010011100011 a
b111011010100 .
#5603000
b110110101010 #
b110110101010 b
b1011010000100010000010111100011 +
b1011010000100010000010111100011 a
b111011010101 .
#5604000
b110110101100 #
b110110101100 b
b1011010000100010000011011100011 +
b1011010000100010000011011100011 a
b111011010110 .
#5605000
b110110101110 #
b110110101110 b
b1011010000100010000011111100011 +
b1011010000100010000011111100011 a
b111011010111 .
1*
#5606000
b110110110000 #
b110110110000 b
b1011010000100010000100011100011 +
b1011010000100010000100011100011 a
b111011011000 .
#5607000
b110110110010 #
b110110110010 b
b1011010000100010000100111100011 +
b1011010000100010000100111100011 a
b111011011001 .
#5608000
b110110110100 #
b110110110100 b
b1011010000100010000101011100011 +
b1011010000100010000101011100011 a
b111011011010 .
#5609000
b110110110110 #
b110110110110 b
b1011010000100010000101111100011 +
b1011010000100010000101111100011 a
b111011011011 .
#5610000
b110110111000 #
b110110111000 b
b1011010000100010000110011100011 +
b1011010000100010000110011100011 a
b111011011100 .
0*
#5611000
b110110111010 #
b110110111010 b
b1011010000100010000110111100011 +
b1011010000100010000110111100011 a
b111011011101 .
#5612000
b110110111100 #
b110110111100 b
b1011010000100010000111011100011 +
b1011010000100010000111011100011 a
b111011011110 .
#5613000
b110110111110 #
b110110111110 b
b1011010000100010000111111100011 +
b1011010000100010000111111100011 a
b111011011111 .
#5614000
b110111000000 #
b110111000000 b
b1011100000100010000000011100011 +
b1011100000100010000000011100011 a
b111011100000 .
#5615000
b110111000010 #
b110111000010 b
b1011100000100010000000111100011 +
b1011100000100010000000111100011 a
b111011100001 .
1*
#5616000
b110111000100 #
b110111000100 b
b1011100000100010000001011100011 +
b1011100000100010000001011100011 a
b111011100010 .
#5617000
b110111000110 #
b110111000110 b
b1011100000100010000001111100011 +
b1011100000100010000001111100011 a
b111011100011 .
#5618000
b110111001000 #
b110111001000 b
b1011100000100010000010011100011 +
b1011100000100010000010011100011 a
b111011100100 .
#5619000
b110111001010 #
b110111001010 b
b1011100000100010000010111100011 +
b1011100000100010000010111100011 a
b111011100101 .
#5620000
b110111001100 #
b110111001100 b
b1011100000100010000011011100011 +
b1011100000100010000011011100011 a
b111011100110 .
0*
#5621000
b110111001110 #
b110111001110 b
b1011100000100010000011111100011 +
b1011100000100010000011111100011 a
b111011100111 .
#5622000
b110111010000 #
b110111010000 b
b1011100000100010000100011100011 +
b1011100000100010000100011100011 a
b111011101000 .
#5623000
b110111010010 #
b110111010010 b
b1011100000100010000100111100011 +
b1011100000100010000100111100011 a
b111011101001 .
#5624000
b110111010100 #
b110111010100 b
b1011100000100010000101011100011 +
b1011100000100010000101011100011 a
b111011101010 .
#5625000
b110111010110 #
b110111010110 b
b1011100000100010000101111100011 +
b1011100000100010000101111100011 a
b111011101011 .
1*
#5626000
b110111011000 #
b110111011000 b
b1011100000100010000110011100011 +
b1011100000100010000110011100011 a
b111011101100 .
#5627000
b110111011010 #
b110111011010 b
b1011100000100010000110111100011 +
b1011100000100010000110111100011 a
b111011101101 .
#5628000
b110111011100 #
b110111011100 b
b1011100000100010000111011100011 +
b1011100000100010000111011100011 a
b111011101110 .
#5629000
b110111011110 #
b110111011110 b
b1011100000100010000111111100011 +
b1011100000100010000111111100011 a
b111011101111 .
#5630000
b110111100000 #
b110111100000 b
b1011110000100010000000011100011 +
b1011110000100010000000011100011 a
b111011110000 .
0*
#5631000
b110111100010 #
b110111100010 b
b1011110000100010000000111100011 +
b1011110000100010000000111100011 a
b111011110001 .
#5632000
b110111100100 #
b110111100100 b
b1011110000100010000001011100011 +
b1011110000100010000001011100011 a
b111011110010 .
#5633000
b110111100110 #
b110111100110 b
b1011110000100010000001111100011 +
b1011110000100010000001111100011 a
b111011110011 .
#5634000
b110111101000 #
b110111101000 b
b1011110000100010000010011100011 +
b1011110000100010000010011100011 a
b111011110100 .
#5635000
b110111101010 #
b110111101010 b
b1011110000100010000010111100011 +
b1011110000100010000010111100011 a
b111011110101 .
1*
#5636000
b110111101100 #
b110111101100 b
b1011110000100010000011011100011 +
b1011110000100010000011011100011 a
b111011110110 .
#5637000
b110111101110 #
b110111101110 b
b1011110000100010000011111100011 +
b1011110000100010000011111100011 a
b111011110111 .
#5638000
b110111110000 #
b110111110000 b
b1011110000100010000100011100011 +
b1011110000100010000100011100011 a
b111011111000 .
#5639000
b110111110010 #
b110111110010 b
b1011110000100010000100111100011 +
b1011110000100010000100111100011 a
b111011111001 .
#5640000
b110111110100 #
b110111110100 b
b1011110000100010000101011100011 +
b1011110000100010000101011100011 a
b111011111010 .
0*
#5641000
b110111110110 #
b110111110110 b
b1011110000100010000101111100011 +
b1011110000100010000101111100011 a
b111011111011 .
#5642000
b110111111000 #
b110111111000 b
b1011110000100010000110011100011 +
b1011110000100010000110011100011 a
b111011111100 .
#5643000
b110111111010 #
b110111111010 b
b1011110000100010000110111100011 +
b1011110000100010000110111100011 a
b111011111101 .
#5644000
b110111111100 #
b110111111100 b
b1011110000100010000111011100011 +
b1011110000100010000111011100011 a
b111011111110 .
#5645000
b110111111110 #
b110111111110 b
b1011110000100010000111111100011 +
b1011110000100010000111111100011 a
b111011111111 .
1*
#5646000
b111000000000 #
b111000000000 b
b1100000000100010000000011100011 +
b1100000000100010000000011100011 a
b111100000000 .
#5647000
b111000000010 #
b111000000010 b
b1100000000100010000000111100011 +
b1100000000100010000000111100011 a
b111100000001 .
#5648000
b111000000100 #
b111000000100 b
b1100000000100010000001011100011 +
b1100000000100010000001011100011 a
b111100000010 .
#5649000
b111000000110 #
b111000000110 b
b1100000000100010000001111100011 +
b1100000000100010000001111100011 a
b111100000011 .
#5650000
b111000001000 #
b111000001000 b
b1100000000100010000010011100011 +
b1100000000100010000010011100011 a
b111100000100 .
0*
#5651000
b111000001010 #
b111000001010 b
b1100000000100010000010111100011 +
b1100000000100010000010111100011 a
b111100000101 .
#5652000
b111000001100 #
b111000001100 b
b1100000000100010000011011100011 +
b1100000000100010000011011100011 a
b111100000110 .
#5653000
b111000001110 #
b111000001110 b
b1100000000100010000011111100011 +
b1100000000100010000011111100011 a
b111100000111 .
#5654000
b111000010000 #
b111000010000 b
b1100000000100010000100011100011 +
b1100000000100010000100011100011 a
b111100001000 .
#5655000
b111000010010 #
b111000010010 b
b1100000000100010000100111100011 +
b1100000000100010000100111100011 a
b111100001001 .
1*
#5656000
b111000010100 #
b111000010100 b
b1100000000100010000101011100011 +
b1100000000100010000101011100011 a
b111100001010 .
#5657000
b111000010110 #
b111000010110 b
b1100000000100010000101111100011 +
b1100000000100010000101111100011 a
b111100001011 .
#5658000
b111000011000 #
b111000011000 b
b1100000000100010000110011100011 +
b1100000000100010000110011100011 a
b111100001100 .
#5659000
b111000011010 #
b111000011010 b
b1100000000100010000110111100011 +
b1100000000100010000110111100011 a
b111100001101 .
#5660000
b111000011100 #
b111000011100 b
b1100000000100010000111011100011 +
b1100000000100010000111011100011 a
b111100001110 .
0*
#5661000
b111000011110 #
b111000011110 b
b1100000000100010000111111100011 +
b1100000000100010000111111100011 a
b111100001111 .
#5662000
b111000100000 #
b111000100000 b
b1100010000100010000000011100011 +
b1100010000100010000000011100011 a
b111100010000 .
#5663000
b111000100010 #
b111000100010 b
b1100010000100010000000111100011 +
b1100010000100010000000111100011 a
b111100010001 .
#5664000
b111000100100 #
b111000100100 b
b1100010000100010000001011100011 +
b1100010000100010000001011100011 a
b111100010010 .
#5665000
b111000100110 #
b111000100110 b
b1100010000100010000001111100011 +
b1100010000100010000001111100011 a
b111100010011 .
1*
#5666000
b111000101000 #
b111000101000 b
b1100010000100010000010011100011 +
b1100010000100010000010011100011 a
b111100010100 .
#5667000
b111000101010 #
b111000101010 b
b1100010000100010000010111100011 +
b1100010000100010000010111100011 a
b111100010101 .
#5668000
b111000101100 #
b111000101100 b
b1100010000100010000011011100011 +
b1100010000100010000011011100011 a
b111100010110 .
#5669000
b111000101110 #
b111000101110 b
b1100010000100010000011111100011 +
b1100010000100010000011111100011 a
b111100010111 .
#5670000
b111000110000 #
b111000110000 b
b1100010000100010000100011100011 +
b1100010000100010000100011100011 a
b111100011000 .
0*
#5671000
b111000110010 #
b111000110010 b
b1100010000100010000100111100011 +
b1100010000100010000100111100011 a
b111100011001 .
#5672000
b111000110100 #
b111000110100 b
b1100010000100010000101011100011 +
b1100010000100010000101011100011 a
b111100011010 .
#5673000
b111000110110 #
b111000110110 b
b1100010000100010000101111100011 +
b1100010000100010000101111100011 a
b111100011011 .
#5674000
b111000111000 #
b111000111000 b
b1100010000100010000110011100011 +
b1100010000100010000110011100011 a
b111100011100 .
#5675000
b111000111010 #
b111000111010 b
b1100010000100010000110111100011 +
b1100010000100010000110111100011 a
b111100011101 .
1*
#5676000
b111000111100 #
b111000111100 b
b1100010000100010000111011100011 +
b1100010000100010000111011100011 a
b111100011110 .
#5677000
b111000111110 #
b111000111110 b
b1100010000100010000111111100011 +
b1100010000100010000111111100011 a
b111100011111 .
#5678000
b111001000000 #
b111001000000 b
b1100100000100010000000011100011 +
b1100100000100010000000011100011 a
b111100100000 .
#5679000
b111001000010 #
b111001000010 b
b1100100000100010000000111100011 +
b1100100000100010000000111100011 a
b111100100001 .
#5680000
b111001000100 #
b111001000100 b
b1100100000100010000001011100011 +
b1100100000100010000001011100011 a
b111100100010 .
0*
#5681000
b111001000110 #
b111001000110 b
b1100100000100010000001111100011 +
b1100100000100010000001111100011 a
b111100100011 .
#5682000
b111001001000 #
b111001001000 b
b1100100000100010000010011100011 +
b1100100000100010000010011100011 a
b111100100100 .
#5683000
b111001001010 #
b111001001010 b
b1100100000100010000010111100011 +
b1100100000100010000010111100011 a
b111100100101 .
#5684000
b111001001100 #
b111001001100 b
b1100100000100010000011011100011 +
b1100100000100010000011011100011 a
b111100100110 .
#5685000
b111001001110 #
b111001001110 b
b1100100000100010000011111100011 +
b1100100000100010000011111100011 a
b111100100111 .
1*
#5686000
b111001010000 #
b111001010000 b
b1100100000100010000100011100011 +
b1100100000100010000100011100011 a
b111100101000 .
#5687000
b111001010010 #
b111001010010 b
b1100100000100010000100111100011 +
b1100100000100010000100111100011 a
b111100101001 .
#5688000
b111001010100 #
b111001010100 b
b1100100000100010000101011100011 +
b1100100000100010000101011100011 a
b111100101010 .
#5689000
b111001010110 #
b111001010110 b
b1100100000100010000101111100011 +
b1100100000100010000101111100011 a
b111100101011 .
#5690000
b111001011000 #
b111001011000 b
b1100100000100010000110011100011 +
b1100100000100010000110011100011 a
b111100101100 .
0*
#5691000
b111001011010 #
b111001011010 b
b1100100000100010000110111100011 +
b1100100000100010000110111100011 a
b111100101101 .
#5692000
b111001011100 #
b111001011100 b
b1100100000100010000111011100011 +
b1100100000100010000111011100011 a
b111100101110 .
#5693000
b111001011110 #
b111001011110 b
b1100100000100010000111111100011 +
b1100100000100010000111111100011 a
b111100101111 .
#5694000
b111001100000 #
b111001100000 b
b1100110000100010000000011100011 +
b1100110000100010000000011100011 a
b111100110000 .
#5695000
b111001100010 #
b111001100010 b
b1100110000100010000000111100011 +
b1100110000100010000000111100011 a
b111100110001 .
1*
#5696000
b111001100100 #
b111001100100 b
b1100110000100010000001011100011 +
b1100110000100010000001011100011 a
b111100110010 .
#5697000
b111001100110 #
b111001100110 b
b1100110000100010000001111100011 +
b1100110000100010000001111100011 a
b111100110011 .
#5698000
b111001101000 #
b111001101000 b
b1100110000100010000010011100011 +
b1100110000100010000010011100011 a
b111100110100 .
#5699000
b111001101010 #
b111001101010 b
b1100110000100010000010111100011 +
b1100110000100010000010111100011 a
b111100110101 .
#5700000
b111001101100 #
b111001101100 b
b1100110000100010000011011100011 +
b1100110000100010000011011100011 a
b111100110110 .
0*
#5701000
b111001101110 #
b111001101110 b
b1100110000100010000011111100011 +
b1100110000100010000011111100011 a
b111100110111 .
#5702000
b111001110000 #
b111001110000 b
b1100110000100010000100011100011 +
b1100110000100010000100011100011 a
b111100111000 .
#5703000
b111001110010 #
b111001110010 b
b1100110000100010000100111100011 +
b1100110000100010000100111100011 a
b111100111001 .
#5704000
b111001110100 #
b111001110100 b
b1100110000100010000101011100011 +
b1100110000100010000101011100011 a
b111100111010 .
#5705000
b111001110110 #
b111001110110 b
b1100110000100010000101111100011 +
b1100110000100010000101111100011 a
b111100111011 .
1*
#5706000
b111001111000 #
b111001111000 b
b1100110000100010000110011100011 +
b1100110000100010000110011100011 a
b111100111100 .
#5707000
b111001111010 #
b111001111010 b
b1100110000100010000110111100011 +
b1100110000100010000110111100011 a
b111100111101 .
#5708000
b111001111100 #
b111001111100 b
b1100110000100010000111011100011 +
b1100110000100010000111011100011 a
b111100111110 .
#5709000
b111001111110 #
b111001111110 b
b1100110000100010000111111100011 +
b1100110000100010000111111100011 a
b111100111111 .
#5710000
b111010000000 #
b111010000000 b
b1101000000100010000000011100011 +
b1101000000100010000000011100011 a
b111101000000 .
0*
#5711000
b111010000010 #
b111010000010 b
b1101000000100010000000111100011 +
b1101000000100010000000111100011 a
b111101000001 .
#5712000
b111010000100 #
b111010000100 b
b1101000000100010000001011100011 +
b1101000000100010000001011100011 a
b111101000010 .
#5713000
b111010000110 #
b111010000110 b
b1101000000100010000001111100011 +
b1101000000100010000001111100011 a
b111101000011 .
#5714000
b111010001000 #
b111010001000 b
b1101000000100010000010011100011 +
b1101000000100010000010011100011 a
b111101000100 .
#5715000
b111010001010 #
b111010001010 b
b1101000000100010000010111100011 +
b1101000000100010000010111100011 a
b111101000101 .
1*
#5716000
b111010001100 #
b111010001100 b
b1101000000100010000011011100011 +
b1101000000100010000011011100011 a
b111101000110 .
#5717000
b111010001110 #
b111010001110 b
b1101000000100010000011111100011 +
b1101000000100010000011111100011 a
b111101000111 .
#5718000
b111010010000 #
b111010010000 b
b1101000000100010000100011100011 +
b1101000000100010000100011100011 a
b111101001000 .
#5719000
b111010010010 #
b111010010010 b
b1101000000100010000100111100011 +
b1101000000100010000100111100011 a
b111101001001 .
#5720000
b111010010100 #
b111010010100 b
b1101000000100010000101011100011 +
b1101000000100010000101011100011 a
b111101001010 .
0*
#5721000
b111010010110 #
b111010010110 b
b1101000000100010000101111100011 +
b1101000000100010000101111100011 a
b111101001011 .
#5722000
b111010011000 #
b111010011000 b
b1101000000100010000110011100011 +
b1101000000100010000110011100011 a
b111101001100 .
#5723000
b111010011010 #
b111010011010 b
b1101000000100010000110111100011 +
b1101000000100010000110111100011 a
b111101001101 .
#5724000
b111010011100 #
b111010011100 b
b1101000000100010000111011100011 +
b1101000000100010000111011100011 a
b111101001110 .
#5725000
b111010011110 #
b111010011110 b
b1101000000100010000111111100011 +
b1101000000100010000111111100011 a
b111101001111 .
1*
#5726000
b111010100000 #
b111010100000 b
b1101010000100010000000011100011 +
b1101010000100010000000011100011 a
b111101010000 .
#5727000
b111010100010 #
b111010100010 b
b1101010000100010000000111100011 +
b1101010000100010000000111100011 a
b111101010001 .
#5728000
b111010100100 #
b111010100100 b
b1101010000100010000001011100011 +
b1101010000100010000001011100011 a
b111101010010 .
#5729000
b111010100110 #
b111010100110 b
b1101010000100010000001111100011 +
b1101010000100010000001111100011 a
b111101010011 .
#5730000
b111010101000 #
b111010101000 b
b1101010000100010000010011100011 +
b1101010000100010000010011100011 a
b111101010100 .
0*
#5731000
b111010101010 #
b111010101010 b
b1101010000100010000010111100011 +
b1101010000100010000010111100011 a
b111101010101 .
#5732000
b111010101100 #
b111010101100 b
b1101010000100010000011011100011 +
b1101010000100010000011011100011 a
b111101010110 .
#5733000
b111010101110 #
b111010101110 b
b1101010000100010000011111100011 +
b1101010000100010000011111100011 a
b111101010111 .
#5734000
b111010110000 #
b111010110000 b
b1101010000100010000100011100011 +
b1101010000100010000100011100011 a
b111101011000 .
#5735000
b111010110010 #
b111010110010 b
b1101010000100010000100111100011 +
b1101010000100010000100111100011 a
b111101011001 .
1*
#5736000
b111010110100 #
b111010110100 b
b1101010000100010000101011100011 +
b1101010000100010000101011100011 a
b111101011010 .
#5737000
b111010110110 #
b111010110110 b
b1101010000100010000101111100011 +
b1101010000100010000101111100011 a
b111101011011 .
#5738000
b111010111000 #
b111010111000 b
b1101010000100010000110011100011 +
b1101010000100010000110011100011 a
b111101011100 .
#5739000
b111010111010 #
b111010111010 b
b1101010000100010000110111100011 +
b1101010000100010000110111100011 a
b111101011101 .
#5740000
b111010111100 #
b111010111100 b
b1101010000100010000111011100011 +
b1101010000100010000111011100011 a
b111101011110 .
0*
#5741000
b111010111110 #
b111010111110 b
b1101010000100010000111111100011 +
b1101010000100010000111111100011 a
b111101011111 .
#5742000
b111011000000 #
b111011000000 b
b1101100000100010000000011100011 +
b1101100000100010000000011100011 a
b111101100000 .
#5743000
b111011000010 #
b111011000010 b
b1101100000100010000000111100011 +
b1101100000100010000000111100011 a
b111101100001 .
#5744000
b111011000100 #
b111011000100 b
b1101100000100010000001011100011 +
b1101100000100010000001011100011 a
b111101100010 .
#5745000
b111011000110 #
b111011000110 b
b1101100000100010000001111100011 +
b1101100000100010000001111100011 a
b111101100011 .
1*
#5746000
b111011001000 #
b111011001000 b
b1101100000100010000010011100011 +
b1101100000100010000010011100011 a
b111101100100 .
#5747000
b111011001010 #
b111011001010 b
b1101100000100010000010111100011 +
b1101100000100010000010111100011 a
b111101100101 .
#5748000
b111011001100 #
b111011001100 b
b1101100000100010000011011100011 +
b1101100000100010000011011100011 a
b111101100110 .
#5749000
b111011001110 #
b111011001110 b
b1101100000100010000011111100011 +
b1101100000100010000011111100011 a
b111101100111 .
#5750000
b111011010000 #
b111011010000 b
b1101100000100010000100011100011 +
b1101100000100010000100011100011 a
b111101101000 .
0*
#5751000
b111011010010 #
b111011010010 b
b1101100000100010000100111100011 +
b1101100000100010000100111100011 a
b111101101001 .
#5752000
b111011010100 #
b111011010100 b
b1101100000100010000101011100011 +
b1101100000100010000101011100011 a
b111101101010 .
#5753000
b111011010110 #
b111011010110 b
b1101100000100010000101111100011 +
b1101100000100010000101111100011 a
b111101101011 .
#5754000
b111011011000 #
b111011011000 b
b1101100000100010000110011100011 +
b1101100000100010000110011100011 a
b111101101100 .
#5755000
b111011011010 #
b111011011010 b
b1101100000100010000110111100011 +
b1101100000100010000110111100011 a
b111101101101 .
1*
#5756000
b111011011100 #
b111011011100 b
b1101100000100010000111011100011 +
b1101100000100010000111011100011 a
b111101101110 .
#5757000
b111011011110 #
b111011011110 b
b1101100000100010000111111100011 +
b1101100000100010000111111100011 a
b111101101111 .
#5758000
b111011100000 #
b111011100000 b
b1101110000100010000000011100011 +
b1101110000100010000000011100011 a
b111101110000 .
#5759000
b111011100010 #
b111011100010 b
b1101110000100010000000111100011 +
b1101110000100010000000111100011 a
b111101110001 .
#5760000
b111011100100 #
b111011100100 b
b1101110000100010000001011100011 +
b1101110000100010000001011100011 a
b111101110010 .
0*
#5761000
b111011100110 #
b111011100110 b
b1101110000100010000001111100011 +
b1101110000100010000001111100011 a
b111101110011 .
#5762000
b111011101000 #
b111011101000 b
b1101110000100010000010011100011 +
b1101110000100010000010011100011 a
b111101110100 .
#5763000
b111011101010 #
b111011101010 b
b1101110000100010000010111100011 +
b1101110000100010000010111100011 a
b111101110101 .
#5764000
b111011101100 #
b111011101100 b
b1101110000100010000011011100011 +
b1101110000100010000011011100011 a
b111101110110 .
#5765000
b111011101110 #
b111011101110 b
b1101110000100010000011111100011 +
b1101110000100010000011111100011 a
b111101110111 .
1*
#5766000
b111011110000 #
b111011110000 b
b1101110000100010000100011100011 +
b1101110000100010000100011100011 a
b111101111000 .
#5767000
b111011110010 #
b111011110010 b
b1101110000100010000100111100011 +
b1101110000100010000100111100011 a
b111101111001 .
#5768000
b111011110100 #
b111011110100 b
b1101110000100010000101011100011 +
b1101110000100010000101011100011 a
b111101111010 .
#5769000
b111011110110 #
b111011110110 b
b1101110000100010000101111100011 +
b1101110000100010000101111100011 a
b111101111011 .
#5770000
b111011111000 #
b111011111000 b
b1101110000100010000110011100011 +
b1101110000100010000110011100011 a
b111101111100 .
0*
#5771000
b111011111010 #
b111011111010 b
b1101110000100010000110111100011 +
b1101110000100010000110111100011 a
b111101111101 .
#5772000
b111011111100 #
b111011111100 b
b1101110000100010000111011100011 +
b1101110000100010000111011100011 a
b111101111110 .
#5773000
b111011111110 #
b111011111110 b
b1101110000100010000111111100011 +
b1101110000100010000111111100011 a
b111101111111 .
#5774000
b111100000000 #
b111100000000 b
b1110000000100010000000011100011 +
b1110000000100010000000011100011 a
b111110000000 .
#5775000
b111100000010 #
b111100000010 b
b1110000000100010000000111100011 +
b1110000000100010000000111100011 a
b111110000001 .
1*
#5776000
b111100000100 #
b111100000100 b
b1110000000100010000001011100011 +
b1110000000100010000001011100011 a
b111110000010 .
#5777000
b111100000110 #
b111100000110 b
b1110000000100010000001111100011 +
b1110000000100010000001111100011 a
b111110000011 .
#5778000
b111100001000 #
b111100001000 b
b1110000000100010000010011100011 +
b1110000000100010000010011100011 a
b111110000100 .
#5779000
b111100001010 #
b111100001010 b
b1110000000100010000010111100011 +
b1110000000100010000010111100011 a
b111110000101 .
#5780000
b111100001100 #
b111100001100 b
b1110000000100010000011011100011 +
b1110000000100010000011011100011 a
b111110000110 .
0*
#5781000
b111100001110 #
b111100001110 b
b1110000000100010000011111100011 +
b1110000000100010000011111100011 a
b111110000111 .
#5782000
b111100010000 #
b111100010000 b
b1110000000100010000100011100011 +
b1110000000100010000100011100011 a
b111110001000 .
#5783000
b111100010010 #
b111100010010 b
b1110000000100010000100111100011 +
b1110000000100010000100111100011 a
b111110001001 .
#5784000
b111100010100 #
b111100010100 b
b1110000000100010000101011100011 +
b1110000000100010000101011100011 a
b111110001010 .
#5785000
b111100010110 #
b111100010110 b
b1110000000100010000101111100011 +
b1110000000100010000101111100011 a
b111110001011 .
1*
#5786000
b111100011000 #
b111100011000 b
b1110000000100010000110011100011 +
b1110000000100010000110011100011 a
b111110001100 .
#5787000
b111100011010 #
b111100011010 b
b1110000000100010000110111100011 +
b1110000000100010000110111100011 a
b111110001101 .
#5788000
b111100011100 #
b111100011100 b
b1110000000100010000111011100011 +
b1110000000100010000111011100011 a
b111110001110 .
#5789000
b111100011110 #
b111100011110 b
b1110000000100010000111111100011 +
b1110000000100010000111111100011 a
b111110001111 .
#5790000
b111100100000 #
b111100100000 b
b1110010000100010000000011100011 +
b1110010000100010000000011100011 a
b111110010000 .
0*
#5791000
b111100100010 #
b111100100010 b
b1110010000100010000000111100011 +
b1110010000100010000000111100011 a
b111110010001 .
#5792000
b111100100100 #
b111100100100 b
b1110010000100010000001011100011 +
b1110010000100010000001011100011 a
b111110010010 .
#5793000
b111100100110 #
b111100100110 b
b1110010000100010000001111100011 +
b1110010000100010000001111100011 a
b111110010011 .
#5794000
b111100101000 #
b111100101000 b
b1110010000100010000010011100011 +
b1110010000100010000010011100011 a
b111110010100 .
#5795000
b111100101010 #
b111100101010 b
b1110010000100010000010111100011 +
b1110010000100010000010111100011 a
b111110010101 .
1*
#5796000
b111100101100 #
b111100101100 b
b1110010000100010000011011100011 +
b1110010000100010000011011100011 a
b111110010110 .
#5797000
b111100101110 #
b111100101110 b
b1110010000100010000011111100011 +
b1110010000100010000011111100011 a
b111110010111 .
#5798000
b111100110000 #
b111100110000 b
b1110010000100010000100011100011 +
b1110010000100010000100011100011 a
b111110011000 .
#5799000
b111100110010 #
b111100110010 b
b1110010000100010000100111100011 +
b1110010000100010000100111100011 a
b111110011001 .
#5800000
b111100110100 #
b111100110100 b
b1110010000100010000101011100011 +
b1110010000100010000101011100011 a
b111110011010 .
0*
#5801000
b111100110110 #
b111100110110 b
b1110010000100010000101111100011 +
b1110010000100010000101111100011 a
b111110011011 .
#5802000
b111100111000 #
b111100111000 b
b1110010000100010000110011100011 +
b1110010000100010000110011100011 a
b111110011100 .
#5803000
b111100111010 #
b111100111010 b
b1110010000100010000110111100011 +
b1110010000100010000110111100011 a
b111110011101 .
#5804000
b111100111100 #
b111100111100 b
b1110010000100010000111011100011 +
b1110010000100010000111011100011 a
b111110011110 .
#5805000
b111100111110 #
b111100111110 b
b1110010000100010000111111100011 +
b1110010000100010000111111100011 a
b111110011111 .
1*
#5806000
b111101000000 #
b111101000000 b
b1110100000100010000000011100011 +
b1110100000100010000000011100011 a
b111110100000 .
#5807000
b111101000010 #
b111101000010 b
b1110100000100010000000111100011 +
b1110100000100010000000111100011 a
b111110100001 .
#5808000
b111101000100 #
b111101000100 b
b1110100000100010000001011100011 +
b1110100000100010000001011100011 a
b111110100010 .
#5809000
b111101000110 #
b111101000110 b
b1110100000100010000001111100011 +
b1110100000100010000001111100011 a
b111110100011 .
#5810000
b111101001000 #
b111101001000 b
b1110100000100010000010011100011 +
b1110100000100010000010011100011 a
b111110100100 .
0*
#5811000
b111101001010 #
b111101001010 b
b1110100000100010000010111100011 +
b1110100000100010000010111100011 a
b111110100101 .
#5812000
b111101001100 #
b111101001100 b
b1110100000100010000011011100011 +
b1110100000100010000011011100011 a
b111110100110 .
#5813000
b111101001110 #
b111101001110 b
b1110100000100010000011111100011 +
b1110100000100010000011111100011 a
b111110100111 .
#5814000
b111101010000 #
b111101010000 b
b1110100000100010000100011100011 +
b1110100000100010000100011100011 a
b111110101000 .
#5815000
b111101010010 #
b111101010010 b
b1110100000100010000100111100011 +
b1110100000100010000100111100011 a
b111110101001 .
1*
#5816000
b111101010100 #
b111101010100 b
b1110100000100010000101011100011 +
b1110100000100010000101011100011 a
b111110101010 .
#5817000
b111101010110 #
b111101010110 b
b1110100000100010000101111100011 +
b1110100000100010000101111100011 a
b111110101011 .
#5818000
b111101011000 #
b111101011000 b
b1110100000100010000110011100011 +
b1110100000100010000110011100011 a
b111110101100 .
#5819000
b111101011010 #
b111101011010 b
b1110100000100010000110111100011 +
b1110100000100010000110111100011 a
b111110101101 .
#5820000
b111101011100 #
b111101011100 b
b1110100000100010000111011100011 +
b1110100000100010000111011100011 a
b111110101110 .
0*
#5821000
b111101011110 #
b111101011110 b
b1110100000100010000111111100011 +
b1110100000100010000111111100011 a
b111110101111 .
#5822000
b111101100000 #
b111101100000 b
b1110110000100010000000011100011 +
b1110110000100010000000011100011 a
b111110110000 .
#5823000
b111101100010 #
b111101100010 b
b1110110000100010000000111100011 +
b1110110000100010000000111100011 a
b111110110001 .
#5824000
b111101100100 #
b111101100100 b
b1110110000100010000001011100011 +
b1110110000100010000001011100011 a
b111110110010 .
#5825000
b111101100110 #
b111101100110 b
b1110110000100010000001111100011 +
b1110110000100010000001111100011 a
b111110110011 .
1*
#5826000
b111101101000 #
b111101101000 b
b1110110000100010000010011100011 +
b1110110000100010000010011100011 a
b111110110100 .
#5827000
b111101101010 #
b111101101010 b
b1110110000100010000010111100011 +
b1110110000100010000010111100011 a
b111110110101 .
#5828000
b111101101100 #
b111101101100 b
b1110110000100010000011011100011 +
b1110110000100010000011011100011 a
b111110110110 .
#5829000
b111101101110 #
b111101101110 b
b1110110000100010000011111100011 +
b1110110000100010000011111100011 a
b111110110111 .
#5830000
b111101110000 #
b111101110000 b
b1110110000100010000100011100011 +
b1110110000100010000100011100011 a
b111110111000 .
0*
#5831000
b111101110010 #
b111101110010 b
b1110110000100010000100111100011 +
b1110110000100010000100111100011 a
b111110111001 .
#5832000
b111101110100 #
b111101110100 b
b1110110000100010000101011100011 +
b1110110000100010000101011100011 a
b111110111010 .
#5833000
b111101110110 #
b111101110110 b
b1110110000100010000101111100011 +
b1110110000100010000101111100011 a
b111110111011 .
#5834000
b111101111000 #
b111101111000 b
b1110110000100010000110011100011 +
b1110110000100010000110011100011 a
b111110111100 .
#5835000
b111101111010 #
b111101111010 b
b1110110000100010000110111100011 +
b1110110000100010000110111100011 a
b111110111101 .
1*
#5836000
b111101111100 #
b111101111100 b
b1110110000100010000111011100011 +
b1110110000100010000111011100011 a
b111110111110 .
#5837000
b111101111110 #
b111101111110 b
b1110110000100010000111111100011 +
b1110110000100010000111111100011 a
b111110111111 .
#5838000
b111110000000 #
b111110000000 b
b1111000000100010000000011100011 +
b1111000000100010000000011100011 a
b111111000000 .
#5839000
b111110000010 #
b111110000010 b
b1111000000100010000000111100011 +
b1111000000100010000000111100011 a
b111111000001 .
#5840000
b111110000100 #
b111110000100 b
b1111000000100010000001011100011 +
b1111000000100010000001011100011 a
b111111000010 .
0*
#5841000
b111110000110 #
b111110000110 b
b1111000000100010000001111100011 +
b1111000000100010000001111100011 a
b111111000011 .
#5842000
b111110001000 #
b111110001000 b
b1111000000100010000010011100011 +
b1111000000100010000010011100011 a
b111111000100 .
#5843000
b111110001010 #
b111110001010 b
b1111000000100010000010111100011 +
b1111000000100010000010111100011 a
b111111000101 .
#5844000
b111110001100 #
b111110001100 b
b1111000000100010000011011100011 +
b1111000000100010000011011100011 a
b111111000110 .
#5845000
b111110001110 #
b111110001110 b
b1111000000100010000011111100011 +
b1111000000100010000011111100011 a
b111111000111 .
1*
#5846000
b111110010000 #
b111110010000 b
b1111000000100010000100011100011 +
b1111000000100010000100011100011 a
b111111001000 .
#5847000
b111110010010 #
b111110010010 b
b1111000000100010000100111100011 +
b1111000000100010000100111100011 a
b111111001001 .
#5848000
b111110010100 #
b111110010100 b
b1111000000100010000101011100011 +
b1111000000100010000101011100011 a
b111111001010 .
#5849000
b111110010110 #
b111110010110 b
b1111000000100010000101111100011 +
b1111000000100010000101111100011 a
b111111001011 .
#5850000
b111110011000 #
b111110011000 b
b1111000000100010000110011100011 +
b1111000000100010000110011100011 a
b111111001100 .
0*
#5851000
b111110011010 #
b111110011010 b
b1111000000100010000110111100011 +
b1111000000100010000110111100011 a
b111111001101 .
#5852000
b111110011100 #
b111110011100 b
b1111000000100010000111011100011 +
b1111000000100010000111011100011 a
b111111001110 .
#5853000
b111110011110 #
b111110011110 b
b1111000000100010000111111100011 +
b1111000000100010000111111100011 a
b111111001111 .
#5854000
b111110100000 #
b111110100000 b
b1111010000100010000000011100011 +
b1111010000100010000000011100011 a
b111111010000 .
#5855000
b111110100010 #
b111110100010 b
b1111010000100010000000111100011 +
b1111010000100010000000111100011 a
b111111010001 .
1*
#5856000
b111110100100 #
b111110100100 b
b1111010000100010000001011100011 +
b1111010000100010000001011100011 a
b111111010010 .
#5857000
b111110100110 #
b111110100110 b
b1111010000100010000001111100011 +
b1111010000100010000001111100011 a
b111111010011 .
#5858000
b111110101000 #
b111110101000 b
b1111010000100010000010011100011 +
b1111010000100010000010011100011 a
b111111010100 .
#5859000
b111110101010 #
b111110101010 b
b1111010000100010000010111100011 +
b1111010000100010000010111100011 a
b111111010101 .
#5860000
b111110101100 #
b111110101100 b
b1111010000100010000011011100011 +
b1111010000100010000011011100011 a
b111111010110 .
0*
#5861000
b111110101110 #
b111110101110 b
b1111010000100010000011111100011 +
b1111010000100010000011111100011 a
b111111010111 .
#5862000
b111110110000 #
b111110110000 b
b1111010000100010000100011100011 +
b1111010000100010000100011100011 a
b111111011000 .
#5863000
b111110110010 #
b111110110010 b
b1111010000100010000100111100011 +
b1111010000100010000100111100011 a
b111111011001 .
#5864000
b111110110100 #
b111110110100 b
b1111010000100010000101011100011 +
b1111010000100010000101011100011 a
b111111011010 .
#5865000
b111110110110 #
b111110110110 b
b1111010000100010000101111100011 +
b1111010000100010000101111100011 a
b111111011011 .
1*
#5866000
b111110111000 #
b111110111000 b
b1111010000100010000110011100011 +
b1111010000100010000110011100011 a
b111111011100 .
#5867000
b111110111010 #
b111110111010 b
b1111010000100010000110111100011 +
b1111010000100010000110111100011 a
b111111011101 .
#5868000
b111110111100 #
b111110111100 b
b1111010000100010000111011100011 +
b1111010000100010000111011100011 a
b111111011110 .
#5869000
b111110111110 #
b111110111110 b
b1111010000100010000111111100011 +
b1111010000100010000111111100011 a
b111111011111 .
#5870000
b111111000000 #
b111111000000 b
b1111100000100010000000011100011 +
b1111100000100010000000011100011 a
b111111100000 .
0*
#5871000
b111111000010 #
b111111000010 b
b1111100000100010000000111100011 +
b1111100000100010000000111100011 a
b111111100001 .
#5872000
b111111000100 #
b111111000100 b
b1111100000100010000001011100011 +
b1111100000100010000001011100011 a
b111111100010 .
#5873000
b111111000110 #
b111111000110 b
b1111100000100010000001111100011 +
b1111100000100010000001111100011 a
b111111100011 .
#5874000
b111111001000 #
b111111001000 b
b1111100000100010000010011100011 +
b1111100000100010000010011100011 a
b111111100100 .
#5875000
b111111001010 #
b111111001010 b
b1111100000100010000010111100011 +
b1111100000100010000010111100011 a
b111111100101 .
1*
#5876000
b111111001100 #
b111111001100 b
b1111100000100010000011011100011 +
b1111100000100010000011011100011 a
b111111100110 .
#5877000
b111111001110 #
b111111001110 b
b1111100000100010000011111100011 +
b1111100000100010000011111100011 a
b111111100111 .
#5878000
b111111010000 #
b111111010000 b
b1111100000100010000100011100011 +
b1111100000100010000100011100011 a
b111111101000 .
#5879000
b111111010010 #
b111111010010 b
b1111100000100010000100111100011 +
b1111100000100010000100111100011 a
b111111101001 .
#5880000
b111111010100 #
b111111010100 b
b1111100000100010000101011100011 +
b1111100000100010000101011100011 a
b111111101010 .
0*
#5881000
b111111010110 #
b111111010110 b
b1111100000100010000101111100011 +
b1111100000100010000101111100011 a
b111111101011 .
#5882000
b111111011000 #
b111111011000 b
b1111100000100010000110011100011 +
b1111100000100010000110011100011 a
b111111101100 .
#5883000
b111111011010 #
b111111011010 b
b1111100000100010000110111100011 +
b1111100000100010000110111100011 a
b111111101101 .
#5884000
b111111011100 #
b111111011100 b
b1111100000100010000111011100011 +
b1111100000100010000111011100011 a
b111111101110 .
#5885000
b111111011110 #
b111111011110 b
b1111100000100010000111111100011 +
b1111100000100010000111111100011 a
b111111101111 .
1*
#5886000
b111111100000 #
b111111100000 b
b1111110000100010000000011100011 +
b1111110000100010000000011100011 a
b111111110000 .
#5887000
b111111100010 #
b111111100010 b
b1111110000100010000000111100011 +
b1111110000100010000000111100011 a
b111111110001 .
#5888000
b111111100100 #
b111111100100 b
b1111110000100010000001011100011 +
b1111110000100010000001011100011 a
b111111110010 .
#5889000
b111111100110 #
b111111100110 b
b1111110000100010000001111100011 +
b1111110000100010000001111100011 a
b111111110011 .
#5890000
b111111101000 #
b111111101000 b
b1111110000100010000010011100011 +
b1111110000100010000010011100011 a
b111111110100 .
0*
#5891000
b111111101010 #
b111111101010 b
b1111110000100010000010111100011 +
b1111110000100010000010111100011 a
b111111110101 .
#5892000
b111111101100 #
b111111101100 b
b1111110000100010000011011100011 +
b1111110000100010000011011100011 a
b111111110110 .
#5893000
b111111101110 #
b111111101110 b
b1111110000100010000011111100011 +
b1111110000100010000011111100011 a
b111111110111 .
#5894000
b111111110000 #
b111111110000 b
b1111110000100010000100011100011 +
b1111110000100010000100011100011 a
b111111111000 .
#5895000
b111111110010 #
b111111110010 b
b1111110000100010000100111100011 +
b1111110000100010000100111100011 a
b111111111001 .
1*
#5896000
b111111110100 #
b111111110100 b
b1111110000100010000101011100011 +
b1111110000100010000101011100011 a
b111111111010 .
#5897000
b111111110110 #
b111111110110 b
b1111110000100010000101111100011 +
b1111110000100010000101111100011 a
b111111111011 .
#5898000
b111111111000 #
b111111111000 b
b1111110000100010000110011100011 +
b1111110000100010000110011100011 a
b111111111100 .
#5899000
b111111111010 #
b111111111010 b
b1111110000100010000110111100011 +
b1111110000100010000110111100011 a
b111111111101 .
#5900000
b111111111100 #
b111111111100 b
b1111110000100010000111011100011 +
b1111110000100010000111011100011 a
b111111111110 .
0*
#5901000
b111111111110 #
b111111111110 b
b1111110000100010000111111100011 +
b1111110000100010000111111100011 a
b111111111111 .
#5902000
b11111111111100000000000000000000 #
b11111111111100000000000000000000 b
b10000000000000000000000011101111 +
b10000000000000000000000011101111 a
b1000000000000 .
#5903000
b11111111111110000000000000000000 #
b11111111111110000000000000000000 b
b10000000000010000000000011101111 +
b10000000000010000000000011101111 a
b1000000000001 .
#5904000
b11111111111111111111100000000000 #
b11111111111111111111100000000000 b
b10000000000111111111000011101111 +
b10000000000111111111000011101111 a
b1000000000010 .
#5905000
b11111111111111111111111111111110 #
b11111111111111111111111111111110 b
b11111111111111111111000011101111 +
b11111111111111111111000011101111 a
b1000000000011 .
1*
#5906000
b0 #
b0 b
b11101111 +
b11101111 a
b1000000000100 .
#5907000
b10 #
b10 b
b1000000000000011101111 +
b1000000000000011101111 a
b1000000000101 .
#5908000
b100000000000 #
b100000000000 b
b100000000000011101111 +
b100000000000011101111 a
b1000000000110 .
#5909000
b10000000000000000000 #
b10000000000000000000 b
b10000000000011101111 +
b10000000000011101111 a
b1000000000111 .
#5910000
b11111111111111111110 #
b11111111111111111110 b
b1111111111111111111000011101111 +
b1111111111111111111000011101111 a
b1000000001000 .
0*
#5911000
b11111111111111111111100000000000 #
b11111111111111111111100000000000 b
b10000000000000010000000010010011 +
b10000000000000010000000010010011 a
b1000000001001 .
#5912000
b11111111111111111111100000000000 #
b11111111111111111111100000000000 b
b10000000000000010010000010000011 +
b10000000000000010010000010000011 a
b1000000001010 .
#5913000
b11111111111111111111100000000000 #
b11111111111111111111100000000000 b
b10000000000100010010000000100011 +
b10000000000100010010000000100011 a
b1000000001011 .
#5914000
b11111111111111111111111111111111 #
b11111111111111111111111111111111 b
b11111111111100010000000010010011 +
b11111111111100010000000010010011 a
b1000000001100 .
#5915000
b11111111111111111111111111111111 #
b11111111111111111111111111111111 b
b11111111111100010010000010000011 +
b11111111111100010010000010000011 a
b1000000001101 .
1*
#5916000
b11111111111111111111111111111111 #
b11111111111111111111111111111111 b
b11111110000100010010111110100011 +
b11111110000100010010111110100011 a
b1000000001110 .
#5917000
b0 #
b0 b
b10000000010010011 +
b10000000010010011 a
b1000000001111 .
#5918000
b10010000010000011 +
b10010000010000011 a
b1000000010000 .
#5919000
b100010010000000100011 +
b100010010000000100011 a
b1000000010001 .
#5920000
b1 #
b1 b
b100010000000010010011 +
b100010000000010010011 a
b1000000010010 .
0*
#5921000
b1 #
b1 b
b100010010000010000011 +
b100010010000010000011 a
b1000000010011 .
#5922000
b1 #
b1 b
b100010010000010100011 +
b100010010000010100011 a
b1000000010100 .
#5923000
b11111111111 #
b11111111111 b
b1111111111100010000000010010011 +
b1111111111100010000000010010011 a
b1000000010101 .
#5924000
b11111111111 #
b11111111111 b
b1111111111100010010000010000011 +
b1111111111100010010000010000011 a
b1000000010110 .
#5925000
b11111111111 #
b11111111111 b
b1111110000100010010111110100011 +
b1111110000100010010111110100011 a
b1000000010111 .
1*
#5926000
b1000000011000 .
