
 /----------------------------------------------------------------------------\
 |  yosys -- Yosys Open SYnthesis Suite                                       |
 |  Copyright (C) 2012 - 2026  Claire Xenia Wolf <claire@yosyshq.com>         |
 |  Distributed under an ISC-like license, type "license" to see terms        |
 \----------------------------------------------------------------------------/
 Yosys 0.69 (git sha1 9f75ca1f9, Release, Clang /workspace/YoWASP/yosys/wasi-sdk-33.0-x86_64-linux/share/cmake/../..//bin/clang++ 22.1.0)

-- Executing script file `tools/synth.ys' --

1. Executing Verilog-2005 frontend: rtl/Single_Cycle.v
Parsing Verilog input from `rtl/Single_Cycle.v' to AST representation.
Generating RTLIL representation for module `\Single_Cycle'.
Generating RTLIL representation for module `\Instruction_Memory'.
Generating RTLIL representation for module `\Register_File'.
Warning: Replacing memory \regs with list of registers. See rtl/Single_Cycle.v:48
Generating RTLIL representation for module `\Immediate_Generator'.
Generating RTLIL representation for module `\Control_Unit'.
Generating RTLIL representation for module `\ALU'.
Generating RTLIL representation for module `\Data_Memory'.
Warning: Replacing memory \mem with list of registers. See rtl/Single_Cycle.v:128
Successfully finished Verilog frontend.

2. Executing HIERARCHY pass (managing design hierarchy).

2.1. Analyzing design hierarchy..
Top module:  \Single_Cycle
Used module:     \Data_Memory
Used module:     \ALU
Used module:     \Control_Unit
Used module:     \Immediate_Generator
Used module:     \Register_File
Used module:     \Instruction_Memory
Parameter 1 (\WORDS) = 64

2.2. Executing AST frontend in derive mode using pre-parsed AST for module `\Data_Memory'.
Parameter 1 (\WORDS) = 64
Generating RTLIL representation for module `$paramod\Data_Memory\WORDS=s32'00000000000000000000000001000000'.
Warning: Replacing memory \mem with list of registers. See rtl/Single_Cycle.v:128
Parameter 1 (\WORDS) = 256
Parameter 2 (\PROGRAM_FILE) = 168'011100110110100101101101001011110111000001110010011011110110011101110010011000010110110101110011001011110110010001100101011011010110111100101110011010000110010101111000

2.3. Executing AST frontend in derive mode using pre-parsed AST for module `\Instruction_Memory'.
Parameter 1 (\WORDS) = 256
Parameter 2 (\PROGRAM_FILE) = 168'011100110110100101101101001011110111000001110010011011110110011101110010011000010110110101110011001011110110010001100101011011010110111100101110011010000110010101111000
Generating RTLIL representation for module `$paramod$9e6bc8e233a88c507ee6c1d0d66120fe2d49b2c9\Instruction_Memory'.

2.4. Analyzing design hierarchy..
Top module:  \Single_Cycle
Used module:     $paramod\Data_Memory\WORDS=s32'00000000000000000000000001000000
Used module:     \ALU
Used module:     \Control_Unit
Used module:     \Immediate_Generator
Used module:     \Register_File
Used module:     $paramod$9e6bc8e233a88c507ee6c1d0d66120fe2d49b2c9\Instruction_Memory

2.5. Analyzing design hierarchy..
Top module:  \Single_Cycle
Used module:     $paramod\Data_Memory\WORDS=s32'00000000000000000000000001000000
Used module:     \ALU
Used module:     \Control_Unit
Used module:     \Immediate_Generator
Used module:     \Register_File
Used module:     $paramod$9e6bc8e233a88c507ee6c1d0d66120fe2d49b2c9\Instruction_Memory
Removing unused module `\Data_Memory'.
Removing unused module `\Instruction_Memory'.
Removed 2 unused modules.
Mapping positional arguments of cell Single_Cycle.dmem ($paramod\Data_Memory\WORDS=s32'00000000000000000000000001000000).
Mapping positional arguments of cell Single_Cycle.alu (ALU).
Mapping positional arguments of cell Single_Cycle.cu (Control_Unit).
Mapping positional arguments of cell Single_Cycle.ig (Immediate_Generator).
Mapping positional arguments of cell Single_Cycle.rf (Register_File).
Mapping positional arguments of cell Single_Cycle.imem ($paramod$9e6bc8e233a88c507ee6c1d0d66120fe2d49b2c9\Instruction_Memory).

3. Executing SYNTH pass.

3.1. Executing HIERARCHY pass (managing design hierarchy).

3.1.1. Analyzing design hierarchy..
Top module:  \Single_Cycle
Used module:     $paramod\Data_Memory\WORDS=s32'00000000000000000000000001000000
Used module:     \ALU
Used module:     \Control_Unit
Used module:     \Immediate_Generator
Used module:     \Register_File
Used module:     $paramod$9e6bc8e233a88c507ee6c1d0d66120fe2d49b2c9\Instruction_Memory

3.1.2. Analyzing design hierarchy..
Top module:  \Single_Cycle
Used module:     $paramod\Data_Memory\WORDS=s32'00000000000000000000000001000000
Used module:     \ALU
Used module:     \Control_Unit
Used module:     \Immediate_Generator
Used module:     \Register_File
Used module:     $paramod$9e6bc8e233a88c507ee6c1d0d66120fe2d49b2c9\Instruction_Memory
Removed 0 unused modules.

3.2. Executing PROC pass (convert processes to netlists).

3.2.1. Executing PROC_CLEAN pass (remove empty switches from decision trees).
Removing empty process `$paramod$9e6bc8e233a88c507ee6c1d0d66120fe2d49b2c9\Instruction_Memory.$proc$rtl/Single_Cycle.v:38$131'.
Cleaned up 0 empty switches.

3.2.2. Executing PROC_RMDEAD pass (remove dead branches from decision trees).
Marked 1 switch rules as full_case in process $proc$rtl/Single_Cycle.v:109$77 in module ALU.
Removed 1 dead cases from process $proc$rtl/Single_Cycle.v:70$59 in module Control_Unit.
Marked 9 switch rules as full_case in process $proc$rtl/Single_Cycle.v:70$59 in module Control_Unit.
Marked 1 switch rules as full_case in process $proc$rtl/Single_Cycle.v:55$58 in module Immediate_Generator.
Removed 1 dead cases from process $proc$rtl/Single_Cycle.v:51$55 in module Register_File.
Marked 1 switch rules as full_case in process $proc$rtl/Single_Cycle.v:51$55 in module Register_File.
Removed 1 dead cases from process $proc$rtl/Single_Cycle.v:50$52 in module Register_File.
Marked 1 switch rules as full_case in process $proc$rtl/Single_Cycle.v:50$52 in module Register_File.
Marked 3 switch rules as full_case in process $proc$rtl/Single_Cycle.v:46$39 in module Register_File.
Removed 1 dead cases from process $proc$rtl/Single_Cycle.v:130$122 in module $paramod\Data_Memory\WORDS=s32'00000000000000000000000001000000.
Marked 1 switch rules as full_case in process $proc$rtl/Single_Cycle.v:130$122 in module $paramod\Data_Memory\WORDS=s32'00000000000000000000000001000000.
Marked 3 switch rules as full_case in process $proc$rtl/Single_Cycle.v:127$112 in module $paramod\Data_Memory\WORDS=s32'00000000000000000000000001000000.
Marked 1 switch rules as full_case in process $proc$rtl/Single_Cycle.v:21$23 in module Single_Cycle.
Removed a total of 4 dead cases.

3.2.3. Executing PROC_PRUNE pass (remove redundant assignments in processes).
Removed 0 redundant assignments.
Promoted 20 assignments to connections.

3.2.4. Executing PROC_INIT pass (extract init attributes).

3.2.5. Executing PROC_ARST pass (detect async resets in processes).
Found async reset \reset in `\Register_File.$proc$rtl/Single_Cycle.v:46$39'.
Found async reset \reset in `$paramod\Data_Memory\WORDS=s32'00000000000000000000000001000000.$proc$rtl/Single_Cycle.v:127$112'.
Found async reset \reset in `\Single_Cycle.$proc$rtl/Single_Cycle.v:21$23'.

3.2.6. Executing PROC_ROM pass (convert switches to ROMs).
Converted 0 switches.
<suppressed ~19 debug messages>

3.2.7. Executing PROC_MUX pass (convert decision trees to multiplexers).
Creating decoders for process `\ALU.$proc$rtl/Single_Cycle.v:109$77'.
     1/1: $1\result[31:0]
Creating decoders for process `\Control_Unit.$proc$rtl/Single_Cycle.v:70$59'.
     1/22: $9\legal[0:0]
     2/22: $6\op[3:0]
     3/22: $8\legal[0:0]
     4/22: $5\op[3:0]
     5/22: $7\legal[0:0]
     6/22: $6\legal[0:0]
     7/22: $5\legal[0:0]
     8/22: $4\op[3:0]
     9/22: $4\legal[0:0]
    10/22: $3\op[3:0]
    11/22: $3\legal[0:0]
    12/22: $2\op[3:0]
    13/22: $2\legal[0:0]
    14/22: $1\legal[0:0]
    15/22: $1\op[3:0]
    16/22: $1\src[0:0]
    17/22: $1\rw[0:0]
    18/22: $1\mtr[0:0]
    19/22: $1\mw[0:0]
    20/22: $1\mr[0:0]
    21/22: $1\jump[0:0]
    22/22: $1\branch[0:0]
Creating decoders for process `\Immediate_Generator.$proc$rtl/Single_Cycle.v:55$58'.
     1/1: $1\imm[31:0]
Creating decoders for process `\Register_File.$proc$rtl/Single_Cycle.v:51$55'.
     1/1: $1$mem2reg_rd$\regs$rtl/Single_Cycle.v:51$38_DATA[31:0]$57
Creating decoders for process `\Register_File.$proc$rtl/Single_Cycle.v:50$52'.
     1/1: $1$mem2reg_rd$\regs$rtl/Single_Cycle.v:50$37_DATA[31:0]$54
Creating decoders for process `\Register_File.$proc$rtl/Single_Cycle.v:46$39'.
     1/37: $2$mem2reg_wr$\regs$rtl/Single_Cycle.v:49$36_ADDR[4:0]$46
     2/37: $2$mem2reg_wr$\regs$rtl/Single_Cycle.v:49$36_DATA[31:0]$47
     3/37: $1$mem2reg_wr$\regs$rtl/Single_Cycle.v:49$36_DATA[31:0]$43
     4/37: $1$mem2reg_wr$\regs$rtl/Single_Cycle.v:49$36_ADDR[4:0]$42
     5/37: $1\i[31:0]
     6/37: $0\regs[31][31:0]
     7/37: $0\regs[30][31:0]
     8/37: $0\regs[29][31:0]
     9/37: $0\regs[28][31:0]
    10/37: $0\regs[27][31:0]
    11/37: $0\regs[26][31:0]
    12/37: $0\regs[25][31:0]
    13/37: $0\regs[24][31:0]
    14/37: $0\regs[23][31:0]
    15/37: $0\regs[22][31:0]
    16/37: $0\regs[21][31:0]
    17/37: $0\regs[20][31:0]
    18/37: $0\regs[19][31:0]
    19/37: $0\regs[18][31:0]
    20/37: $0\regs[17][31:0]
    21/37: $0\regs[16][31:0]
    22/37: $0\regs[15][31:0]
    23/37: $0\regs[14][31:0]
    24/37: $0\regs[13][31:0]
    25/37: $0\regs[12][31:0]
    26/37: $0\regs[11][31:0]
    27/37: $0\regs[10][31:0]
    28/37: $0\regs[9][31:0]
    29/37: $0\regs[8][31:0]
    30/37: $0\regs[7][31:0]
    31/37: $0\regs[6][31:0]
    32/37: $0\regs[5][31:0]
    33/37: $0\regs[4][31:0]
    34/37: $0\regs[3][31:0]
    35/37: $0\regs[2][31:0]
    36/37: $0\regs[1][31:0]
    37/37: $0\regs[0][31:0]
Creating decoders for process `$paramod\Data_Memory\WORDS=s32'00000000000000000000000001000000.$proc$rtl/Single_Cycle.v:130$122'.
     1/1: $1$mem2reg_rd$\mem$rtl/Single_Cycle.v:130$108_DATA[31:0]$124
Creating decoders for process `$paramod\Data_Memory\WORDS=s32'00000000000000000000000001000000.$proc$rtl/Single_Cycle.v:127$112'.
     1/69: $2$mem2reg_wr$\mem$rtl/Single_Cycle.v:129$107_ADDR[5:0]$118
     2/69: $2$mem2reg_wr$\mem$rtl/Single_Cycle.v:129$107_DATA[31:0]$119
     3/69: $1$mem2reg_wr$\mem$rtl/Single_Cycle.v:129$107_DATA[31:0]$116
     4/69: $1$mem2reg_wr$\mem$rtl/Single_Cycle.v:129$107_ADDR[5:0]$115
     5/69: $1\i[31:0]
     6/69: $0\mem[63][31:0]
     7/69: $0\mem[62][31:0]
     8/69: $0\mem[61][31:0]
     9/69: $0\mem[60][31:0]
    10/69: $0\mem[59][31:0]
    11/69: $0\mem[58][31:0]
    12/69: $0\mem[57][31:0]
    13/69: $0\mem[56][31:0]
    14/69: $0\mem[55][31:0]
    15/69: $0\mem[54][31:0]
    16/69: $0\mem[53][31:0]
    17/69: $0\mem[52][31:0]
    18/69: $0\mem[51][31:0]
    19/69: $0\mem[50][31:0]
    20/69: $0\mem[49][31:0]
    21/69: $0\mem[48][31:0]
    22/69: $0\mem[47][31:0]
    23/69: $0\mem[46][31:0]
    24/69: $0\mem[45][31:0]
    25/69: $0\mem[44][31:0]
    26/69: $0\mem[43][31:0]
    27/69: $0\mem[42][31:0]
    28/69: $0\mem[41][31:0]
    29/69: $0\mem[40][31:0]
    30/69: $0\mem[39][31:0]
    31/69: $0\mem[38][31:0]
    32/69: $0\mem[37][31:0]
    33/69: $0\mem[36][31:0]
    34/69: $0\mem[35][31:0]
    35/69: $0\mem[34][31:0]
    36/69: $0\mem[33][31:0]
    37/69: $0\mem[32][31:0]
    38/69: $0\mem[31][31:0]
    39/69: $0\mem[30][31:0]
    40/69: $0\mem[29][31:0]
    41/69: $0\mem[28][31:0]
    42/69: $0\mem[27][31:0]
    43/69: $0\mem[26][31:0]
    44/69: $0\mem[25][31:0]
    45/69: $0\mem[24][31:0]
    46/69: $0\mem[23][31:0]
    47/69: $0\mem[22][31:0]
    48/69: $0\mem[21][31:0]
    49/69: $0\mem[20][31:0]
    50/69: $0\mem[19][31:0]
    51/69: $0\mem[18][31:0]
    52/69: $0\mem[17][31:0]
    53/69: $0\mem[16][31:0]
    54/69: $0\mem[15][31:0]
    55/69: $0\mem[14][31:0]
    56/69: $0\mem[13][31:0]
    57/69: $0\mem[12][31:0]
    58/69: $0\mem[11][31:0]
    59/69: $0\mem[10][31:0]
    60/69: $0\mem[9][31:0]
    61/69: $0\mem[8][31:0]
    62/69: $0\mem[7][31:0]
    63/69: $0\mem[6][31:0]
    64/69: $0\mem[5][31:0]
    65/69: $0\mem[4][31:0]
    66/69: $0\mem[3][31:0]
    67/69: $0\mem[2][31:0]
    68/69: $0\mem[1][31:0]
    69/69: $0\mem[0][31:0]
Creating decoders for process `\Single_Cycle.$proc$rtl/Single_Cycle.v:21$23'.
     1/1: $0\PC[31:0]

3.2.8. Executing PROC_DLATCH pass (convert process syncs to latches).
No latch inferred for signal `\ALU.\result' from process `\ALU.$proc$rtl/Single_Cycle.v:109$77'.
No latch inferred for signal `\Control_Unit.\src' from process `\Control_Unit.$proc$rtl/Single_Cycle.v:70$59'.
No latch inferred for signal `\Control_Unit.\branch' from process `\Control_Unit.$proc$rtl/Single_Cycle.v:70$59'.
No latch inferred for signal `\Control_Unit.\jump' from process `\Control_Unit.$proc$rtl/Single_Cycle.v:70$59'.
No latch inferred for signal `\Control_Unit.\legal' from process `\Control_Unit.$proc$rtl/Single_Cycle.v:70$59'.
No latch inferred for signal `\Control_Unit.\rw' from process `\Control_Unit.$proc$rtl/Single_Cycle.v:70$59'.
No latch inferred for signal `\Control_Unit.\mr' from process `\Control_Unit.$proc$rtl/Single_Cycle.v:70$59'.
No latch inferred for signal `\Control_Unit.\mw' from process `\Control_Unit.$proc$rtl/Single_Cycle.v:70$59'.
No latch inferred for signal `\Control_Unit.\mtr' from process `\Control_Unit.$proc$rtl/Single_Cycle.v:70$59'.
No latch inferred for signal `\Control_Unit.\op' from process `\Control_Unit.$proc$rtl/Single_Cycle.v:70$59'.
No latch inferred for signal `\Immediate_Generator.\imm' from process `\Immediate_Generator.$proc$rtl/Single_Cycle.v:55$58'.
No latch inferred for signal `\Register_File.$mem2reg_rd$\regs$rtl/Single_Cycle.v:51$38_DATA' from process `\Register_File.$proc$rtl/Single_Cycle.v:51$55'.
No latch inferred for signal `\Register_File.$mem2reg_rd$\regs$rtl/Single_Cycle.v:50$37_DATA' from process `\Register_File.$proc$rtl/Single_Cycle.v:50$52'.
No latch inferred for signal `$paramod\Data_Memory\WORDS=s32'00000000000000000000000001000000.$mem2reg_rd$\mem$rtl/Single_Cycle.v:130$108_DATA' from process `$paramod\Data_Memory\WORDS=s32'00000000000000000000000001000000.$proc$rtl/Single_Cycle.v:130$122'.

3.2.9. Executing PROC_DFF pass (convert process syncs to FFs).
Creating register for signal `\Register_File.\i' using process `\Register_File.$proc$rtl/Single_Cycle.v:46$39'.
  created $adff cell `$procdff$3563' with positive edge clock and positive level reset.
Creating register for signal `\Register_File.\regs[0]' using process `\Register_File.$proc$rtl/Single_Cycle.v:46$39'.
  created $adff cell `$procdff$3566' with positive edge clock and positive level reset.
Creating register for signal `\Register_File.\regs[1]' using process `\Register_File.$proc$rtl/Single_Cycle.v:46$39'.
  created $adff cell `$procdff$3569' with positive edge clock and positive level reset.
Creating register for signal `\Register_File.\regs[2]' using process `\Register_File.$proc$rtl/Single_Cycle.v:46$39'.
  created $adff cell `$procdff$3572' with positive edge clock and positive level reset.
Creating register for signal `\Register_File.\regs[3]' using process `\Register_File.$proc$rtl/Single_Cycle.v:46$39'.
  created $adff cell `$procdff$3575' with positive edge clock and positive level reset.
Creating register for signal `\Register_File.\regs[4]' using process `\Register_File.$proc$rtl/Single_Cycle.v:46$39'.
  created $adff cell `$procdff$3578' with positive edge clock and positive level reset.
Creating register for signal `\Register_File.\regs[5]' using process `\Register_File.$proc$rtl/Single_Cycle.v:46$39'.
  created $adff cell `$procdff$3581' with positive edge clock and positive level reset.
Creating register for signal `\Register_File.\regs[6]' using process `\Register_File.$proc$rtl/Single_Cycle.v:46$39'.
  created $adff cell `$procdff$3584' with positive edge clock and positive level reset.
Creating register for signal `\Register_File.\regs[7]' using process `\Register_File.$proc$rtl/Single_Cycle.v:46$39'.
  created $adff cell `$procdff$3587' with positive edge clock and positive level reset.
Creating register for signal `\Register_File.\regs[8]' using process `\Register_File.$proc$rtl/Single_Cycle.v:46$39'.
  created $adff cell `$procdff$3590' with positive edge clock and positive level reset.
Creating register for signal `\Register_File.\regs[9]' using process `\Register_File.$proc$rtl/Single_Cycle.v:46$39'.
  created $adff cell `$procdff$3593' with positive edge clock and positive level reset.
Creating register for signal `\Register_File.\regs[10]' using process `\Register_File.$proc$rtl/Single_Cycle.v:46$39'.
  created $adff cell `$procdff$3596' with positive edge clock and positive level reset.
Creating register for signal `\Register_File.\regs[11]' using process `\Register_File.$proc$rtl/Single_Cycle.v:46$39'.
  created $adff cell `$procdff$3599' with positive edge clock and positive level reset.
Creating register for signal `\Register_File.\regs[12]' using process `\Register_File.$proc$rtl/Single_Cycle.v:46$39'.
  created $adff cell `$procdff$3602' with positive edge clock and positive level reset.
Creating register for signal `\Register_File.\regs[13]' using process `\Register_File.$proc$rtl/Single_Cycle.v:46$39'.
  created $adff cell `$procdff$3605' with positive edge clock and positive level reset.
Creating register for signal `\Register_File.\regs[14]' using process `\Register_File.$proc$rtl/Single_Cycle.v:46$39'.
  created $adff cell `$procdff$3608' with positive edge clock and positive level reset.
Creating register for signal `\Register_File.\regs[15]' using process `\Register_File.$proc$rtl/Single_Cycle.v:46$39'.
  created $adff cell `$procdff$3611' with positive edge clock and positive level reset.
Creating register for signal `\Register_File.\regs[16]' using process `\Register_File.$proc$rtl/Single_Cycle.v:46$39'.
  created $adff cell `$procdff$3614' with positive edge clock and positive level reset.
Creating register for signal `\Register_File.\regs[17]' using process `\Register_File.$proc$rtl/Single_Cycle.v:46$39'.
  created $adff cell `$procdff$3617' with positive edge clock and positive level reset.
Creating register for signal `\Register_File.\regs[18]' using process `\Register_File.$proc$rtl/Single_Cycle.v:46$39'.
  created $adff cell `$procdff$3620' with positive edge clock and positive level reset.
Creating register for signal `\Register_File.\regs[19]' using process `\Register_File.$proc$rtl/Single_Cycle.v:46$39'.
  created $adff cell `$procdff$3623' with positive edge clock and positive level reset.
Creating register for signal `\Register_File.\regs[20]' using process `\Register_File.$proc$rtl/Single_Cycle.v:46$39'.
  created $adff cell `$procdff$3626' with positive edge clock and positive level reset.
Creating register for signal `\Register_File.\regs[21]' using process `\Register_File.$proc$rtl/Single_Cycle.v:46$39'.
  created $adff cell `$procdff$3629' with positive edge clock and positive level reset.
Creating register for signal `\Register_File.\regs[22]' using process `\Register_File.$proc$rtl/Single_Cycle.v:46$39'.
  created $adff cell `$procdff$3632' with positive edge clock and positive level reset.
Creating register for signal `\Register_File.\regs[23]' using process `\Register_File.$proc$rtl/Single_Cycle.v:46$39'.
  created $adff cell `$procdff$3635' with positive edge clock and positive level reset.
Creating register for signal `\Register_File.\regs[24]' using process `\Register_File.$proc$rtl/Single_Cycle.v:46$39'.
  created $adff cell `$procdff$3638' with positive edge clock and positive level reset.
Creating register for signal `\Register_File.\regs[25]' using process `\Register_File.$proc$rtl/Single_Cycle.v:46$39'.
  created $adff cell `$procdff$3641' with positive edge clock and positive level reset.
Creating register for signal `\Register_File.\regs[26]' using process `\Register_File.$proc$rtl/Single_Cycle.v:46$39'.
  created $adff cell `$procdff$3644' with positive edge clock and positive level reset.
Creating register for signal `\Register_File.\regs[27]' using process `\Register_File.$proc$rtl/Single_Cycle.v:46$39'.
  created $adff cell `$procdff$3647' with positive edge clock and positive level reset.
Creating register for signal `\Register_File.\regs[28]' using process `\Register_File.$proc$rtl/Single_Cycle.v:46$39'.
  created $adff cell `$procdff$3650' with positive edge clock and positive level reset.
Creating register for signal `\Register_File.\regs[29]' using process `\Register_File.$proc$rtl/Single_Cycle.v:46$39'.
  created $adff cell `$procdff$3653' with positive edge clock and positive level reset.
Creating register for signal `\Register_File.\regs[30]' using process `\Register_File.$proc$rtl/Single_Cycle.v:46$39'.
  created $adff cell `$procdff$3656' with positive edge clock and positive level reset.
Creating register for signal `\Register_File.\regs[31]' using process `\Register_File.$proc$rtl/Single_Cycle.v:46$39'.
  created $adff cell `$procdff$3659' with positive edge clock and positive level reset.
Creating register for signal `\Register_File.$mem2reg_wr$\regs$rtl/Single_Cycle.v:49$36_ADDR' using process `\Register_File.$proc$rtl/Single_Cycle.v:46$39'.
  created $adff cell `$procdff$3662' with positive edge clock and positive level reset.
Creating register for signal `\Register_File.$mem2reg_wr$\regs$rtl/Single_Cycle.v:49$36_DATA' using process `\Register_File.$proc$rtl/Single_Cycle.v:46$39'.
  created $adff cell `$procdff$3665' with positive edge clock and positive level reset.
Creating register for signal `$paramod\Data_Memory\WORDS=s32'00000000000000000000000001000000.\i' using process `$paramod\Data_Memory\WORDS=s32'00000000000000000000000001000000.$proc$rtl/Single_Cycle.v:127$112'.
  created $adff cell `$procdff$3668' with positive edge clock and positive level reset.
Creating register for signal `$paramod\Data_Memory\WORDS=s32'00000000000000000000000001000000.\mem[0]' using process `$paramod\Data_Memory\WORDS=s32'00000000000000000000000001000000.$proc$rtl/Single_Cycle.v:127$112'.
  created $adff cell `$procdff$3671' with positive edge clock and positive level reset.
Creating register for signal `$paramod\Data_Memory\WORDS=s32'00000000000000000000000001000000.\mem[1]' using process `$paramod\Data_Memory\WORDS=s32'00000000000000000000000001000000.$proc$rtl/Single_Cycle.v:127$112'.
  created $adff cell `$procdff$3674' with positive edge clock and positive level reset.
Creating register for signal `$paramod\Data_Memory\WORDS=s32'00000000000000000000000001000000.\mem[2]' using process `$paramod\Data_Memory\WORDS=s32'00000000000000000000000001000000.$proc$rtl/Single_Cycle.v:127$112'.
  created $adff cell `$procdff$3677' with positive edge clock and positive level reset.
Creating register for signal `$paramod\Data_Memory\WORDS=s32'00000000000000000000000001000000.\mem[3]' using process `$paramod\Data_Memory\WORDS=s32'00000000000000000000000001000000.$proc$rtl/Single_Cycle.v:127$112'.
  created $adff cell `$procdff$3680' with positive edge clock and positive level reset.
Creating register for signal `$paramod\Data_Memory\WORDS=s32'00000000000000000000000001000000.\mem[4]' using process `$paramod\Data_Memory\WORDS=s32'00000000000000000000000001000000.$proc$rtl/Single_Cycle.v:127$112'.
  created $adff cell `$procdff$3683' with positive edge clock and positive level reset.
Creating register for signal `$paramod\Data_Memory\WORDS=s32'00000000000000000000000001000000.\mem[5]' using process `$paramod\Data_Memory\WORDS=s32'00000000000000000000000001000000.$proc$rtl/Single_Cycle.v:127$112'.
  created $adff cell `$procdff$3686' with positive edge clock and positive level reset.
Creating register for signal `$paramod\Data_Memory\WORDS=s32'00000000000000000000000001000000.\mem[6]' using process `$paramod\Data_Memory\WORDS=s32'00000000000000000000000001000000.$proc$rtl/Single_Cycle.v:127$112'.
  created $adff cell `$procdff$3689' with positive edge clock and positive level reset.
Creating register for signal `$paramod\Data_Memory\WORDS=s32'00000000000000000000000001000000.\mem[7]' using process `$paramod\Data_Memory\WORDS=s32'00000000000000000000000001000000.$proc$rtl/Single_Cycle.v:127$112'.
  created $adff cell `$procdff$3692' with positive edge clock and positive level reset.
Creating register for signal `$paramod\Data_Memory\WORDS=s32'00000000000000000000000001000000.\mem[8]' using process `$paramod\Data_Memory\WORDS=s32'00000000000000000000000001000000.$proc$rtl/Single_Cycle.v:127$112'.
  created $adff cell `$procdff$3695' with positive edge clock and positive level reset.
Creating register for signal `$paramod\Data_Memory\WORDS=s32'00000000000000000000000001000000.\mem[9]' using process `$paramod\Data_Memory\WORDS=s32'00000000000000000000000001000000.$proc$rtl/Single_Cycle.v:127$112'.
  created $adff cell `$procdff$3698' with positive edge clock and positive level reset.
Creating register for signal `$paramod\Data_Memory\WORDS=s32'00000000000000000000000001000000.\mem[10]' using process `$paramod\Data_Memory\WORDS=s32'00000000000000000000000001000000.$proc$rtl/Single_Cycle.v:127$112'.
  created $adff cell `$procdff$3701' with positive edge clock and positive level reset.
Creating register for signal `$paramod\Data_Memory\WORDS=s32'00000000000000000000000001000000.\mem[11]' using process `$paramod\Data_Memory\WORDS=s32'00000000000000000000000001000000.$proc$rtl/Single_Cycle.v:127$112'.
  created $adff cell `$procdff$3704' with positive edge clock and positive level reset.
Creating register for signal `$paramod\Data_Memory\WORDS=s32'00000000000000000000000001000000.\mem[12]' using process `$paramod\Data_Memory\WORDS=s32'00000000000000000000000001000000.$proc$rtl/Single_Cycle.v:127$112'.
  created $adff cell `$procdff$3707' with positive edge clock and positive level reset.
Creating register for signal `$paramod\Data_Memory\WORDS=s32'00000000000000000000000001000000.\mem[13]' using process `$paramod\Data_Memory\WORDS=s32'00000000000000000000000001000000.$proc$rtl/Single_Cycle.v:127$112'.
  created $adff cell `$procdff$3710' with positive edge clock and positive level reset.
Creating register for signal `$paramod\Data_Memory\WORDS=s32'00000000000000000000000001000000.\mem[14]' using process `$paramod\Data_Memory\WORDS=s32'00000000000000000000000001000000.$proc$rtl/Single_Cycle.v:127$112'.
  created $adff cell `$procdff$3713' with positive edge clock and positive level reset.
Creating register for signal `$paramod\Data_Memory\WORDS=s32'00000000000000000000000001000000.\mem[15]' using process `$paramod\Data_Memory\WORDS=s32'00000000000000000000000001000000.$proc$rtl/Single_Cycle.v:127$112'.
  created $adff cell `$procdff$3716' with positive edge clock and positive level reset.
Creating register for signal `$paramod\Data_Memory\WORDS=s32'00000000000000000000000001000000.\mem[16]' using process `$paramod\Data_Memory\WORDS=s32'00000000000000000000000001000000.$proc$rtl/Single_Cycle.v:127$112'.
  created $adff cell `$procdff$3719' with positive edge clock and positive level reset.
Creating register for signal `$paramod\Data_Memory\WORDS=s32'00000000000000000000000001000000.\mem[17]' using process `$paramod\Data_Memory\WORDS=s32'00000000000000000000000001000000.$proc$rtl/Single_Cycle.v:127$112'.
  created $adff cell `$procdff$3722' with positive edge clock and positive level reset.
Creating register for signal `$paramod\Data_Memory\WORDS=s32'00000000000000000000000001000000.\mem[18]' using process `$paramod\Data_Memory\WORDS=s32'00000000000000000000000001000000.$proc$rtl/Single_Cycle.v:127$112'.
  created $adff cell `$procdff$3725' with positive edge clock and positive level reset.
Creating register for signal `$paramod\Data_Memory\WORDS=s32'00000000000000000000000001000000.\mem[19]' using process `$paramod\Data_Memory\WORDS=s32'00000000000000000000000001000000.$proc$rtl/Single_Cycle.v:127$112'.
  created $adff cell `$procdff$3728' with positive edge clock and positive level reset.
Creating register for signal `$paramod\Data_Memory\WORDS=s32'00000000000000000000000001000000.\mem[20]' using process `$paramod\Data_Memory\WORDS=s32'00000000000000000000000001000000.$proc$rtl/Single_Cycle.v:127$112'.
  created $adff cell `$procdff$3731' with positive edge clock and positive level reset.
Creating register for signal `$paramod\Data_Memory\WORDS=s32'00000000000000000000000001000000.\mem[21]' using process `$paramod\Data_Memory\WORDS=s32'00000000000000000000000001000000.$proc$rtl/Single_Cycle.v:127$112'.
  created $adff cell `$procdff$3734' with positive edge clock and positive level reset.
Creating register for signal `$paramod\Data_Memory\WORDS=s32'00000000000000000000000001000000.\mem[22]' using process `$paramod\Data_Memory\WORDS=s32'00000000000000000000000001000000.$proc$rtl/Single_Cycle.v:127$112'.
  created $adff cell `$procdff$3737' with positive edge clock and positive level reset.
Creating register for signal `$paramod\Data_Memory\WORDS=s32'00000000000000000000000001000000.\mem[23]' using process `$paramod\Data_Memory\WORDS=s32'00000000000000000000000001000000.$proc$rtl/Single_Cycle.v:127$112'.
  created $adff cell `$procdff$3740' with positive edge clock and positive level reset.
Creating register for signal `$paramod\Data_Memory\WORDS=s32'00000000000000000000000001000000.\mem[24]' using process `$paramod\Data_Memory\WORDS=s32'00000000000000000000000001000000.$proc$rtl/Single_Cycle.v:127$112'.
  created $adff cell `$procdff$3743' with positive edge clock and positive level reset.
Creating register for signal `$paramod\Data_Memory\WORDS=s32'00000000000000000000000001000000.\mem[25]' using process `$paramod\Data_Memory\WORDS=s32'00000000000000000000000001000000.$proc$rtl/Single_Cycle.v:127$112'.
  created $adff cell `$procdff$3746' with positive edge clock and positive level reset.
Creating register for signal `$paramod\Data_Memory\WORDS=s32'00000000000000000000000001000000.\mem[26]' using process `$paramod\Data_Memory\WORDS=s32'00000000000000000000000001000000.$proc$rtl/Single_Cycle.v:127$112'.
  created $adff cell `$procdff$3749' with positive edge clock and positive level reset.
Creating register for signal `$paramod\Data_Memory\WORDS=s32'00000000000000000000000001000000.\mem[27]' using process `$paramod\Data_Memory\WORDS=s32'00000000000000000000000001000000.$proc$rtl/Single_Cycle.v:127$112'.
  created $adff cell `$procdff$3752' with positive edge clock and positive level reset.
Creating register for signal `$paramod\Data_Memory\WORDS=s32'00000000000000000000000001000000.\mem[28]' using process `$paramod\Data_Memory\WORDS=s32'00000000000000000000000001000000.$proc$rtl/Single_Cycle.v:127$112'.
  created $adff cell `$procdff$3755' with positive edge clock and positive level reset.
Creating register for signal `$paramod\Data_Memory\WORDS=s32'00000000000000000000000001000000.\mem[29]' using process `$paramod\Data_Memory\WORDS=s32'00000000000000000000000001000000.$proc$rtl/Single_Cycle.v:127$112'.
  created $adff cell `$procdff$3758' with positive edge clock and positive level reset.
Creating register for signal `$paramod\Data_Memory\WORDS=s32'00000000000000000000000001000000.\mem[30]' using process `$paramod\Data_Memory\WORDS=s32'00000000000000000000000001000000.$proc$rtl/Single_Cycle.v:127$112'.
  created $adff cell `$procdff$3761' with positive edge clock and positive level reset.
Creating register for signal `$paramod\Data_Memory\WORDS=s32'00000000000000000000000001000000.\mem[31]' using process `$paramod\Data_Memory\WORDS=s32'00000000000000000000000001000000.$proc$rtl/Single_Cycle.v:127$112'.
  created $adff cell `$procdff$3764' with positive edge clock and positive level reset.
Creating register for signal `$paramod\Data_Memory\WORDS=s32'00000000000000000000000001000000.\mem[32]' using process `$paramod\Data_Memory\WORDS=s32'00000000000000000000000001000000.$proc$rtl/Single_Cycle.v:127$112'.
  created $adff cell `$procdff$3767' with positive edge clock and positive level reset.
Creating register for signal `$paramod\Data_Memory\WORDS=s32'00000000000000000000000001000000.\mem[33]' using process `$paramod\Data_Memory\WORDS=s32'00000000000000000000000001000000.$proc$rtl/Single_Cycle.v:127$112'.
  created $adff cell `$procdff$3770' with positive edge clock and positive level reset.
Creating register for signal `$paramod\Data_Memory\WORDS=s32'00000000000000000000000001000000.\mem[34]' using process `$paramod\Data_Memory\WORDS=s32'00000000000000000000000001000000.$proc$rtl/Single_Cycle.v:127$112'.
  created $adff cell `$procdff$3773' with positive edge clock and positive level reset.
Creating register for signal `$paramod\Data_Memory\WORDS=s32'00000000000000000000000001000000.\mem[35]' using process `$paramod\Data_Memory\WORDS=s32'00000000000000000000000001000000.$proc$rtl/Single_Cycle.v:127$112'.
  created $adff cell `$procdff$3776' with positive edge clock and positive level reset.
Creating register for signal `$paramod\Data_Memory\WORDS=s32'00000000000000000000000001000000.\mem[36]' using process `$paramod\Data_Memory\WORDS=s32'00000000000000000000000001000000.$proc$rtl/Single_Cycle.v:127$112'.
  created $adff cell `$procdff$3779' with positive edge clock and positive level reset.
Creating register for signal `$paramod\Data_Memory\WORDS=s32'00000000000000000000000001000000.\mem[37]' using process `$paramod\Data_Memory\WORDS=s32'00000000000000000000000001000000.$proc$rtl/Single_Cycle.v:127$112'.
  created $adff cell `$procdff$3782' with positive edge clock and positive level reset.
Creating register for signal `$paramod\Data_Memory\WORDS=s32'00000000000000000000000001000000.\mem[38]' using process `$paramod\Data_Memory\WORDS=s32'00000000000000000000000001000000.$proc$rtl/Single_Cycle.v:127$112'.
  created $adff cell `$procdff$3785' with positive edge clock and positive level reset.
Creating register for signal `$paramod\Data_Memory\WORDS=s32'00000000000000000000000001000000.\mem[39]' using process `$paramod\Data_Memory\WORDS=s32'00000000000000000000000001000000.$proc$rtl/Single_Cycle.v:127$112'.
  created $adff cell `$procdff$3788' with positive edge clock and positive level reset.
Creating register for signal `$paramod\Data_Memory\WORDS=s32'00000000000000000000000001000000.\mem[40]' using process `$paramod\Data_Memory\WORDS=s32'00000000000000000000000001000000.$proc$rtl/Single_Cycle.v:127$112'.
  created $adff cell `$procdff$3791' with positive edge clock and positive level reset.
Creating register for signal `$paramod\Data_Memory\WORDS=s32'00000000000000000000000001000000.\mem[41]' using process `$paramod\Data_Memory\WORDS=s32'00000000000000000000000001000000.$proc$rtl/Single_Cycle.v:127$112'.
  created $adff cell `$procdff$3794' with positive edge clock and positive level reset.
Creating register for signal `$paramod\Data_Memory\WORDS=s32'00000000000000000000000001000000.\mem[42]' using process `$paramod\Data_Memory\WORDS=s32'00000000000000000000000001000000.$proc$rtl/Single_Cycle.v:127$112'.
  created $adff cell `$procdff$3797' with positive edge clock and positive level reset.
Creating register for signal `$paramod\Data_Memory\WORDS=s32'00000000000000000000000001000000.\mem[43]' using process `$paramod\Data_Memory\WORDS=s32'00000000000000000000000001000000.$proc$rtl/Single_Cycle.v:127$112'.
  created $adff cell `$procdff$3800' with positive edge clock and positive level reset.
Creating register for signal `$paramod\Data_Memory\WORDS=s32'00000000000000000000000001000000.\mem[44]' using process `$paramod\Data_Memory\WORDS=s32'00000000000000000000000001000000.$proc$rtl/Single_Cycle.v:127$112'.
  created $adff cell `$procdff$3803' with positive edge clock and positive level reset.
Creating register for signal `$paramod\Data_Memory\WORDS=s32'00000000000000000000000001000000.\mem[45]' using process `$paramod\Data_Memory\WORDS=s32'00000000000000000000000001000000.$proc$rtl/Single_Cycle.v:127$112'.
  created $adff cell `$procdff$3806' with positive edge clock and positive level reset.
Creating register for signal `$paramod\Data_Memory\WORDS=s32'00000000000000000000000001000000.\mem[46]' using process `$paramod\Data_Memory\WORDS=s32'00000000000000000000000001000000.$proc$rtl/Single_Cycle.v:127$112'.
  created $adff cell `$procdff$3809' with positive edge clock and positive level reset.
Creating register for signal `$paramod\Data_Memory\WORDS=s32'00000000000000000000000001000000.\mem[47]' using process `$paramod\Data_Memory\WORDS=s32'00000000000000000000000001000000.$proc$rtl/Single_Cycle.v:127$112'.
  created $adff cell `$procdff$3812' with positive edge clock and positive level reset.
Creating register for signal `$paramod\Data_Memory\WORDS=s32'00000000000000000000000001000000.\mem[48]' using process `$paramod\Data_Memory\WORDS=s32'00000000000000000000000001000000.$proc$rtl/Single_Cycle.v:127$112'.
  created $adff cell `$procdff$3815' with positive edge clock and positive level reset.
Creating register for signal `$paramod\Data_Memory\WORDS=s32'00000000000000000000000001000000.\mem[49]' using process `$paramod\Data_Memory\WORDS=s32'00000000000000000000000001000000.$proc$rtl/Single_Cycle.v:127$112'.
  created $adff cell `$procdff$3818' with positive edge clock and positive level reset.
Creating register for signal `$paramod\Data_Memory\WORDS=s32'00000000000000000000000001000000.\mem[50]' using process `$paramod\Data_Memory\WORDS=s32'00000000000000000000000001000000.$proc$rtl/Single_Cycle.v:127$112'.
  created $adff cell `$procdff$3821' with positive edge clock and positive level reset.
Creating register for signal `$paramod\Data_Memory\WORDS=s32'00000000000000000000000001000000.\mem[51]' using process `$paramod\Data_Memory\WORDS=s32'00000000000000000000000001000000.$proc$rtl/Single_Cycle.v:127$112'.
  created $adff cell `$procdff$3824' with positive edge clock and positive level reset.
Creating register for signal `$paramod\Data_Memory\WORDS=s32'00000000000000000000000001000000.\mem[52]' using process `$paramod\Data_Memory\WORDS=s32'00000000000000000000000001000000.$proc$rtl/Single_Cycle.v:127$112'.
  created $adff cell `$procdff$3827' with positive edge clock and positive level reset.
Creating register for signal `$paramod\Data_Memory\WORDS=s32'00000000000000000000000001000000.\mem[53]' using process `$paramod\Data_Memory\WORDS=s32'00000000000000000000000001000000.$proc$rtl/Single_Cycle.v:127$112'.
  created $adff cell `$procdff$3830' with positive edge clock and positive level reset.
Creating register for signal `$paramod\Data_Memory\WORDS=s32'00000000000000000000000001000000.\mem[54]' using process `$paramod\Data_Memory\WORDS=s32'00000000000000000000000001000000.$proc$rtl/Single_Cycle.v:127$112'.
  created $adff cell `$procdff$3833' with positive edge clock and positive level reset.
Creating register for signal `$paramod\Data_Memory\WORDS=s32'00000000000000000000000001000000.\mem[55]' using process `$paramod\Data_Memory\WORDS=s32'00000000000000000000000001000000.$proc$rtl/Single_Cycle.v:127$112'.
  created $adff cell `$procdff$3836' with positive edge clock and positive level reset.
Creating register for signal `$paramod\Data_Memory\WORDS=s32'00000000000000000000000001000000.\mem[56]' using process `$paramod\Data_Memory\WORDS=s32'00000000000000000000000001000000.$proc$rtl/Single_Cycle.v:127$112'.
  created $adff cell `$procdff$3839' with positive edge clock and positive level reset.
Creating register for signal `$paramod\Data_Memory\WORDS=s32'00000000000000000000000001000000.\mem[57]' using process `$paramod\Data_Memory\WORDS=s32'00000000000000000000000001000000.$proc$rtl/Single_Cycle.v:127$112'.
  created $adff cell `$procdff$3842' with positive edge clock and positive level reset.
Creating register for signal `$paramod\Data_Memory\WORDS=s32'00000000000000000000000001000000.\mem[58]' using process `$paramod\Data_Memory\WORDS=s32'00000000000000000000000001000000.$proc$rtl/Single_Cycle.v:127$112'.
  created $adff cell `$procdff$3845' with positive edge clock and positive level reset.
Creating register for signal `$paramod\Data_Memory\WORDS=s32'00000000000000000000000001000000.\mem[59]' using process `$paramod\Data_Memory\WORDS=s32'00000000000000000000000001000000.$proc$rtl/Single_Cycle.v:127$112'.
  created $adff cell `$procdff$3848' with positive edge clock and positive level reset.
Creating register for signal `$paramod\Data_Memory\WORDS=s32'00000000000000000000000001000000.\mem[60]' using process `$paramod\Data_Memory\WORDS=s32'00000000000000000000000001000000.$proc$rtl/Single_Cycle.v:127$112'.
  created $adff cell `$procdff$3851' with positive edge clock and positive level reset.
Creating register for signal `$paramod\Data_Memory\WORDS=s32'00000000000000000000000001000000.\mem[61]' using process `$paramod\Data_Memory\WORDS=s32'00000000000000000000000001000000.$proc$rtl/Single_Cycle.v:127$112'.
  created $adff cell `$procdff$3854' with positive edge clock and positive level reset.
Creating register for signal `$paramod\Data_Memory\WORDS=s32'00000000000000000000000001000000.\mem[62]' using process `$paramod\Data_Memory\WORDS=s32'00000000000000000000000001000000.$proc$rtl/Single_Cycle.v:127$112'.
  created $adff cell `$procdff$3857' with positive edge clock and positive level reset.
Creating register for signal `$paramod\Data_Memory\WORDS=s32'00000000000000000000000001000000.\mem[63]' using process `$paramod\Data_Memory\WORDS=s32'00000000000000000000000001000000.$proc$rtl/Single_Cycle.v:127$112'.
  created $adff cell `$procdff$3860' with positive edge clock and positive level reset.
Creating register for signal `$paramod\Data_Memory\WORDS=s32'00000000000000000000000001000000.$mem2reg_wr$\mem$rtl/Single_Cycle.v:129$107_ADDR' using process `$paramod\Data_Memory\WORDS=s32'00000000000000000000000001000000.$proc$rtl/Single_Cycle.v:127$112'.
  created $adff cell `$procdff$3863' with positive edge clock and positive level reset.
Creating register for signal `$paramod\Data_Memory\WORDS=s32'00000000000000000000000001000000.$mem2reg_wr$\mem$rtl/Single_Cycle.v:129$107_DATA' using process `$paramod\Data_Memory\WORDS=s32'00000000000000000000000001000000.$proc$rtl/Single_Cycle.v:127$112'.
  created $adff cell `$procdff$3866' with positive edge clock and positive level reset.
Creating register for signal `\Single_Cycle.\PC' using process `\Single_Cycle.$proc$rtl/Single_Cycle.v:21$23'.
  created $adff cell `$procdff$3869' with positive edge clock and positive level reset.

3.2.10. Executing PROC_MEMWR pass (convert process memory writes to cells).

3.2.11. Executing PROC_CLEAN pass (remove empty switches from decision trees).
Found and cleaned up 1 empty switch in `\ALU.$proc$rtl/Single_Cycle.v:109$77'.
Removing empty process `ALU.$proc$rtl/Single_Cycle.v:109$77'.
Found and cleaned up 9 empty switches in `\Control_Unit.$proc$rtl/Single_Cycle.v:70$59'.
Removing empty process `Control_Unit.$proc$rtl/Single_Cycle.v:70$59'.
Found and cleaned up 1 empty switch in `\Immediate_Generator.$proc$rtl/Single_Cycle.v:55$58'.
Removing empty process `Immediate_Generator.$proc$rtl/Single_Cycle.v:55$58'.
Found and cleaned up 1 empty switch in `\Register_File.$proc$rtl/Single_Cycle.v:51$55'.
Removing empty process `Register_File.$proc$rtl/Single_Cycle.v:51$55'.
Found and cleaned up 1 empty switch in `\Register_File.$proc$rtl/Single_Cycle.v:50$52'.
Removing empty process `Register_File.$proc$rtl/Single_Cycle.v:50$52'.
Found and cleaned up 2 empty switches in `\Register_File.$proc$rtl/Single_Cycle.v:46$39'.
Removing empty process `Register_File.$proc$rtl/Single_Cycle.v:46$39'.
Found and cleaned up 1 empty switch in `$paramod\Data_Memory\WORDS=s32'00000000000000000000000001000000.$proc$rtl/Single_Cycle.v:130$122'.
Removing empty process `$paramod\Data_Memory\WORDS=s32'00000000000000000000000001000000.$proc$rtl/Single_Cycle.v:130$122'.
Found and cleaned up 2 empty switches in `$paramod\Data_Memory\WORDS=s32'00000000000000000000000001000000.$proc$rtl/Single_Cycle.v:127$112'.
Removing empty process `$paramod\Data_Memory\WORDS=s32'00000000000000000000000001000000.$proc$rtl/Single_Cycle.v:127$112'.
Found and cleaned up 1 empty switch in `\Single_Cycle.$proc$rtl/Single_Cycle.v:21$23'.
Removing empty process `Single_Cycle.$proc$rtl/Single_Cycle.v:21$23'.
Cleaned up 19 empty switches.

3.2.12. Executing OPT_EXPR pass (perform const folding).
Optimizing module $paramod$9e6bc8e233a88c507ee6c1d0d66120fe2d49b2c9\Instruction_Memory.
<suppressed ~1 debug messages>
Optimizing module ALU.
<suppressed ~2 debug messages>
Optimizing module Control_Unit.
<suppressed ~18 debug messages>
Optimizing module Immediate_Generator.
Optimizing module Register_File.
<suppressed ~41 debug messages>
Optimizing module $paramod\Data_Memory\WORDS=s32'00000000000000000000000001000000.
<suppressed ~70 debug messages>
Optimizing module Single_Cycle.
<suppressed ~3 debug messages>

3.3. Executing OPT_EXPR pass (perform const folding).
Optimizing module $paramod$9e6bc8e233a88c507ee6c1d0d66120fe2d49b2c9\Instruction_Memory.
Optimizing module ALU.
Optimizing module Control_Unit.
Optimizing module Immediate_Generator.
Optimizing module Register_File.
Optimizing module $paramod\Data_Memory\WORDS=s32'00000000000000000000000001000000.
Optimizing module Single_Cycle.

3.4. Executing OPT_CLEAN pass (remove unused cells and wires).
Finding unused cells or wires in module $paramod$9e6bc8e233a88c507ee6c1d0d66120fe2d49b2c9\Instruction_Memory..
Finding unused cells or wires in module \ALU..
Finding unused cells or wires in module \Control_Unit..
Finding unused cells or wires in module \Immediate_Generator..
Finding unused cells or wires in module \Register_File..
Finding unused cells or wires in module $paramod\Data_Memory\WORDS=s32'00000000000000000000000001000000..
Finding unused cells or wires in module \Single_Cycle..
Removed 12 unused cells and 417 unused wires.
<suppressed ~21 debug messages>

3.5. Executing CHECK pass (checking for obvious problems).
Checking module $paramod$9e6bc8e233a88c507ee6c1d0d66120fe2d49b2c9\Instruction_Memory...
Checking module ALU...
Checking module Control_Unit...
Checking module Immediate_Generator...
Checking module Register_File...
Checking module $paramod\Data_Memory\WORDS=s32'00000000000000000000000001000000...
Checking module Single_Cycle...
Found and reported 0 problems.

3.6. Executing OPT pass (performing simple optimizations).

3.6.1. Executing OPT_EXPR pass (perform const folding).
Optimizing module $paramod$9e6bc8e233a88c507ee6c1d0d66120fe2d49b2c9\Instruction_Memory.
Optimizing module ALU.
Optimizing module Control_Unit.
Optimizing module Immediate_Generator.
Optimizing module Register_File.
Optimizing module $paramod\Data_Memory\WORDS=s32'00000000000000000000000001000000.
Optimizing module Single_Cycle.

3.6.2. Executing OPT_MERGE pass (detect identical cells).
Finding identical cells in module `$paramod$9e6bc8e233a88c507ee6c1d0d66120fe2d49b2c9\Instruction_Memory'.
Computing hashes of 6 cells of `$paramod$9e6bc8e233a88c507ee6c1d0d66120fe2d49b2c9\Instruction_Memory'.
Finding duplicate cells in `$paramod$9e6bc8e233a88c507ee6c1d0d66120fe2d49b2c9\Instruction_Memory'.
Finding identical cells in module `\ALU'.
Computing hashes of 22 cells of `\ALU'.
Finding duplicate cells in `\ALU'.
Finding identical cells in module `\Control_Unit'.
Computing hashes of 158 cells of `\Control_Unit'.
Finding duplicate cells in `\Control_Unit'.
Computing hashes of 91 cells of `\Control_Unit'.
Finding duplicate cells in `\Control_Unit'.
Computing hashes of 75 cells of `\Control_Unit'.
Finding duplicate cells in `\Control_Unit'.
<suppressed ~249 debug messages>
Finding identical cells in module `\Immediate_Generator'.
Computing hashes of 7 cells of `\Immediate_Generator'.
Finding duplicate cells in `\Immediate_Generator'.
Finding identical cells in module `\Register_File'.
Computing hashes of 200 cells of `\Register_File'.
Finding duplicate cells in `\Register_File'.
Computing hashes of 198 cells of `\Register_File'.
Finding duplicate cells in `\Register_File'.
<suppressed ~6 debug messages>
Finding identical cells in module `$paramod\Data_Memory\WORDS=s32'00000000000000000000000001000000'.
Computing hashes of 327 cells of `$paramod\Data_Memory\WORDS=s32'00000000000000000000000001000000'.
Finding duplicate cells in `$paramod\Data_Memory\WORDS=s32'00000000000000000000000001000000'.
Computing hashes of 263 cells of `$paramod\Data_Memory\WORDS=s32'00000000000000000000000001000000'.
Finding duplicate cells in `$paramod\Data_Memory\WORDS=s32'00000000000000000000000001000000'.
<suppressed ~192 debug messages>
Finding identical cells in module `\Single_Cycle'.
Computing hashes of 32 cells of `\Single_Cycle'.
Finding duplicate cells in `\Single_Cycle'.
Computing hashes of 29 cells of `\Single_Cycle'.
Finding duplicate cells in `\Single_Cycle'.
<suppressed ~9 debug messages>
Removed a total of 152 cells.

3.6.3. Executing OPT_MUXTREE pass (detect dead branches in mux trees).
Running muxtree optimizer on module $paramod$9e6bc8e233a88c507ee6c1d0d66120fe2d49b2c9\Instruction_Memory..
  Creating internal representation of mux trees.
  Evaluating internal representation of mux trees.
  Analyzing evaluation results.
Running muxtree optimizer on module \ALU..
  Creating internal representation of mux trees.
  Evaluating internal representation of mux trees.
  Analyzing evaluation results.
Running muxtree optimizer on module \Control_Unit..
  Creating internal representation of mux trees.
  Evaluating internal representation of mux trees.
  Analyzing evaluation results.
    dead port 2/2 on $mux $procmux$274.
    dead port 1/2 on $mux $procmux$272.
    dead port 2/2 on $mux $procmux$254.
    dead port 2/2 on $mux $procmux$315.
    dead port 2/2 on $mux $procmux$252.
    dead port 1/2 on $mux $procmux$250.
    dead port 1/2 on $mux $procmux$248.
    dead port 2/2 on $mux $procmux$229.
    dead port 2/2 on $mux $procmux$317.
    dead port 2/2 on $mux $procmux$227.
    dead port 2/2 on $mux $procmux$214.
    dead port 2/2 on $mux $procmux$352.
    dead port 2/2 on $mux $procmux$212.
    dead port 2/2 on $mux $procmux$298.
    dead port 2/2 on $mux $procmux$200.
    dead port 2/2 on $mux $procmux$198.
    dead port 2/2 on $mux $procmux$186.
    dead port 2/2 on $mux $procmux$368.
    dead port 2/2 on $mux $procmux$184.
    dead port 1/2 on $mux $procmux$182.
    dead port 2/2 on $mux $procmux$169.
    dead port 2/2 on $mux $procmux$296.
    dead port 2/2 on $mux $procmux$167.
    dead port 1/2 on $mux $procmux$294.
    dead port 1/2 on $mux $procmux$165.
    dead port 2/2 on $mux $procmux$152.
    dead port 2/2 on $mux $procmux$336.
    dead port 2/2 on $mux $procmux$276.
    dead port 2/2 on $mux $procmux$334.
Running muxtree optimizer on module \Immediate_Generator..
  Creating internal representation of mux trees.
  Evaluating internal representation of mux trees.
  Analyzing evaluation results.
Running muxtree optimizer on module \Register_File..
  Creating internal representation of mux trees.
  Evaluating internal representation of mux trees.
  Analyzing evaluation results.
    dead port 32/33 on $pmux $procmux$457.
    dead port 32/33 on $pmux $procmux$424.
Running muxtree optimizer on module $paramod\Data_Memory\WORDS=s32'00000000000000000000000001000000..
  Creating internal representation of mux trees.
  Evaluating internal representation of mux trees.
  Analyzing evaluation results.
Running muxtree optimizer on module \Single_Cycle..
  Creating internal representation of mux trees.
  Evaluating internal representation of mux trees.
  Analyzing evaluation results.
Removed 31 multiplexer ports.
<suppressed ~371 debug messages>

3.6.4. Executing OPT_REDUCE pass (consolidate $*mux and $reduce_* inputs).
  Optimizing cells in module $paramod$9e6bc8e233a88c507ee6c1d0d66120fe2d49b2c9\Instruction_Memory.
  Optimizing cells in module \ALU.
  Optimizing cells in module \Control_Unit.
    New ctrl vector for $pmux cell $procmux$385: { $auto$opt_reduce.cc:137:opt_pmux$3871 $procmux$318_CTRL }
    New ctrl vector for $pmux cell $procmux$371: { $procmux$413_CMP $procmux$417_CMP $auto$opt_reduce.cc:137:opt_pmux$3873 $procmux$318_CTRL }
    New ctrl vector for $pmux cell $procmux$359: { $auto$opt_reduce.cc:137:opt_pmux$3875 $procmux$362_CMP $procmux$363_CMP $procmux$367_CMP }
    New ctrl vector for $pmux cell $procmux$390: $auto$opt_reduce.cc:137:opt_pmux$3877
    New input vector for $reduce_or cell $auto$opt_reduce.cc:131:opt_pmux$3876: { $procmux$413_CMP $procmux$410_CMP $procmux$393_CMP }
  Optimizing cells in module \Control_Unit.
  Optimizing cells in module \Immediate_Generator.
  Optimizing cells in module \Register_File.
  Optimizing cells in module $paramod\Data_Memory\WORDS=s32'00000000000000000000000001000000.
  Optimizing cells in module \Single_Cycle.
Performed a total of 5 changes.

3.6.5. Executing OPT_MERGE pass (detect identical cells).
Finding identical cells in module `$paramod$9e6bc8e233a88c507ee6c1d0d66120fe2d49b2c9\Instruction_Memory'.
Computing hashes of 6 cells of `$paramod$9e6bc8e233a88c507ee6c1d0d66120fe2d49b2c9\Instruction_Memory'.
Finding duplicate cells in `$paramod$9e6bc8e233a88c507ee6c1d0d66120fe2d49b2c9\Instruction_Memory'.
Finding identical cells in module `\ALU'.
Computing hashes of 22 cells of `\ALU'.
Finding duplicate cells in `\ALU'.
Finding identical cells in module `\Control_Unit'.
Computing hashes of 50 cells of `\Control_Unit'.
Finding duplicate cells in `\Control_Unit'.
Computing hashes of 47 cells of `\Control_Unit'.
Finding duplicate cells in `\Control_Unit'.
<suppressed ~9 debug messages>
Finding identical cells in module `\Immediate_Generator'.
Computing hashes of 7 cells of `\Immediate_Generator'.
Finding duplicate cells in `\Immediate_Generator'.
Finding identical cells in module `\Register_File'.
Computing hashes of 198 cells of `\Register_File'.
Finding duplicate cells in `\Register_File'.
Finding identical cells in module `$paramod\Data_Memory\WORDS=s32'00000000000000000000000001000000'.
Computing hashes of 263 cells of `$paramod\Data_Memory\WORDS=s32'00000000000000000000000001000000'.
Finding duplicate cells in `$paramod\Data_Memory\WORDS=s32'00000000000000000000000001000000'.
Finding identical cells in module `\Single_Cycle'.
Computing hashes of 29 cells of `\Single_Cycle'.
Finding duplicate cells in `\Single_Cycle'.
Removed a total of 3 cells.

3.6.6. Executing OPT_DFF pass (perform DFF optimizations).

3.6.7. Executing OPT_CLEAN pass (remove unused cells and wires).
Finding unused cells or wires in module $paramod$9e6bc8e233a88c507ee6c1d0d66120fe2d49b2c9\Instruction_Memory..
Finding unused cells or wires in module \ALU..
Finding unused cells or wires in module \Control_Unit..
Finding unused cells or wires in module \Immediate_Generator..
Finding unused cells or wires in module \Register_File..
Finding unused cells or wires in module $paramod\Data_Memory\WORDS=s32'00000000000000000000000001000000..
Finding unused cells or wires in module \Single_Cycle..
Removed 4 unused cells and 170 unused wires.
<suppressed ~9 debug messages>

3.6.8. Executing OPT_EXPR pass (perform const folding).
Optimizing module $paramod$9e6bc8e233a88c507ee6c1d0d66120fe2d49b2c9\Instruction_Memory.
Optimizing module ALU.
Optimizing module Control_Unit.
Optimizing module Immediate_Generator.
Optimizing module Register_File.
Optimizing module $paramod\Data_Memory\WORDS=s32'00000000000000000000000001000000.
Optimizing module Single_Cycle.

3.6.9. Rerunning OPT passes. (Maybe there is more to do..)

3.6.10. Executing OPT_MUXTREE pass (detect dead branches in mux trees).
Running muxtree optimizer on module $paramod$9e6bc8e233a88c507ee6c1d0d66120fe2d49b2c9\Instruction_Memory..
  Creating internal representation of mux trees.
  Evaluating internal representation of mux trees.
  Analyzing evaluation results.
Running muxtree optimizer on module \ALU..
  Creating internal representation of mux trees.
  Evaluating internal representation of mux trees.
  Analyzing evaluation results.
Running muxtree optimizer on module \Control_Unit..
  Creating internal representation of mux trees.
  Evaluating internal representation of mux trees.
  Analyzing evaluation results.
Running muxtree optimizer on module \Immediate_Generator..
  Creating internal representation of mux trees.
  Evaluating internal representation of mux trees.
  Analyzing evaluation results.
Running muxtree optimizer on module \Register_File..
  Creating internal representation of mux trees.
  Evaluating internal representation of mux trees.
  Analyzing evaluation results.
Running muxtree optimizer on module $paramod\Data_Memory\WORDS=s32'00000000000000000000000001000000..
  Creating internal representation of mux trees.
  Evaluating internal representation of mux trees.
  Analyzing evaluation results.
Running muxtree optimizer on module \Single_Cycle..
  Creating internal representation of mux trees.
  Evaluating internal representation of mux trees.
  Analyzing evaluation results.
Removed 0 multiplexer ports.
<suppressed ~339 debug messages>

3.6.11. Executing OPT_REDUCE pass (consolidate $*mux and $reduce_* inputs).
  Optimizing cells in module $paramod$9e6bc8e233a88c507ee6c1d0d66120fe2d49b2c9\Instruction_Memory.
  Optimizing cells in module \ALU.
  Optimizing cells in module \Control_Unit.
  Optimizing cells in module \Immediate_Generator.
  Optimizing cells in module \Register_File.
  Optimizing cells in module $paramod\Data_Memory\WORDS=s32'00000000000000000000000001000000.
  Optimizing cells in module \Single_Cycle.
Performed a total of 0 changes.

3.6.12. Executing OPT_MERGE pass (detect identical cells).
Finding identical cells in module `$paramod$9e6bc8e233a88c507ee6c1d0d66120fe2d49b2c9\Instruction_Memory'.
Computing hashes of 6 cells of `$paramod$9e6bc8e233a88c507ee6c1d0d66120fe2d49b2c9\Instruction_Memory'.
Finding duplicate cells in `$paramod$9e6bc8e233a88c507ee6c1d0d66120fe2d49b2c9\Instruction_Memory'.
Finding identical cells in module `\ALU'.
Computing hashes of 22 cells of `\ALU'.
Finding duplicate cells in `\ALU'.
Finding identical cells in module `\Control_Unit'.
Computing hashes of 47 cells of `\Control_Unit'.
Finding duplicate cells in `\Control_Unit'.
Finding identical cells in module `\Immediate_Generator'.
Computing hashes of 7 cells of `\Immediate_Generator'.
Finding duplicate cells in `\Immediate_Generator'.
Finding identical cells in module `\Register_File'.
Computing hashes of 194 cells of `\Register_File'.
Finding duplicate cells in `\Register_File'.
Finding identical cells in module `$paramod\Data_Memory\WORDS=s32'00000000000000000000000001000000'.
Computing hashes of 263 cells of `$paramod\Data_Memory\WORDS=s32'00000000000000000000000001000000'.
Finding duplicate cells in `$paramod\Data_Memory\WORDS=s32'00000000000000000000000001000000'.
Finding identical cells in module `\Single_Cycle'.
Computing hashes of 29 cells of `\Single_Cycle'.
Finding duplicate cells in `\Single_Cycle'.
Removed a total of 0 cells.

3.6.13. Executing OPT_DFF pass (perform DFF optimizations).

3.6.14. Executing OPT_CLEAN pass (remove unused cells and wires).
Finding unused cells or wires in module $paramod$9e6bc8e233a88c507ee6c1d0d66120fe2d49b2c9\Instruction_Memory..
Finding unused cells or wires in module \ALU..
Finding unused cells or wires in module \Control_Unit..
Finding unused cells or wires in module \Immediate_Generator..
Finding unused cells or wires in module \Register_File..
Finding unused cells or wires in module $paramod\Data_Memory\WORDS=s32'00000000000000000000000001000000..
Finding unused cells or wires in module \Single_Cycle..

3.6.15. Executing OPT_EXPR pass (perform const folding).
Optimizing module $paramod$9e6bc8e233a88c507ee6c1d0d66120fe2d49b2c9\Instruction_Memory.
Optimizing module ALU.
Optimizing module Control_Unit.
Optimizing module Immediate_Generator.
Optimizing module Register_File.
Optimizing module $paramod\Data_Memory\WORDS=s32'00000000000000000000000001000000.
Optimizing module Single_Cycle.

3.6.16. Finished fast OPT passes. (There is nothing left to do.)

3.7. Executing FSM pass (extract and optimize FSM).

3.7.1. Executing FSM_DETECT pass (finding FSMs in design).

3.7.2. Executing FSM_EXTRACT pass (extracting FSM from design).

3.7.3. Executing FSM_OPT pass (simple optimizations of FSMs).

3.7.4. Executing OPT_CLEAN pass (remove unused cells and wires).
Finding unused cells or wires in module $paramod$9e6bc8e233a88c507ee6c1d0d66120fe2d49b2c9\Instruction_Memory..
Finding unused cells or wires in module \ALU..
Finding unused cells or wires in module \Control_Unit..
Finding unused cells or wires in module \Immediate_Generator..
Finding unused cells or wires in module \Register_File..
Finding unused cells or wires in module $paramod\Data_Memory\WORDS=s32'00000000000000000000000001000000..
Finding unused cells or wires in module \Single_Cycle..

3.7.5. Executing FSM_OPT pass (simple optimizations of FSMs).

3.7.6. Executing FSM_RECODE pass (re-assigning FSM state encoding).

3.7.7. Executing FSM_INFO pass (dumping all available information on FSM cells).

3.7.8. Executing FSM_MAP pass (mapping FSMs to basic logic).

3.8. Executing OPT pass (performing simple optimizations).

3.8.1. Executing OPT_EXPR pass (perform const folding).
Optimizing module $paramod$9e6bc8e233a88c507ee6c1d0d66120fe2d49b2c9\Instruction_Memory.
Optimizing module ALU.
Optimizing module Control_Unit.
Optimizing module Immediate_Generator.
Optimizing module Register_File.
Optimizing module $paramod\Data_Memory\WORDS=s32'00000000000000000000000001000000.
Optimizing module Single_Cycle.

3.8.2. Executing OPT_MERGE pass (detect identical cells).
Finding identical cells in module `$paramod$9e6bc8e233a88c507ee6c1d0d66120fe2d49b2c9\Instruction_Memory'.
Computing hashes of 6 cells of `$paramod$9e6bc8e233a88c507ee6c1d0d66120fe2d49b2c9\Instruction_Memory'.
Finding duplicate cells in `$paramod$9e6bc8e233a88c507ee6c1d0d66120fe2d49b2c9\Instruction_Memory'.
Finding identical cells in module `\ALU'.
Computing hashes of 22 cells of `\ALU'.
Finding duplicate cells in `\ALU'.
Finding identical cells in module `\Control_Unit'.
Computing hashes of 47 cells of `\Control_Unit'.
Finding duplicate cells in `\Control_Unit'.
Finding identical cells in module `\Immediate_Generator'.
Computing hashes of 7 cells of `\Immediate_Generator'.
Finding duplicate cells in `\Immediate_Generator'.
Finding identical cells in module `\Register_File'.
Computing hashes of 194 cells of `\Register_File'.
Finding duplicate cells in `\Register_File'.
Finding identical cells in module `$paramod\Data_Memory\WORDS=s32'00000000000000000000000001000000'.
Computing hashes of 263 cells of `$paramod\Data_Memory\WORDS=s32'00000000000000000000000001000000'.
Finding duplicate cells in `$paramod\Data_Memory\WORDS=s32'00000000000000000000000001000000'.
Finding identical cells in module `\Single_Cycle'.
Computing hashes of 29 cells of `\Single_Cycle'.
Finding duplicate cells in `\Single_Cycle'.
Removed a total of 0 cells.

3.8.3. Executing OPT_MUXTREE pass (detect dead branches in mux trees).
Running muxtree optimizer on module $paramod$9e6bc8e233a88c507ee6c1d0d66120fe2d49b2c9\Instruction_Memory..
  Creating internal representation of mux trees.
  Evaluating internal representation of mux trees.
  Analyzing evaluation results.
Running muxtree optimizer on module \ALU..
  Creating internal representation of mux trees.
  Evaluating internal representation of mux trees.
  Analyzing evaluation results.
Running muxtree optimizer on module \Control_Unit..
  Creating internal representation of mux trees.
  Evaluating internal representation of mux trees.
  Analyzing evaluation results.
Running muxtree optimizer on module \Immediate_Generator..
  Creating internal representation of mux trees.
  Evaluating internal representation of mux trees.
  Analyzing evaluation results.
Running muxtree optimizer on module \Register_File..
  Creating internal representation of mux trees.
  Evaluating internal representation of mux trees.
  Analyzing evaluation results.
Running muxtree optimizer on module $paramod\Data_Memory\WORDS=s32'00000000000000000000000001000000..
  Creating internal representation of mux trees.
  Evaluating internal representation of mux trees.
  Analyzing evaluation results.
Running muxtree optimizer on module \Single_Cycle..
  Creating internal representation of mux trees.
  Evaluating internal representation of mux trees.
  Analyzing evaluation results.
Removed 0 multiplexer ports.
<suppressed ~339 debug messages>

3.8.4. Executing OPT_REDUCE pass (consolidate $*mux and $reduce_* inputs).
  Optimizing cells in module $paramod$9e6bc8e233a88c507ee6c1d0d66120fe2d49b2c9\Instruction_Memory.
  Optimizing cells in module \ALU.
  Optimizing cells in module \Control_Unit.
  Optimizing cells in module \Immediate_Generator.
  Optimizing cells in module \Register_File.
  Optimizing cells in module $paramod\Data_Memory\WORDS=s32'00000000000000000000000001000000.
  Optimizing cells in module \Single_Cycle.
Performed a total of 0 changes.

3.8.5. Executing OPT_MERGE pass (detect identical cells).
Finding identical cells in module `$paramod$9e6bc8e233a88c507ee6c1d0d66120fe2d49b2c9\Instruction_Memory'.
Computing hashes of 6 cells of `$paramod$9e6bc8e233a88c507ee6c1d0d66120fe2d49b2c9\Instruction_Memory'.
Finding duplicate cells in `$paramod$9e6bc8e233a88c507ee6c1d0d66120fe2d49b2c9\Instruction_Memory'.
Finding identical cells in module `\ALU'.
Computing hashes of 22 cells of `\ALU'.
Finding duplicate cells in `\ALU'.
Finding identical cells in module `\Control_Unit'.
Computing hashes of 47 cells of `\Control_Unit'.
Finding duplicate cells in `\Control_Unit'.
Finding identical cells in module `\Immediate_Generator'.
Computing hashes of 7 cells of `\Immediate_Generator'.
Finding duplicate cells in `\Immediate_Generator'.
Finding identical cells in module `\Register_File'.
Computing hashes of 194 cells of `\Register_File'.
Finding duplicate cells in `\Register_File'.
Finding identical cells in module `$paramod\Data_Memory\WORDS=s32'00000000000000000000000001000000'.
Computing hashes of 263 cells of `$paramod\Data_Memory\WORDS=s32'00000000000000000000000001000000'.
Finding duplicate cells in `$paramod\Data_Memory\WORDS=s32'00000000000000000000000001000000'.
Finding identical cells in module `\Single_Cycle'.
Computing hashes of 29 cells of `\Single_Cycle'.
Finding duplicate cells in `\Single_Cycle'.
Removed a total of 0 cells.

3.8.6. Executing OPT_DFF pass (perform DFF optimizations).
Adding EN signal on $procdff$3635 ($adff) from module Register_File (D = \wd, Q = \regs[23]).
Adding EN signal on $procdff$3605 ($adff) from module Register_File (D = \wd, Q = \regs[13]).
Adding EN signal on $procdff$3653 ($adff) from module Register_File (D = \wd, Q = \regs[29]).
Adding EN signal on $procdff$3611 ($adff) from module Register_File (D = \wd, Q = \regs[15]).
Adding EN signal on $procdff$3602 ($adff) from module Register_File (D = \wd, Q = \regs[12]).
Adding EN signal on $procdff$3650 ($adff) from module Register_File (D = \wd, Q = \regs[28]).
Adding EN signal on $procdff$3599 ($adff) from module Register_File (D = \wd, Q = \regs[11]).
Adding EN signal on $procdff$3614 ($adff) from module Register_File (D = \wd, Q = \regs[16]).
Adding EN signal on $procdff$3638 ($adff) from module Register_File (D = \wd, Q = \regs[24]).
Adding EN signal on $procdff$3641 ($adff) from module Register_File (D = \wd, Q = \regs[25]).
Adding EN signal on $procdff$3632 ($adff) from module Register_File (D = \wd, Q = \regs[22]).
Adding EN signal on $procdff$3617 ($adff) from module Register_File (D = \wd, Q = \regs[17]).
Adding EN signal on $procdff$3569 ($adff) from module Register_File (D = \wd, Q = \regs[1]).
Adding EN signal on $procdff$3659 ($adff) from module Register_File (D = \wd, Q = \regs[31]).
Adding EN signal on $procdff$3572 ($adff) from module Register_File (D = \wd, Q = \regs[2]).
Adding EN signal on $procdff$3620 ($adff) from module Register_File (D = \wd, Q = \regs[18]).
Adding EN signal on $procdff$3575 ($adff) from module Register_File (D = \wd, Q = \regs[3]).
Adding EN signal on $procdff$3644 ($adff) from module Register_File (D = \wd, Q = \regs[26]).
Adding EN signal on $procdff$3578 ($adff) from module Register_File (D = \wd, Q = \regs[4]).
Adding EN signal on $procdff$3623 ($adff) from module Register_File (D = \wd, Q = \regs[19]).
Adding EN signal on $procdff$3581 ($adff) from module Register_File (D = \wd, Q = \regs[5]).
Adding EN signal on $procdff$3656 ($adff) from module Register_File (D = \wd, Q = \regs[30]).
Adding EN signal on $procdff$3584 ($adff) from module Register_File (D = \wd, Q = \regs[6]).
Adding EN signal on $procdff$3626 ($adff) from module Register_File (D = \wd, Q = \regs[20]).
Adding EN signal on $procdff$3587 ($adff) from module Register_File (D = \wd, Q = \regs[7]).
Adding EN signal on $procdff$3647 ($adff) from module Register_File (D = \wd, Q = \regs[27]).
Adding EN signal on $procdff$3590 ($adff) from module Register_File (D = \wd, Q = \regs[8]).
Adding EN signal on $procdff$3629 ($adff) from module Register_File (D = \wd, Q = \regs[21]).
Adding EN signal on $procdff$3593 ($adff) from module Register_File (D = \wd, Q = \regs[9]).
Adding EN signal on $procdff$3608 ($adff) from module Register_File (D = \wd, Q = \regs[14]).
Adding EN signal on $procdff$3596 ($adff) from module Register_File (D = \wd, Q = \regs[10]).
Adding EN signal on $procdff$3767 ($adff) from module $paramod\Data_Memory\WORDS=s32'00000000000000000000000001000000 (D = \wd, Q = \mem[32]).
Adding EN signal on $procdff$3815 ($adff) from module $paramod\Data_Memory\WORDS=s32'00000000000000000000000001000000 (D = \wd, Q = \mem[48]).
Adding EN signal on $procdff$3818 ($adff) from module $paramod\Data_Memory\WORDS=s32'00000000000000000000000001000000 (D = \wd, Q = \mem[49]).
Adding EN signal on $procdff$3671 ($adff) from module $paramod\Data_Memory\WORDS=s32'00000000000000000000000001000000 (D = \wd, Q = \mem[0]).
Adding EN signal on $procdff$3770 ($adff) from module $paramod\Data_Memory\WORDS=s32'00000000000000000000000001000000 (D = \wd, Q = \mem[33]).
Adding EN signal on $procdff$3674 ($adff) from module $paramod\Data_Memory\WORDS=s32'00000000000000000000000001000000 (D = \wd, Q = \mem[1]).
Adding EN signal on $procdff$3854 ($adff) from module $paramod\Data_Memory\WORDS=s32'00000000000000000000000001000000 (D = \wd, Q = \mem[61]).
Adding EN signal on $procdff$3677 ($adff) from module $paramod\Data_Memory\WORDS=s32'00000000000000000000000001000000 (D = \wd, Q = \mem[2]).
Adding EN signal on $procdff$3773 ($adff) from module $paramod\Data_Memory\WORDS=s32'00000000000000000000000001000000 (D = \wd, Q = \mem[34]).
Adding EN signal on $procdff$3680 ($adff) from module $paramod\Data_Memory\WORDS=s32'00000000000000000000000001000000 (D = \wd, Q = \mem[3]).
Adding EN signal on $procdff$3821 ($adff) from module $paramod\Data_Memory\WORDS=s32'00000000000000000000000001000000 (D = \wd, Q = \mem[50]).
Adding EN signal on $procdff$3683 ($adff) from module $paramod\Data_Memory\WORDS=s32'00000000000000000000000001000000 (D = \wd, Q = \mem[4]).
Adding EN signal on $procdff$3776 ($adff) from module $paramod\Data_Memory\WORDS=s32'00000000000000000000000001000000 (D = \wd, Q = \mem[35]).
Adding EN signal on $procdff$3686 ($adff) from module $paramod\Data_Memory\WORDS=s32'00000000000000000000000001000000 (D = \wd, Q = \mem[5]).
Adding EN signal on $procdff$3845 ($adff) from module $paramod\Data_Memory\WORDS=s32'00000000000000000000000001000000 (D = \wd, Q = \mem[58]).
Adding EN signal on $procdff$3689 ($adff) from module $paramod\Data_Memory\WORDS=s32'00000000000000000000000001000000 (D = \wd, Q = \mem[6]).
Adding EN signal on $procdff$3779 ($adff) from module $paramod\Data_Memory\WORDS=s32'00000000000000000000000001000000 (D = \wd, Q = \mem[36]).
Adding EN signal on $procdff$3692 ($adff) from module $paramod\Data_Memory\WORDS=s32'00000000000000000000000001000000 (D = \wd, Q = \mem[7]).
Adding EN signal on $procdff$3824 ($adff) from module $paramod\Data_Memory\WORDS=s32'00000000000000000000000001000000 (D = \wd, Q = \mem[51]).
Adding EN signal on $procdff$3695 ($adff) from module $paramod\Data_Memory\WORDS=s32'00000000000000000000000001000000 (D = \wd, Q = \mem[8]).
Adding EN signal on $procdff$3782 ($adff) from module $paramod\Data_Memory\WORDS=s32'00000000000000000000000001000000 (D = \wd, Q = \mem[37]).
Adding EN signal on $procdff$3698 ($adff) from module $paramod\Data_Memory\WORDS=s32'00000000000000000000000001000000 (D = \wd, Q = \mem[9]).
Adding EN signal on $procdff$3857 ($adff) from module $paramod\Data_Memory\WORDS=s32'00000000000000000000000001000000 (D = \wd, Q = \mem[62]).
Adding EN signal on $procdff$3701 ($adff) from module $paramod\Data_Memory\WORDS=s32'00000000000000000000000001000000 (D = \wd, Q = \mem[10]).
Adding EN signal on $procdff$3785 ($adff) from module $paramod\Data_Memory\WORDS=s32'00000000000000000000000001000000 (D = \wd, Q = \mem[38]).
Adding EN signal on $procdff$3704 ($adff) from module $paramod\Data_Memory\WORDS=s32'00000000000000000000000001000000 (D = \wd, Q = \mem[11]).
Adding EN signal on $procdff$3827 ($adff) from module $paramod\Data_Memory\WORDS=s32'00000000000000000000000001000000 (D = \wd, Q = \mem[52]).
Adding EN signal on $procdff$3707 ($adff) from module $paramod\Data_Memory\WORDS=s32'00000000000000000000000001000000 (D = \wd, Q = \mem[12]).
Adding EN signal on $procdff$3788 ($adff) from module $paramod\Data_Memory\WORDS=s32'00000000000000000000000001000000 (D = \wd, Q = \mem[39]).
Adding EN signal on $procdff$3710 ($adff) from module $paramod\Data_Memory\WORDS=s32'00000000000000000000000001000000 (D = \wd, Q = \mem[13]).
Adding EN signal on $procdff$3848 ($adff) from module $paramod\Data_Memory\WORDS=s32'00000000000000000000000001000000 (D = \wd, Q = \mem[59]).
Adding EN signal on $procdff$3713 ($adff) from module $paramod\Data_Memory\WORDS=s32'00000000000000000000000001000000 (D = \wd, Q = \mem[14]).
Adding EN signal on $procdff$3791 ($adff) from module $paramod\Data_Memory\WORDS=s32'00000000000000000000000001000000 (D = \wd, Q = \mem[40]).
Adding EN signal on $procdff$3716 ($adff) from module $paramod\Data_Memory\WORDS=s32'00000000000000000000000001000000 (D = \wd, Q = \mem[15]).
Adding EN signal on $procdff$3830 ($adff) from module $paramod\Data_Memory\WORDS=s32'00000000000000000000000001000000 (D = \wd, Q = \mem[53]).
Adding EN signal on $procdff$3719 ($adff) from module $paramod\Data_Memory\WORDS=s32'00000000000000000000000001000000 (D = \wd, Q = \mem[16]).
Adding EN signal on $procdff$3794 ($adff) from module $paramod\Data_Memory\WORDS=s32'00000000000000000000000001000000 (D = \wd, Q = \mem[41]).
Adding EN signal on $procdff$3722 ($adff) from module $paramod\Data_Memory\WORDS=s32'00000000000000000000000001000000 (D = \wd, Q = \mem[17]).
Adding EN signal on $procdff$3761 ($adff) from module $paramod\Data_Memory\WORDS=s32'00000000000000000000000001000000 (D = \wd, Q = \mem[30]).
Adding EN signal on $procdff$3725 ($adff) from module $paramod\Data_Memory\WORDS=s32'00000000000000000000000001000000 (D = \wd, Q = \mem[18]).
Adding EN signal on $procdff$3797 ($adff) from module $paramod\Data_Memory\WORDS=s32'00000000000000000000000001000000 (D = \wd, Q = \mem[42]).
Adding EN signal on $procdff$3728 ($adff) from module $paramod\Data_Memory\WORDS=s32'00000000000000000000000001000000 (D = \wd, Q = \mem[19]).
Adding EN signal on $procdff$3833 ($adff) from module $paramod\Data_Memory\WORDS=s32'00000000000000000000000001000000 (D = \wd, Q = \mem[54]).
Adding EN signal on $procdff$3731 ($adff) from module $paramod\Data_Memory\WORDS=s32'00000000000000000000000001000000 (D = \wd, Q = \mem[20]).
Adding EN signal on $procdff$3800 ($adff) from module $paramod\Data_Memory\WORDS=s32'00000000000000000000000001000000 (D = \wd, Q = \mem[43]).
Adding EN signal on $procdff$3734 ($adff) from module $paramod\Data_Memory\WORDS=s32'00000000000000000000000001000000 (D = \wd, Q = \mem[21]).
Adding EN signal on $procdff$3851 ($adff) from module $paramod\Data_Memory\WORDS=s32'00000000000000000000000001000000 (D = \wd, Q = \mem[60]).
Adding EN signal on $procdff$3737 ($adff) from module $paramod\Data_Memory\WORDS=s32'00000000000000000000000001000000 (D = \wd, Q = \mem[22]).
Adding EN signal on $procdff$3803 ($adff) from module $paramod\Data_Memory\WORDS=s32'00000000000000000000000001000000 (D = \wd, Q = \mem[44]).
Adding EN signal on $procdff$3740 ($adff) from module $paramod\Data_Memory\WORDS=s32'00000000000000000000000001000000 (D = \wd, Q = \mem[23]).
Adding EN signal on $procdff$3836 ($adff) from module $paramod\Data_Memory\WORDS=s32'00000000000000000000000001000000 (D = \wd, Q = \mem[55]).
Adding EN signal on $procdff$3743 ($adff) from module $paramod\Data_Memory\WORDS=s32'00000000000000000000000001000000 (D = \wd, Q = \mem[24]).
Adding EN signal on $procdff$3806 ($adff) from module $paramod\Data_Memory\WORDS=s32'00000000000000000000000001000000 (D = \wd, Q = \mem[45]).
Adding EN signal on $procdff$3746 ($adff) from module $paramod\Data_Memory\WORDS=s32'00000000000000000000000001000000 (D = \wd, Q = \mem[25]).
Adding EN signal on $procdff$3860 ($adff) from module $paramod\Data_Memory\WORDS=s32'00000000000000000000000001000000 (D = \wd, Q = \mem[63]).
Adding EN signal on $procdff$3749 ($adff) from module $paramod\Data_Memory\WORDS=s32'00000000000000000000000001000000 (D = \wd, Q = \mem[26]).
Adding EN signal on $procdff$3809 ($adff) from module $paramod\Data_Memory\WORDS=s32'00000000000000000000000001000000 (D = \wd, Q = \mem[46]).
Adding EN signal on $procdff$3752 ($adff) from module $paramod\Data_Memory\WORDS=s32'00000000000000000000000001000000 (D = \wd, Q = \mem[27]).
Adding EN signal on $procdff$3839 ($adff) from module $paramod\Data_Memory\WORDS=s32'00000000000000000000000001000000 (D = \wd, Q = \mem[56]).
Adding EN signal on $procdff$3755 ($adff) from module $paramod\Data_Memory\WORDS=s32'00000000000000000000000001000000 (D = \wd, Q = \mem[28]).
Adding EN signal on $procdff$3812 ($adff) from module $paramod\Data_Memory\WORDS=s32'00000000000000000000000001000000 (D = \wd, Q = \mem[47]).
Adding EN signal on $procdff$3758 ($adff) from module $paramod\Data_Memory\WORDS=s32'00000000000000000000000001000000 (D = \wd, Q = \mem[29]).
Adding EN signal on $procdff$3842 ($adff) from module $paramod\Data_Memory\WORDS=s32'00000000000000000000000001000000 (D = \wd, Q = \mem[57]).
Adding EN signal on $procdff$3764 ($adff) from module $paramod\Data_Memory\WORDS=s32'00000000000000000000000001000000 (D = \wd, Q = \mem[31]).
Adding EN signal on $procdff$3869 ($adff) from module Single_Cycle (D = \next_pc, Q = \PC).

3.8.7. Executing OPT_CLEAN pass (remove unused cells and wires).
Finding unused cells or wires in module $paramod$9e6bc8e233a88c507ee6c1d0d66120fe2d49b2c9\Instruction_Memory..
Finding unused cells or wires in module \ALU..
Finding unused cells or wires in module \Control_Unit..
Finding unused cells or wires in module \Immediate_Generator..
Finding unused cells or wires in module \Register_File..
Finding unused cells or wires in module $paramod\Data_Memory\WORDS=s32'00000000000000000000000001000000..
Finding unused cells or wires in module \Single_Cycle..
Removed 191 unused cells and 191 unused wires.
<suppressed ~194 debug messages>

3.8.8. Executing OPT_EXPR pass (perform const folding).
Optimizing module $paramod$9e6bc8e233a88c507ee6c1d0d66120fe2d49b2c9\Instruction_Memory.
Optimizing module ALU.
Optimizing module Control_Unit.
Optimizing module Immediate_Generator.
Optimizing module Register_File.
Optimizing module $paramod\Data_Memory\WORDS=s32'00000000000000000000000001000000.
Optimizing module Single_Cycle.

3.8.9. Rerunning OPT passes. (Maybe there is more to do..)

3.8.10. Executing OPT_MUXTREE pass (detect dead branches in mux trees).
Running muxtree optimizer on module $paramod$9e6bc8e233a88c507ee6c1d0d66120fe2d49b2c9\Instruction_Memory..
  Creating internal representation of mux trees.
  Evaluating internal representation of mux trees.
  Analyzing evaluation results.
Running muxtree optimizer on module \ALU..
  Creating internal representation of mux trees.
  Evaluating internal representation of mux trees.
  Analyzing evaluation results.
Running muxtree optimizer on module \Control_Unit..
  Creating internal representation of mux trees.
  Evaluating internal representation of mux trees.
  Analyzing evaluation results.
Running muxtree optimizer on module \Immediate_Generator..
  Creating internal representation of mux trees.
  Evaluating internal representation of mux trees.
  Analyzing evaluation results.
Running muxtree optimizer on module \Register_File..
  Creating internal representation of mux trees.
  Evaluating internal representation of mux trees.
  Analyzing evaluation results.
Running muxtree optimizer on module $paramod\Data_Memory\WORDS=s32'00000000000000000000000001000000..
  Creating internal representation of mux trees.
  Evaluating internal representation of mux trees.
  Analyzing evaluation results.
Running muxtree optimizer on module \Single_Cycle..
  Creating internal representation of mux trees.
  Evaluating internal representation of mux trees.
  Analyzing evaluation results.
Removed 0 multiplexer ports.
<suppressed ~53 debug messages>

3.8.11. Executing OPT_REDUCE pass (consolidate $*mux and $reduce_* inputs).
  Optimizing cells in module $paramod$9e6bc8e233a88c507ee6c1d0d66120fe2d49b2c9\Instruction_Memory.
  Optimizing cells in module \ALU.
  Optimizing cells in module \Control_Unit.
  Optimizing cells in module \Immediate_Generator.
  Optimizing cells in module \Register_File.
  Optimizing cells in module $paramod\Data_Memory\WORDS=s32'00000000000000000000000001000000.
  Optimizing cells in module \Single_Cycle.
Performed a total of 0 changes.

3.8.12. Executing OPT_MERGE pass (detect identical cells).
Finding identical cells in module `$paramod$9e6bc8e233a88c507ee6c1d0d66120fe2d49b2c9\Instruction_Memory'.
Computing hashes of 6 cells of `$paramod$9e6bc8e233a88c507ee6c1d0d66120fe2d49b2c9\Instruction_Memory'.
Finding duplicate cells in `$paramod$9e6bc8e233a88c507ee6c1d0d66120fe2d49b2c9\Instruction_Memory'.
Finding identical cells in module `\ALU'.
Computing hashes of 22 cells of `\ALU'.
Finding duplicate cells in `\ALU'.
Finding identical cells in module `\Control_Unit'.
Computing hashes of 47 cells of `\Control_Unit'.
Finding duplicate cells in `\Control_Unit'.
Finding identical cells in module `\Immediate_Generator'.
Computing hashes of 7 cells of `\Immediate_Generator'.
Finding duplicate cells in `\Immediate_Generator'.
Finding identical cells in module `\Register_File'.
Computing hashes of 163 cells of `\Register_File'.
Finding duplicate cells in `\Register_File'.
Finding identical cells in module `$paramod\Data_Memory\WORDS=s32'00000000000000000000000001000000'.
Computing hashes of 199 cells of `$paramod\Data_Memory\WORDS=s32'00000000000000000000000001000000'.
Finding duplicate cells in `$paramod\Data_Memory\WORDS=s32'00000000000000000000000001000000'.
Finding identical cells in module `\Single_Cycle'.
Computing hashes of 28 cells of `\Single_Cycle'.
Finding duplicate cells in `\Single_Cycle'.
Removed a total of 0 cells.

3.8.13. Executing OPT_DFF pass (perform DFF optimizations).

3.8.14. Executing OPT_CLEAN pass (remove unused cells and wires).
Finding unused cells or wires in module $paramod$9e6bc8e233a88c507ee6c1d0d66120fe2d49b2c9\Instruction_Memory..
Finding unused cells or wires in module \ALU..
Finding unused cells or wires in module \Control_Unit..
Finding unused cells or wires in module \Immediate_Generator..
Finding unused cells or wires in module \Register_File..
Finding unused cells or wires in module $paramod\Data_Memory\WORDS=s32'00000000000000000000000001000000..
Finding unused cells or wires in module \Single_Cycle..

3.8.15. Executing OPT_EXPR pass (perform const folding).
Optimizing module $paramod$9e6bc8e233a88c507ee6c1d0d66120fe2d49b2c9\Instruction_Memory.
Optimizing module ALU.
Optimizing module Control_Unit.
Optimizing module Immediate_Generator.
Optimizing module Register_File.
Optimizing module $paramod\Data_Memory\WORDS=s32'00000000000000000000000001000000.
Optimizing module Single_Cycle.

3.8.16. Finished fast OPT passes. (There is nothing left to do.)

3.9. Executing WREDUCE pass (reducing word size of cells).
Removed top 24 address bits (of 32) from memory init port $paramod$9e6bc8e233a88c507ee6c1d0d66120fe2d49b2c9\Instruction_Memory.$meminit$\mem$rtl/Single_Cycle.v:38$130 (mem).
Removed top 22 address bits (of 30) from memory read port $paramod$9e6bc8e233a88c507ee6c1d0d66120fe2d49b2c9\Instruction_Memory.$memrd$\mem$rtl/Single_Cycle.v:40$128 (mem).
Removed top 23 bits (of 32) from port B of cell $paramod$9e6bc8e233a88c507ee6c1d0d66120fe2d49b2c9\Instruction_Memory.$lt$rtl/Single_Cycle.v:39$126 ($lt).
Removed top 1 bits (of 4) from port B of cell ALU.$procmux$136_CMP0 ($eq).
Removed top 1 bits (of 4) from port B of cell ALU.$procmux$137_CMP0 ($eq).
Removed top 1 bits (of 4) from port B of cell ALU.$procmux$138_CMP0 ($eq).
Removed top 1 bits (of 4) from port B of cell ALU.$procmux$139_CMP0 ($eq).
Removed top 2 bits (of 4) from port B of cell ALU.$procmux$140_CMP0 ($eq).
Removed top 2 bits (of 4) from port B of cell ALU.$procmux$141_CMP0 ($eq).
Removed top 3 bits (of 4) from port B of cell ALU.$procmux$142_CMP0 ($eq).
Removed top 1 bits (of 7) from port B of cell Control_Unit.$eq$rtl/Single_Cycle.v:89$66 ($eq).
Removed top 1 bits (of 4) from mux cell Control_Unit.$procmux$162 ($mux).
Removed top 1 bits (of 4) from mux cell Control_Unit.$procmux$196 ($mux).
Removed top 3 bits (of 4) from mux cell Control_Unit.$procmux$270 ($mux).
Removed top 3 bits (of 4) from mux cell Control_Unit.$procmux$313 ($mux).
Removed top 1 bits (of 3) from port B of cell Control_Unit.$procmux$360_CMP0 ($eq).
Removed top 1 bits (of 3) from port B of cell Control_Unit.$procmux$361_CMP0 ($eq).
Removed top 2 bits (of 3) from port B of cell Control_Unit.$procmux$363_CMP0 ($eq).
Removed top 1 bits (of 7) from port B of cell Control_Unit.$procmux$393_CMP0 ($eq).
Removed top 2 bits (of 7) from port B of cell Control_Unit.$procmux$393_CMP1 ($eq).
Removed top 1 bits (of 7) from port B of cell Control_Unit.$procmux$404_CMP0 ($eq).
Removed top 5 bits (of 7) from port B of cell Control_Unit.$procmux$410_CMP0 ($eq).
Removed top 1 bits (of 4) from wire Control_Unit.$6\op[3:0].
Removed top 1 bits (of 4) from wire Control_Unit.$5\op[3:0].
Removed top 3 bits (of 4) from wire Control_Unit.$4\op[3:0].
Removed top 3 bits (of 4) from wire Control_Unit.$3\op[3:0].
Removed top 1 bits (of 7) from port B of cell Immediate_Generator.$procmux$422_CMP0 ($eq).
Removed top 5 bits (of 7) from port B of cell Immediate_Generator.$procmux$423_CMP0 ($eq).
Removed top 2 bits (of 7) from port B of cell Immediate_Generator.$procmux$423_CMP1 ($eq).
Removed top 1 bits (of 5) from port B of cell Register_File.$procmux$441_CMP0 ($eq).
Removed top 1 bits (of 5) from port B of cell Register_File.$procmux$442_CMP0 ($eq).
Removed top 1 bits (of 5) from port B of cell Register_File.$procmux$443_CMP0 ($eq).
Removed top 1 bits (of 5) from port B of cell Register_File.$procmux$444_CMP0 ($eq).
Removed top 1 bits (of 5) from port B of cell Register_File.$procmux$445_CMP0 ($eq).
Removed top 1 bits (of 5) from port B of cell Register_File.$procmux$446_CMP0 ($eq).
Removed top 1 bits (of 5) from port B of cell Register_File.$procmux$447_CMP0 ($eq).
Removed top 1 bits (of 5) from port B of cell Register_File.$procmux$448_CMP0 ($eq).
Removed top 2 bits (of 5) from port B of cell Register_File.$procmux$449_CMP0 ($eq).
Removed top 2 bits (of 5) from port B of cell Register_File.$procmux$450_CMP0 ($eq).
Removed top 2 bits (of 5) from port B of cell Register_File.$procmux$451_CMP0 ($eq).
Removed top 2 bits (of 5) from port B of cell Register_File.$procmux$452_CMP0 ($eq).
Removed top 3 bits (of 5) from port B of cell Register_File.$procmux$453_CMP0 ($eq).
Removed top 3 bits (of 5) from port B of cell Register_File.$procmux$454_CMP0 ($eq).
Removed top 4 bits (of 5) from port B of cell Register_File.$procmux$455_CMP0 ($eq).
Removed top 1 bits (of 5) from port B of cell Register_File.$procmux$474_CMP0 ($eq).
Removed top 1 bits (of 5) from port B of cell Register_File.$procmux$475_CMP0 ($eq).
Removed top 1 bits (of 5) from port B of cell Register_File.$procmux$476_CMP0 ($eq).
Removed top 1 bits (of 5) from port B of cell Register_File.$procmux$477_CMP0 ($eq).
Removed top 1 bits (of 5) from port B of cell Register_File.$procmux$478_CMP0 ($eq).
Removed top 1 bits (of 5) from port B of cell Register_File.$procmux$479_CMP0 ($eq).
Removed top 1 bits (of 5) from port B of cell Register_File.$procmux$480_CMP0 ($eq).
Removed top 1 bits (of 5) from port B of cell Register_File.$procmux$481_CMP0 ($eq).
Removed top 2 bits (of 5) from port B of cell Register_File.$procmux$482_CMP0 ($eq).
Removed top 2 bits (of 5) from port B of cell Register_File.$procmux$483_CMP0 ($eq).
Removed top 2 bits (of 5) from port B of cell Register_File.$procmux$484_CMP0 ($eq).
Removed top 2 bits (of 5) from port B of cell Register_File.$procmux$485_CMP0 ($eq).
Removed top 3 bits (of 5) from port B of cell Register_File.$procmux$486_CMP0 ($eq).
Removed top 3 bits (of 5) from port B of cell Register_File.$procmux$487_CMP0 ($eq).
Removed top 4 bits (of 5) from port B of cell Register_File.$procmux$488_CMP0 ($eq).
Removed top 1 bits (of 5) from port B of cell Register_File.$procmux$714_CMP0 ($eq).
Removed top 1 bits (of 5) from port B of cell Register_File.$procmux$736_CMP0 ($eq).
Removed top 1 bits (of 5) from port B of cell Register_File.$procmux$759_CMP0 ($eq).
Removed top 1 bits (of 5) from port B of cell Register_File.$procmux$783_CMP0 ($eq).
Removed top 1 bits (of 5) from port B of cell Register_File.$procmux$808_CMP0 ($eq).
Removed top 1 bits (of 5) from port B of cell Register_File.$procmux$834_CMP0 ($eq).
Removed top 1 bits (of 5) from port B of cell Register_File.$procmux$861_CMP0 ($eq).
Removed top 1 bits (of 5) from port B of cell Register_File.$procmux$889_CMP0 ($eq).
Removed top 2 bits (of 5) from port B of cell Register_File.$procmux$918_CMP0 ($eq).
Removed top 2 bits (of 5) from port B of cell Register_File.$procmux$948_CMP0 ($eq).
Removed top 2 bits (of 5) from port B of cell Register_File.$procmux$979_CMP0 ($eq).
Removed top 2 bits (of 5) from port B of cell Register_File.$procmux$1011_CMP0 ($eq).
Removed top 3 bits (of 5) from port B of cell Register_File.$procmux$1044_CMP0 ($eq).
Removed top 3 bits (of 5) from port B of cell Register_File.$procmux$1078_CMP0 ($eq).
Removed top 4 bits (of 5) from port B of cell Register_File.$procmux$1113_CMP0 ($eq).
Removed top 25 bits (of 32) from port B of cell $paramod\Data_Memory\WORDS=s32'00000000000000000000000001000000.$lt$rtl/Single_Cycle.v:126$110 ($lt).
Removed top 1 bits (of 6) from port B of cell $paramod\Data_Memory\WORDS=s32'00000000000000000000000001000000.$procmux$1913_CMP0 ($eq).
Removed top 1 bits (of 6) from port B of cell $paramod\Data_Memory\WORDS=s32'00000000000000000000000001000000.$procmux$1951_CMP0 ($eq).
Removed top 1 bits (of 6) from port B of cell $paramod\Data_Memory\WORDS=s32'00000000000000000000000001000000.$procmux$1990_CMP0 ($eq).
Removed top 1 bits (of 6) from port B of cell $paramod\Data_Memory\WORDS=s32'00000000000000000000000001000000.$procmux$2030_CMP0 ($eq).
Removed top 1 bits (of 6) from port B of cell $paramod\Data_Memory\WORDS=s32'00000000000000000000000001000000.$procmux$2071_CMP0 ($eq).
Removed top 1 bits (of 6) from port B of cell $paramod\Data_Memory\WORDS=s32'00000000000000000000000001000000.$procmux$2113_CMP0 ($eq).
Removed top 1 bits (of 6) from port B of cell $paramod\Data_Memory\WORDS=s32'00000000000000000000000001000000.$procmux$2156_CMP0 ($eq).
Removed top 1 bits (of 6) from port B of cell $paramod\Data_Memory\WORDS=s32'00000000000000000000000001000000.$procmux$2200_CMP0 ($eq).
Removed top 1 bits (of 6) from port B of cell $paramod\Data_Memory\WORDS=s32'00000000000000000000000001000000.$procmux$2245_CMP0 ($eq).
Removed top 1 bits (of 6) from port B of cell $paramod\Data_Memory\WORDS=s32'00000000000000000000000001000000.$procmux$2291_CMP0 ($eq).
Removed top 1 bits (of 6) from port B of cell $paramod\Data_Memory\WORDS=s32'00000000000000000000000001000000.$procmux$2338_CMP0 ($eq).
Removed top 1 bits (of 6) from port B of cell $paramod\Data_Memory\WORDS=s32'00000000000000000000000001000000.$procmux$2386_CMP0 ($eq).
Removed top 1 bits (of 6) from port B of cell $paramod\Data_Memory\WORDS=s32'00000000000000000000000001000000.$procmux$2435_CMP0 ($eq).
Removed top 1 bits (of 6) from port B of cell $paramod\Data_Memory\WORDS=s32'00000000000000000000000001000000.$procmux$2485_CMP0 ($eq).
Removed top 1 bits (of 6) from port B of cell $paramod\Data_Memory\WORDS=s32'00000000000000000000000001000000.$procmux$2536_CMP0 ($eq).
Removed top 1 bits (of 6) from port B of cell $paramod\Data_Memory\WORDS=s32'00000000000000000000000001000000.$procmux$2588_CMP0 ($eq).
Removed top 2 bits (of 6) from port B of cell $paramod\Data_Memory\WORDS=s32'00000000000000000000000001000000.$procmux$2641_CMP0 ($eq).
Removed top 2 bits (of 6) from port B of cell $paramod\Data_Memory\WORDS=s32'00000000000000000000000001000000.$procmux$2695_CMP0 ($eq).
Removed top 2 bits (of 6) from port B of cell $paramod\Data_Memory\WORDS=s32'00000000000000000000000001000000.$procmux$2750_CMP0 ($eq).
Removed top 2 bits (of 6) from port B of cell $paramod\Data_Memory\WORDS=s32'00000000000000000000000001000000.$procmux$2806_CMP0 ($eq).
Removed top 2 bits (of 6) from port B of cell $paramod\Data_Memory\WORDS=s32'00000000000000000000000001000000.$procmux$2863_CMP0 ($eq).
Removed top 2 bits (of 6) from port B of cell $paramod\Data_Memory\WORDS=s32'00000000000000000000000001000000.$procmux$2921_CMP0 ($eq).
Removed top 2 bits (of 6) from port B of cell $paramod\Data_Memory\WORDS=s32'00000000000000000000000001000000.$procmux$2980_CMP0 ($eq).
Removed top 2 bits (of 6) from port B of cell $paramod\Data_Memory\WORDS=s32'00000000000000000000000001000000.$procmux$3040_CMP0 ($eq).
Removed top 3 bits (of 6) from port B of cell $paramod\Data_Memory\WORDS=s32'00000000000000000000000001000000.$procmux$3101_CMP0 ($eq).
Removed top 3 bits (of 6) from port B of cell $paramod\Data_Memory\WORDS=s32'00000000000000000000000001000000.$procmux$3163_CMP0 ($eq).
Removed top 3 bits (of 6) from port B of cell $paramod\Data_Memory\WORDS=s32'00000000000000000000000001000000.$procmux$3226_CMP0 ($eq).
Removed top 3 bits (of 6) from port B of cell $paramod\Data_Memory\WORDS=s32'00000000000000000000000001000000.$procmux$3290_CMP0 ($eq).
Removed top 4 bits (of 6) from port B of cell $paramod\Data_Memory\WORDS=s32'00000000000000000000000001000000.$procmux$3355_CMP0 ($eq).
Removed top 4 bits (of 6) from port B of cell $paramod\Data_Memory\WORDS=s32'00000000000000000000000001000000.$procmux$3421_CMP0 ($eq).
Removed top 5 bits (of 6) from port B of cell $paramod\Data_Memory\WORDS=s32'00000000000000000000000001000000.$procmux$3488_CMP0 ($eq).
Removed top 29 bits (of 32) from port B of cell Single_Cycle.$add$rtl/Single_Cycle.v:20$20 ($add).

3.10. Executing PEEPOPT pass (run peephole optimizers).

3.11. Executing OPT_CLEAN pass (remove unused cells and wires).
Finding unused cells or wires in module $paramod$9e6bc8e233a88c507ee6c1d0d66120fe2d49b2c9\Instruction_Memory..
Finding unused cells or wires in module \ALU..
Finding unused cells or wires in module \Control_Unit..
Finding unused cells or wires in module \Immediate_Generator..
Finding unused cells or wires in module \Register_File..
Finding unused cells or wires in module $paramod\Data_Memory\WORDS=s32'00000000000000000000000001000000..
Finding unused cells or wires in module \Single_Cycle..
Removed 0 unused cells and 4 unused wires.
<suppressed ~1 debug messages>

3.12. Executing ALUMACC pass (create $alu and $macc cells).
Extracting $alu and $macc cells in module $paramod$9e6bc8e233a88c507ee6c1d0d66120fe2d49b2c9\Instruction_Memory:
  creating $alu model for $lt$rtl/Single_Cycle.v:39$126 ($lt): new $alu
  creating $alu cell for $lt$rtl/Single_Cycle.v:39$126: $auto$alumacc.cc:548:replace_alu$4169
  created 1 $alu and 0 $macc cells.
Extracting $alu and $macc cells in module ALU:
  creating $macc model for $sub$rtl/Single_Cycle.v:111$79 ($sub).
  creating $macc model for $add$rtl/Single_Cycle.v:111$78 ($add).
  creating $alu model for $macc $add$rtl/Single_Cycle.v:111$78.
  creating $alu model for $macc $sub$rtl/Single_Cycle.v:111$79.
  creating $alu model for $lt$rtl/Single_Cycle.v:115$87 ($lt): merged with $sub$rtl/Single_Cycle.v:111$79.
  creating $alu model for $lt$rtl/Single_Cycle.v:114$86 ($lt): merged with $sub$rtl/Single_Cycle.v:111$79.
  creating $alu cell for $sub$rtl/Single_Cycle.v:111$79, $lt$rtl/Single_Cycle.v:115$87, $lt$rtl/Single_Cycle.v:114$86: $auto$alumacc.cc:548:replace_alu$4174
  creating $alu cell for $add$rtl/Single_Cycle.v:111$78: $auto$alumacc.cc:548:replace_alu$4183
  created 2 $alu and 0 $macc cells.
Extracting $alu and $macc cells in module Control_Unit:
  created 0 $alu and 0 $macc cells.
Extracting $alu and $macc cells in module Immediate_Generator:
  created 0 $alu and 0 $macc cells.
Extracting $alu and $macc cells in module Register_File:
  created 0 $alu and 0 $macc cells.
Extracting $alu and $macc cells in module $paramod\Data_Memory\WORDS=s32'00000000000000000000000001000000:
  creating $alu model for $lt$rtl/Single_Cycle.v:126$110 ($lt): new $alu
  creating $alu cell for $lt$rtl/Single_Cycle.v:126$110: $auto$alumacc.cc:548:replace_alu$4187
  created 1 $alu and 0 $macc cells.
Extracting $alu and $macc cells in module Single_Cycle:
  creating $macc model for $add$rtl/Single_Cycle.v:20$20 ($add).
  creating $macc model for $add$rtl/Single_Cycle.v:14$3 ($add).
  creating $alu model for $macc $add$rtl/Single_Cycle.v:14$3.
  creating $alu model for $macc $add$rtl/Single_Cycle.v:20$20.
  creating $alu cell for $add$rtl/Single_Cycle.v:20$20: $auto$alumacc.cc:548:replace_alu$4192
  creating $alu cell for $add$rtl/Single_Cycle.v:14$3: $auto$alumacc.cc:548:replace_alu$4195
  created 2 $alu and 0 $macc cells.

3.13. Executing SHARE pass (SAT-based resource sharing).
Found 3 cells in module ALU that may be considered for resource sharing.
  Analyzing resource sharing options for $shl$rtl/Single_Cycle.v:112$83 ($shl):
    Found 1 activation_patterns using ctrl signal $procmux$138_CMP.
    No candidates found.
  Analyzing resource sharing options for $shr$rtl/Single_Cycle.v:112$84 ($shr):
    Found 1 activation_patterns using ctrl signal $procmux$137_CMP.
    No candidates found.
  Analyzing resource sharing options for $sshr$rtl/Single_Cycle.v:113$85 ($sshr):
    Found 1 activation_patterns using ctrl signal $procmux$136_CMP.
    No candidates found.

3.14. Executing OPT pass (performing simple optimizations).

3.14.1. Executing OPT_EXPR pass (perform const folding).
Optimizing module $paramod$9e6bc8e233a88c507ee6c1d0d66120fe2d49b2c9\Instruction_Memory.
Optimizing module ALU.
Optimizing module Control_Unit.
Optimizing module Immediate_Generator.
Optimizing module Register_File.
Optimizing module $paramod\Data_Memory\WORDS=s32'00000000000000000000000001000000.
Optimizing module Single_Cycle.

3.14.2. Executing OPT_MERGE pass (detect identical cells).
Finding identical cells in module `$paramod$9e6bc8e233a88c507ee6c1d0d66120fe2d49b2c9\Instruction_Memory'.
Computing hashes of 7 cells of `$paramod$9e6bc8e233a88c507ee6c1d0d66120fe2d49b2c9\Instruction_Memory'.
Finding duplicate cells in `$paramod$9e6bc8e233a88c507ee6c1d0d66120fe2d49b2c9\Instruction_Memory'.
Finding identical cells in module `\ALU'.
Computing hashes of 23 cells of `\ALU'.
Finding duplicate cells in `\ALU'.
Finding identical cells in module `\Control_Unit'.
Computing hashes of 47 cells of `\Control_Unit'.
Finding duplicate cells in `\Control_Unit'.
Finding identical cells in module `\Immediate_Generator'.
Computing hashes of 7 cells of `\Immediate_Generator'.
Finding duplicate cells in `\Immediate_Generator'.
Finding identical cells in module `\Register_File'.
Computing hashes of 163 cells of `\Register_File'.
Finding duplicate cells in `\Register_File'.
Finding identical cells in module `$paramod\Data_Memory\WORDS=s32'00000000000000000000000001000000'.
Computing hashes of 200 cells of `$paramod\Data_Memory\WORDS=s32'00000000000000000000000001000000'.
Finding duplicate cells in `$paramod\Data_Memory\WORDS=s32'00000000000000000000000001000000'.
Finding identical cells in module `\Single_Cycle'.
Computing hashes of 28 cells of `\Single_Cycle'.
Finding duplicate cells in `\Single_Cycle'.
Removed a total of 0 cells.

3.14.3. Executing OPT_MUXTREE pass (detect dead branches in mux trees).
Running muxtree optimizer on module $paramod$9e6bc8e233a88c507ee6c1d0d66120fe2d49b2c9\Instruction_Memory..
  Creating internal representation of mux trees.
  Evaluating internal representation of mux trees.
  Analyzing evaluation results.
Running muxtree optimizer on module \ALU..
  Creating internal representation of mux trees.
  Evaluating internal representation of mux trees.
  Analyzing evaluation results.
Running muxtree optimizer on module \Control_Unit..
  Creating internal representation of mux trees.
  Evaluating internal representation of mux trees.
  Analyzing evaluation results.
Running muxtree optimizer on module \Immediate_Generator..
  Creating internal representation of mux trees.
  Evaluating internal representation of mux trees.
  Analyzing evaluation results.
Running muxtree optimizer on module \Register_File..
  Creating internal representation of mux trees.
  Evaluating internal representation of mux trees.
  Analyzing evaluation results.
Running muxtree optimizer on module $paramod\Data_Memory\WORDS=s32'00000000000000000000000001000000..
  Creating internal representation of mux trees.
  Evaluating internal representation of mux trees.
  Analyzing evaluation results.
Running muxtree optimizer on module \Single_Cycle..
  Creating internal representation of mux trees.
  Evaluating internal representation of mux trees.
  Analyzing evaluation results.
Removed 0 multiplexer ports.
<suppressed ~53 debug messages>

3.14.4. Executing OPT_REDUCE pass (consolidate $*mux and $reduce_* inputs).
  Optimizing cells in module $paramod$9e6bc8e233a88c507ee6c1d0d66120fe2d49b2c9\Instruction_Memory.
  Optimizing cells in module \ALU.
  Optimizing cells in module \Control_Unit.
  Optimizing cells in module \Immediate_Generator.
  Optimizing cells in module \Register_File.
  Optimizing cells in module $paramod\Data_Memory\WORDS=s32'00000000000000000000000001000000.
  Optimizing cells in module \Single_Cycle.
Performed a total of 0 changes.

3.14.5. Executing OPT_MERGE pass (detect identical cells).
Finding identical cells in module `$paramod$9e6bc8e233a88c507ee6c1d0d66120fe2d49b2c9\Instruction_Memory'.
Computing hashes of 7 cells of `$paramod$9e6bc8e233a88c507ee6c1d0d66120fe2d49b2c9\Instruction_Memory'.
Finding duplicate cells in `$paramod$9e6bc8e233a88c507ee6c1d0d66120fe2d49b2c9\Instruction_Memory'.
Finding identical cells in module `\ALU'.
Computing hashes of 23 cells of `\ALU'.
Finding duplicate cells in `\ALU'.
Finding identical cells in module `\Control_Unit'.
Computing hashes of 47 cells of `\Control_Unit'.
Finding duplicate cells in `\Control_Unit'.
Computing hashes of 46 cells of `\Control_Unit'.
Finding duplicate cells in `\Control_Unit'.
<suppressed ~3 debug messages>
Finding identical cells in module `\Immediate_Generator'.
Computing hashes of 7 cells of `\Immediate_Generator'.
Finding duplicate cells in `\Immediate_Generator'.
Finding identical cells in module `\Register_File'.
Computing hashes of 163 cells of `\Register_File'.
Finding duplicate cells in `\Register_File'.
Finding identical cells in module `$paramod\Data_Memory\WORDS=s32'00000000000000000000000001000000'.
Computing hashes of 200 cells of `$paramod\Data_Memory\WORDS=s32'00000000000000000000000001000000'.
Finding duplicate cells in `$paramod\Data_Memory\WORDS=s32'00000000000000000000000001000000'.
Finding identical cells in module `\Single_Cycle'.
Computing hashes of 28 cells of `\Single_Cycle'.
Finding duplicate cells in `\Single_Cycle'.
Removed a total of 1 cells.

3.14.6. Executing OPT_DFF pass (perform DFF optimizations).

3.14.7. Executing OPT_CLEAN pass (remove unused cells and wires).
Finding unused cells or wires in module $paramod$9e6bc8e233a88c507ee6c1d0d66120fe2d49b2c9\Instruction_Memory..
Finding unused cells or wires in module \ALU..
Finding unused cells or wires in module \Control_Unit..
Finding unused cells or wires in module \Immediate_Generator..
Finding unused cells or wires in module \Register_File..
Finding unused cells or wires in module $paramod\Data_Memory\WORDS=s32'00000000000000000000000001000000..
Finding unused cells or wires in module \Single_Cycle..
Removed 0 unused cells and 5 unused wires.
<suppressed ~4 debug messages>

3.14.8. Executing OPT_EXPR pass (perform const folding).
Optimizing module $paramod$9e6bc8e233a88c507ee6c1d0d66120fe2d49b2c9\Instruction_Memory.
Optimizing module ALU.
Optimizing module Control_Unit.
Optimizing module Immediate_Generator.
Optimizing module Register_File.
Optimizing module $paramod\Data_Memory\WORDS=s32'00000000000000000000000001000000.
Optimizing module Single_Cycle.

3.14.9. Rerunning OPT passes. (Maybe there is more to do..)

3.14.10. Executing OPT_MUXTREE pass (detect dead branches in mux trees).
Running muxtree optimizer on module $paramod$9e6bc8e233a88c507ee6c1d0d66120fe2d49b2c9\Instruction_Memory..
  Creating internal representation of mux trees.
  Evaluating internal representation of mux trees.
  Analyzing evaluation results.
Running muxtree optimizer on module \ALU..
  Creating internal representation of mux trees.
  Evaluating internal representation of mux trees.
  Analyzing evaluation results.
Running muxtree optimizer on module \Control_Unit..
  Creating internal representation of mux trees.
  Evaluating internal representation of mux trees.
  Analyzing evaluation results.
Running muxtree optimizer on module \Immediate_Generator..
  Creating internal representation of mux trees.
  Evaluating internal representation of mux trees.
  Analyzing evaluation results.
Running muxtree optimizer on module \Register_File..
  Creating internal representation of mux trees.
  Evaluating internal representation of mux trees.
  Analyzing evaluation results.
Running muxtree optimizer on module $paramod\Data_Memory\WORDS=s32'00000000000000000000000001000000..
  Creating internal representation of mux trees.
  Evaluating internal representation of mux trees.
  Analyzing evaluation results.
Running muxtree optimizer on module \Single_Cycle..
  Creating internal representation of mux trees.
  Evaluating internal representation of mux trees.
  Analyzing evaluation results.
Removed 0 multiplexer ports.
<suppressed ~55 debug messages>

3.14.11. Executing OPT_REDUCE pass (consolidate $*mux and $reduce_* inputs).
  Optimizing cells in module $paramod$9e6bc8e233a88c507ee6c1d0d66120fe2d49b2c9\Instruction_Memory.
  Optimizing cells in module \ALU.
  Optimizing cells in module \Control_Unit.
  Optimizing cells in module \Immediate_Generator.
  Optimizing cells in module \Register_File.
  Optimizing cells in module $paramod\Data_Memory\WORDS=s32'00000000000000000000000001000000.
  Optimizing cells in module \Single_Cycle.
Performed a total of 0 changes.

3.14.12. Executing OPT_MERGE pass (detect identical cells).
Finding identical cells in module `$paramod$9e6bc8e233a88c507ee6c1d0d66120fe2d49b2c9\Instruction_Memory'.
Computing hashes of 7 cells of `$paramod$9e6bc8e233a88c507ee6c1d0d66120fe2d49b2c9\Instruction_Memory'.
Finding duplicate cells in `$paramod$9e6bc8e233a88c507ee6c1d0d66120fe2d49b2c9\Instruction_Memory'.
Finding identical cells in module `\ALU'.
Computing hashes of 23 cells of `\ALU'.
Finding duplicate cells in `\ALU'.
Finding identical cells in module `\Control_Unit'.
Computing hashes of 46 cells of `\Control_Unit'.
Finding duplicate cells in `\Control_Unit'.
Finding identical cells in module `\Immediate_Generator'.
Computing hashes of 7 cells of `\Immediate_Generator'.
Finding duplicate cells in `\Immediate_Generator'.
Finding identical cells in module `\Register_File'.
Computing hashes of 163 cells of `\Register_File'.
Finding duplicate cells in `\Register_File'.
Finding identical cells in module `$paramod\Data_Memory\WORDS=s32'00000000000000000000000001000000'.
Computing hashes of 200 cells of `$paramod\Data_Memory\WORDS=s32'00000000000000000000000001000000'.
Finding duplicate cells in `$paramod\Data_Memory\WORDS=s32'00000000000000000000000001000000'.
Finding identical cells in module `\Single_Cycle'.
Computing hashes of 28 cells of `\Single_Cycle'.
Finding duplicate cells in `\Single_Cycle'.
Removed a total of 0 cells.

3.14.13. Executing OPT_DFF pass (perform DFF optimizations).

3.14.14. Executing OPT_CLEAN pass (remove unused cells and wires).
Finding unused cells or wires in module $paramod$9e6bc8e233a88c507ee6c1d0d66120fe2d49b2c9\Instruction_Memory..
Finding unused cells or wires in module \ALU..
Finding unused cells or wires in module \Control_Unit..
Finding unused cells or wires in module \Immediate_Generator..
Finding unused cells or wires in module \Register_File..
Finding unused cells or wires in module $paramod\Data_Memory\WORDS=s32'00000000000000000000000001000000..
Finding unused cells or wires in module \Single_Cycle..

3.14.15. Executing OPT_EXPR pass (perform const folding).
Optimizing module $paramod$9e6bc8e233a88c507ee6c1d0d66120fe2d49b2c9\Instruction_Memory.
Optimizing module ALU.
Optimizing module Control_Unit.
Optimizing module Immediate_Generator.
Optimizing module Register_File.
Optimizing module $paramod\Data_Memory\WORDS=s32'00000000000000000000000001000000.
Optimizing module Single_Cycle.

3.14.16. Finished fast OPT passes. (There is nothing left to do.)

3.15. Executing MEMORY pass.

3.15.1. Executing OPT_MEM pass (optimize memories).
$paramod$9e6bc8e233a88c507ee6c1d0d66120fe2d49b2c9\Instruction_Memory.mem: removing const-1 lane 0
$paramod$9e6bc8e233a88c507ee6c1d0d66120fe2d49b2c9\Instruction_Memory.mem: removing const-1 lane 1
Performed a total of 1 transformations.

3.15.2. Executing OPT_MEM_PRIORITY pass (removing unnecessary memory write priority relations).
Performed a total of 0 transformations.

3.15.3. Executing OPT_MEM_FEEDBACK pass (finding memory read-to-write feedback paths).

3.15.4. Executing MEMORY_BMUX2ROM pass (converting muxes to ROMs).

3.15.5. Executing MEMORY_DFF pass (merging $dff cells to $memrd).
Checking read port `\mem'[0] in module `$paramod$9e6bc8e233a88c507ee6c1d0d66120fe2d49b2c9\Instruction_Memory': no output FF found.
Checking read port address `\mem'[0] in module `$paramod$9e6bc8e233a88c507ee6c1d0d66120fe2d49b2c9\Instruction_Memory': no address FF found.

3.15.6. Executing OPT_CLEAN pass (remove unused cells and wires).
Finding unused cells or wires in module $paramod$9e6bc8e233a88c507ee6c1d0d66120fe2d49b2c9\Instruction_Memory..
Finding unused cells or wires in module \ALU..
Finding unused cells or wires in module \Control_Unit..
Finding unused cells or wires in module \Immediate_Generator..
Finding unused cells or wires in module \Register_File..
Finding unused cells or wires in module $paramod\Data_Memory\WORDS=s32'00000000000000000000000001000000..
Finding unused cells or wires in module \Single_Cycle..

3.15.7. Executing MEMORY_SHARE pass (consolidating $memrd/$memwr cells).

3.15.8. Executing OPT_MEM_WIDEN pass (optimize memories where all ports are wide).
Performed a total of 0 transformations.

3.15.9. Executing OPT_CLEAN pass (remove unused cells and wires).
Finding unused cells or wires in module $paramod$9e6bc8e233a88c507ee6c1d0d66120fe2d49b2c9\Instruction_Memory..
Finding unused cells or wires in module \ALU..
Finding unused cells or wires in module \Control_Unit..
Finding unused cells or wires in module \Immediate_Generator..
Finding unused cells or wires in module \Register_File..
Finding unused cells or wires in module $paramod\Data_Memory\WORDS=s32'00000000000000000000000001000000..
Finding unused cells or wires in module \Single_Cycle..

3.15.10. Executing MEMORY_COLLECT pass (generating $mem cells).

3.16. Executing OPT_CLEAN pass (remove unused cells and wires).
Finding unused cells or wires in module $paramod$9e6bc8e233a88c507ee6c1d0d66120fe2d49b2c9\Instruction_Memory..
Finding unused cells or wires in module \ALU..
Finding unused cells or wires in module \Control_Unit..
Finding unused cells or wires in module \Immediate_Generator..
Finding unused cells or wires in module \Register_File..
Finding unused cells or wires in module $paramod\Data_Memory\WORDS=s32'00000000000000000000000001000000..
Finding unused cells or wires in module \Single_Cycle..

3.17. Executing OPT pass (performing simple optimizations).

3.17.1. Executing OPT_EXPR pass (perform const folding).
Optimizing module $paramod$9e6bc8e233a88c507ee6c1d0d66120fe2d49b2c9\Instruction_Memory.
<suppressed ~1 debug messages>
Optimizing module ALU.
Optimizing module Control_Unit.
<suppressed ~12 debug messages>
Optimizing module Immediate_Generator.
Optimizing module Register_File.
<suppressed ~2 debug messages>
Optimizing module $paramod\Data_Memory\WORDS=s32'00000000000000000000000001000000.
<suppressed ~2 debug messages>
Optimizing module Single_Cycle.
<suppressed ~1 debug messages>

3.17.2. Executing OPT_MERGE pass (detect identical cells).
Finding identical cells in module `$paramod$9e6bc8e233a88c507ee6c1d0d66120fe2d49b2c9\Instruction_Memory'.
Computing hashes of 14 cells of `$paramod$9e6bc8e233a88c507ee6c1d0d66120fe2d49b2c9\Instruction_Memory'.
Finding duplicate cells in `$paramod$9e6bc8e233a88c507ee6c1d0d66120fe2d49b2c9\Instruction_Memory'.
Finding identical cells in module `\ALU'.
Computing hashes of 23 cells of `\ALU'.
Finding duplicate cells in `\ALU'.
Finding identical cells in module `\Control_Unit'.
Computing hashes of 40 cells of `\Control_Unit'.
Finding duplicate cells in `\Control_Unit'.
Finding identical cells in module `\Immediate_Generator'.
Computing hashes of 7 cells of `\Immediate_Generator'.
Finding duplicate cells in `\Immediate_Generator'.
Finding identical cells in module `\Register_File'.
Computing hashes of 163 cells of `\Register_File'.
Finding duplicate cells in `\Register_File'.
Finding identical cells in module `$paramod\Data_Memory\WORDS=s32'00000000000000000000000001000000'.
Computing hashes of 206 cells of `$paramod\Data_Memory\WORDS=s32'00000000000000000000000001000000'.
Finding duplicate cells in `$paramod\Data_Memory\WORDS=s32'00000000000000000000000001000000'.
Finding identical cells in module `\Single_Cycle'.
Computing hashes of 28 cells of `\Single_Cycle'.
Finding duplicate cells in `\Single_Cycle'.
Removed a total of 0 cells.

3.17.3. Executing OPT_DFF pass (perform DFF optimizations).
Adding EN signal on $auto$ff.cc:337:slice$4163 ($adffe) from module Single_Cycle (D = \next_pc [1:0], Q = \PC [1:0]).

3.17.4. Executing OPT_CLEAN pass (remove unused cells and wires).
Finding unused cells or wires in module $paramod$9e6bc8e233a88c507ee6c1d0d66120fe2d49b2c9\Instruction_Memory..
Finding unused cells or wires in module \ALU..
Finding unused cells or wires in module \Control_Unit..
Finding unused cells or wires in module \Immediate_Generator..
Finding unused cells or wires in module \Register_File..
Finding unused cells or wires in module $paramod\Data_Memory\WORDS=s32'00000000000000000000000001000000..
Finding unused cells or wires in module \Single_Cycle..
Removed 17 unused cells and 23 unused wires.
<suppressed ~21 debug messages>

3.17.5. Rerunning OPT passes. (Removed registers in this run.)

3.17.6. Executing OPT_EXPR pass (perform const folding).
Optimizing module $paramod$9e6bc8e233a88c507ee6c1d0d66120fe2d49b2c9\Instruction_Memory.
Optimizing module ALU.
Optimizing module Control_Unit.
Optimizing module Immediate_Generator.
Optimizing module Register_File.
Optimizing module $paramod\Data_Memory\WORDS=s32'00000000000000000000000001000000.
Optimizing module Single_Cycle.
<suppressed ~1 debug messages>

3.17.7. Executing OPT_MERGE pass (detect identical cells).
Finding identical cells in module `$paramod$9e6bc8e233a88c507ee6c1d0d66120fe2d49b2c9\Instruction_Memory'.
Computing hashes of 6 cells of `$paramod$9e6bc8e233a88c507ee6c1d0d66120fe2d49b2c9\Instruction_Memory'.
Finding duplicate cells in `$paramod$9e6bc8e233a88c507ee6c1d0d66120fe2d49b2c9\Instruction_Memory'.
Finding identical cells in module `\ALU'.
Computing hashes of 23 cells of `\ALU'.
Finding duplicate cells in `\ALU'.
Finding identical cells in module `\Control_Unit'.
Computing hashes of 39 cells of `\Control_Unit'.
Finding duplicate cells in `\Control_Unit'.
Finding identical cells in module `\Immediate_Generator'.
Computing hashes of 7 cells of `\Immediate_Generator'.
Finding duplicate cells in `\Immediate_Generator'.
Finding identical cells in module `\Register_File'.
Computing hashes of 161 cells of `\Register_File'.
Finding duplicate cells in `\Register_File'.
Finding identical cells in module `$paramod\Data_Memory\WORDS=s32'00000000000000000000000001000000'.
Computing hashes of 200 cells of `$paramod\Data_Memory\WORDS=s32'00000000000000000000000001000000'.
Finding duplicate cells in `$paramod\Data_Memory\WORDS=s32'00000000000000000000000001000000'.
Finding identical cells in module `\Single_Cycle'.
Computing hashes of 31 cells of `\Single_Cycle'.
Finding duplicate cells in `\Single_Cycle'.
Removed a total of 0 cells.

3.17.8. Executing OPT_DFF pass (perform DFF optimizations).

3.17.9. Executing OPT_CLEAN pass (remove unused cells and wires).
Finding unused cells or wires in module $paramod$9e6bc8e233a88c507ee6c1d0d66120fe2d49b2c9\Instruction_Memory..
Finding unused cells or wires in module \ALU..
Finding unused cells or wires in module \Control_Unit..
Finding unused cells or wires in module \Immediate_Generator..
Finding unused cells or wires in module \Register_File..
Finding unused cells or wires in module $paramod\Data_Memory\WORDS=s32'00000000000000000000000001000000..
Finding unused cells or wires in module \Single_Cycle..
Removed 0 unused cells and 1 unused wires.
<suppressed ~1 debug messages>

3.17.10. Finished fast OPT passes.

3.18. Executing MEMORY_MAP pass (converting memories to logic and flip-flops).
Mapping memory \mem in module $paramod$9e6bc8e233a88c507ee6c1d0d66120fe2d49b2c9\Instruction_Memory:
  created 256 $dff cells and 0 static cells of width 30.
  read interface: 0 $dff and 255 $mux cells.
  write interface: 0 write mux blocks.

3.19. Executing OPT pass (performing simple optimizations).

3.19.1. Executing OPT_EXPR pass (perform const folding).
Optimizing module $paramod$9e6bc8e233a88c507ee6c1d0d66120fe2d49b2c9\Instruction_Memory.
<suppressed ~86 debug messages>
Optimizing module ALU.
Optimizing module Control_Unit.
Optimizing module Immediate_Generator.
Optimizing module Register_File.
Optimizing module $paramod\Data_Memory\WORDS=s32'00000000000000000000000001000000.
Optimizing module Single_Cycle.

3.19.2. Executing OPT_MERGE pass (detect identical cells).
Finding identical cells in module `$paramod$9e6bc8e233a88c507ee6c1d0d66120fe2d49b2c9\Instruction_Memory'.
Computing hashes of 174 cells of `$paramod$9e6bc8e233a88c507ee6c1d0d66120fe2d49b2c9\Instruction_Memory'.
Finding duplicate cells in `$paramod$9e6bc8e233a88c507ee6c1d0d66120fe2d49b2c9\Instruction_Memory'.
Finding identical cells in module `\ALU'.
Computing hashes of 23 cells of `\ALU'.
Finding duplicate cells in `\ALU'.
Finding identical cells in module `\Control_Unit'.
Computing hashes of 39 cells of `\Control_Unit'.
Finding duplicate cells in `\Control_Unit'.
Finding identical cells in module `\Immediate_Generator'.
Computing hashes of 7 cells of `\Immediate_Generator'.
Finding duplicate cells in `\Immediate_Generator'.
Finding identical cells in module `\Register_File'.
Computing hashes of 161 cells of `\Register_File'.
Finding duplicate cells in `\Register_File'.
Finding identical cells in module `$paramod\Data_Memory\WORDS=s32'00000000000000000000000001000000'.
Computing hashes of 200 cells of `$paramod\Data_Memory\WORDS=s32'00000000000000000000000001000000'.
Finding duplicate cells in `$paramod\Data_Memory\WORDS=s32'00000000000000000000000001000000'.
Finding identical cells in module `\Single_Cycle'.
Computing hashes of 31 cells of `\Single_Cycle'.
Finding duplicate cells in `\Single_Cycle'.
Removed a total of 0 cells.

3.19.3. Executing OPT_MUXTREE pass (detect dead branches in mux trees).
Running muxtree optimizer on module $paramod$9e6bc8e233a88c507ee6c1d0d66120fe2d49b2c9\Instruction_Memory..
  Creating internal representation of mux trees.
  Evaluating internal representation of mux trees.
  Analyzing evaluation results.
Running muxtree optimizer on module \ALU..
  Creating internal representation of mux trees.
  Evaluating internal representation of mux trees.
  Analyzing evaluation results.
Running muxtree optimizer on module \Control_Unit..
  Creating internal representation of mux trees.
  Evaluating internal representation of mux trees.
  Analyzing evaluation results.
Running muxtree optimizer on module \Immediate_Generator..
  Creating internal representation of mux trees.
  Evaluating internal representation of mux trees.
  Analyzing evaluation results.
Running muxtree optimizer on module \Register_File..
  Creating internal representation of mux trees.
  Evaluating internal representation of mux trees.
  Analyzing evaluation results.
Running muxtree optimizer on module $paramod\Data_Memory\WORDS=s32'00000000000000000000000001000000..
  Creating internal representation of mux trees.
  Evaluating internal representation of mux trees.
  Analyzing evaluation results.
Running muxtree optimizer on module \Single_Cycle..
  Creating internal representation of mux trees.
  Evaluating internal representation of mux trees.
  Analyzing evaluation results.
Removed 0 multiplexer ports.
<suppressed ~203 debug messages>

3.19.4. Executing OPT_REDUCE pass (consolidate $*mux and $reduce_* inputs).
  Optimizing cells in module $paramod$9e6bc8e233a88c507ee6c1d0d66120fe2d49b2c9\Instruction_Memory.
    Consolidated identical input bits for $mux cell $memory\mem$rdmux[0][7][40]$4737:
      Old ports: A=30'000000010011101000001111001100, B=30'000000011111001110011010000100, Y=$memory\mem$rdmux[0][6][20]$a$4486
      New ports: A=2'01, B=2'10, Y={ $memory\mem$rdmux[0][6][20]$a$4486 [10] $memory\mem$rdmux[0][6][20]$a$4486 [3] }
      New connections: { $memory\mem$rdmux[0][6][20]$a$4486 [29:11] $memory\mem$rdmux[0][6][20]$a$4486 [9:4] $memory\mem$rdmux[0][6][20]$a$4486 [2:0] } = { 8'00000001 $memory\mem$rdmux[0][6][20]$a$4486 [10] $memory\mem$rdmux[0][6][20]$a$4486 [10] 2'11 $memory\mem$rdmux[0][6][20]$a$4486 [3] 2'01 $memory\mem$rdmux[0][6][20]$a$4486 [10] $memory\mem$rdmux[0][6][20]$a$4486 [10] 3'001 $memory\mem$rdmux[0][6][20]$a$4486 [3] 1'1 $memory\mem$rdmux[0][6][20]$a$4486 [3] 5'00100 }
    Consolidated identical input bits for $mux cell $memory\mem$rdmux[0][7][39]$4734:
      Old ports: A=30'000000000100110000000011001100, B=30'010000000001101100001011001100, Y=$memory\mem$rdmux[0][6][19]$b$4484
      New ports: A=2'10, B=2'01, Y={ $memory\mem$rdmux[0][6][19]$b$4484 [16] $memory\mem$rdmux[0][6][19]$b$4484 [9] }
      New connections: { $memory\mem$rdmux[0][6][19]$b$4484 [29:17] $memory\mem$rdmux[0][6][19]$b$4484 [15:10] $memory\mem$rdmux[0][6][19]$b$4484 [8:0] } = { 1'0 $memory\mem$rdmux[0][6][19]$b$4484 [9] 7'0000000 $memory\mem$rdmux[0][6][19]$b$4484 [16] 1'0 $memory\mem$rdmux[0][6][19]$b$4484 [9] 1'1 $memory\mem$rdmux[0][6][19]$b$4484 [9] $memory\mem$rdmux[0][6][19]$b$4484 [9] 13'0000011001100 }
    Consolidated identical input bits for $mux cell $memory\mem$rdmux[0][7][38]$4731:
      Old ports: A=30'000000011010100110010100001100, B=30'010000001000011001100100100100, Y=$memory\mem$rdmux[0][6][19]$a$4483
      New ports: A=2'01, B=2'10, Y={ $memory\mem$rdmux[0][6][19]$a$4483 [5] $memory\mem$rdmux[0][6][19]$a$4483 [3] }
      New connections: { $memory\mem$rdmux[0][6][19]$a$4483 [29:6] $memory\mem$rdmux[0][6][19]$a$4483 [4] $memory\mem$rdmux[0][6][19]$a$4483 [2:0] } = { 1'0 $memory\mem$rdmux[0][6][19]$a$4483 [5] 5'00000 $memory\mem$rdmux[0][6][19]$a$4483 [3] 2'10 $memory\mem$rdmux[0][6][19]$a$4483 [3] 1'0 $memory\mem$rdmux[0][6][19]$a$4483 [3] $memory\mem$rdmux[0][6][19]$a$4483 [5] $memory\mem$rdmux[0][6][19]$a$4483 [5] $memory\mem$rdmux[0][6][19]$a$4483 [3] $memory\mem$rdmux[0][6][19]$a$4483 [3] $memory\mem$rdmux[0][6][19]$a$4483 [5] $memory\mem$rdmux[0][6][19]$a$4483 [5] $memory\mem$rdmux[0][6][19]$a$4483 [3] 8'01000100 }
    Consolidated identical input bits for $mux cell $memory\mem$rdmux[0][7][37]$4728:
      Old ports: A=30'000000001000111101000111001100, B=30'010000011010001011011001000100, Y=$memory\mem$rdmux[0][6][18]$b$4481
      New ports: A=2'01, B=2'10, Y={ $memory\mem$rdmux[0][6][18]$b$4481 [9] $memory\mem$rdmux[0][6][18]$b$4481 [3] }
      New connections: { $memory\mem$rdmux[0][6][18]$b$4481 [29:10] $memory\mem$rdmux[0][6][18]$b$4481 [8:4] $memory\mem$rdmux[0][6][18]$b$4481 [2:0] } = { 1'0 $memory\mem$rdmux[0][6][18]$b$4481 [9] 5'00000 $memory\mem$rdmux[0][6][18]$b$4481 [9] 2'10 $memory\mem$rdmux[0][6][18]$b$4481 [9] 1'0 $memory\mem$rdmux[0][6][18]$b$4481 [3] $memory\mem$rdmux[0][6][18]$b$4481 [3] 1'1 $memory\mem$rdmux[0][6][18]$b$4481 [3] $memory\mem$rdmux[0][6][18]$b$4481 [9] 2'10 $memory\mem$rdmux[0][6][18]$b$4481 [9] $memory\mem$rdmux[0][6][18]$b$4481 [3] $memory\mem$rdmux[0][6][18]$b$4481 [3] 6'100100 }
    Consolidated identical input bits for $mux cell $memory\mem$rdmux[0][7][36]$4725:
      Old ports: A=30'000000010110100011100001001100, B=30'000000011111101001000000001100, Y=$memory\mem$rdmux[0][6][18]$a$4480
      New ports: A=2'01, B=2'10, Y={ $memory\mem$rdmux[0][6][18]$a$4480 [15] $memory\mem$rdmux[0][6][18]$a$4480 [6] }
      New connections: { $memory\mem$rdmux[0][6][18]$a$4480 [29:16] $memory\mem$rdmux[0][6][18]$a$4480 [14:7] $memory\mem$rdmux[0][6][18]$a$4480 [5:0] } = { 8'00000001 $memory\mem$rdmux[0][6][18]$a$4480 [15] 2'11 $memory\mem$rdmux[0][6][18]$a$4480 [15] 3'100 $memory\mem$rdmux[0][6][18]$a$4480 [6] 1'1 $memory\mem$rdmux[0][6][18]$a$4480 [6] 10'0000001100 }
    Consolidated identical input bits for $mux cell $memory\mem$rdmux[0][7][35]$4722:
      Old ports: A=30'000000000000001010010000000100, B=30'000000001111011000010010100100, Y=$memory\mem$rdmux[0][6][17]$b$4478
      New ports: A=2'10, B=2'01, Y={ $memory\mem$rdmux[0][6][17]$b$4478 [13] $memory\mem$rdmux[0][6][17]$b$4478 [5] }
      New connections: { $memory\mem$rdmux[0][6][17]$b$4478 [29:14] $memory\mem$rdmux[0][6][17]$b$4478 [12:6] $memory\mem$rdmux[0][6][17]$b$4478 [4:0] } = { 8'00000000 $memory\mem$rdmux[0][6][17]$b$4478 [5] $memory\mem$rdmux[0][6][17]$b$4478 [5] $memory\mem$rdmux[0][6][17]$b$4478 [5] $memory\mem$rdmux[0][6][17]$b$4478 [5] 1'0 $memory\mem$rdmux[0][6][17]$b$4478 [5] 7'1000100 $memory\mem$rdmux[0][6][17]$b$4478 [5] 6'000100 }
    Consolidated identical input bits for $mux cell $memory\mem$rdmux[0][7][34]$4719:
      Old ports: A=30'000000010111111111111000101100, B=30'000000001001110101100110001100, Y=$memory\mem$rdmux[0][6][17]$a$4477
      New ports: A=2'01, B=2'10, Y={ $memory\mem$rdmux[0][6][17]$a$4477 [7] $memory\mem$rdmux[0][6][17]$a$4477 [5] }
      New connections: { $memory\mem$rdmux[0][6][17]$a$4477 [29:8] $memory\mem$rdmux[0][6][17]$a$4477 [6] $memory\mem$rdmux[0][6][17]$a$4477 [4:0] } = { 7'0000000 $memory\mem$rdmux[0][6][17]$a$4477 [5] $memory\mem$rdmux[0][6][17]$a$4477 [7] $memory\mem$rdmux[0][6][17]$a$4477 [5] $memory\mem$rdmux[0][6][17]$a$4477 [5] 3'111 $memory\mem$rdmux[0][6][17]$a$4477 [5] 1'1 $memory\mem$rdmux[0][6][17]$a$4477 [5] 2'11 $memory\mem$rdmux[0][6][17]$a$4477 [5] $memory\mem$rdmux[0][6][17]$a$4477 [5] $memory\mem$rdmux[0][6][17]$a$4477 [7] 6'001100 }
    Consolidated identical input bits for $mux cell $memory\mem$rdmux[0][7][33]$4716:
      Old ports: A=30'000000010000111000010011000100, B=30'000000011110110110010101100100, Y=$memory\mem$rdmux[0][6][16]$b$4475
      New ports: A=2'10, B=2'01, Y={ $memory\mem$rdmux[0][6][16]$b$4475 [7] $memory\mem$rdmux[0][6][16]$b$4475 [5] }
      New connections: { $memory\mem$rdmux[0][6][16]$b$4475 [29:8] $memory\mem$rdmux[0][6][16]$b$4475 [6] $memory\mem$rdmux[0][6][16]$b$4475 [4:0] } = { 8'00000001 $memory\mem$rdmux[0][6][16]$b$4475 [5] $memory\mem$rdmux[0][6][16]$b$4475 [5] $memory\mem$rdmux[0][6][16]$b$4475 [5] 3'011 $memory\mem$rdmux[0][6][16]$b$4475 [7] $memory\mem$rdmux[0][6][16]$b$4475 [5] $memory\mem$rdmux[0][6][16]$b$4475 [5] 4'0010 $memory\mem$rdmux[0][6][16]$b$4475 [5] 6'100100 }
    Consolidated identical input bits for $mux cell $memory\mem$rdmux[0][7][32]$4713:
      Old ports: A=30'000000011111111010101111101100, B=30'001000100010100101000001000100, Y=$memory\mem$rdmux[0][6][16]$a$4474
      New ports: A=2'01, B=2'10, Y={ $memory\mem$rdmux[0][6][16]$a$4474 [12] $memory\mem$rdmux[0][6][16]$a$4474 [3] }
      New connections: { $memory\mem$rdmux[0][6][16]$a$4474 [29:13] $memory\mem$rdmux[0][6][16]$a$4474 [11:4] $memory\mem$rdmux[0][6][16]$a$4474 [2:0] } = { 2'00 $memory\mem$rdmux[0][6][16]$a$4474 [12] 3'000 $memory\mem$rdmux[0][6][16]$a$4474 [12] $memory\mem$rdmux[0][6][16]$a$4474 [3] $memory\mem$rdmux[0][6][16]$a$4474 [3] $memory\mem$rdmux[0][6][16]$a$4474 [3] 1'1 $memory\mem$rdmux[0][6][16]$a$4474 [3] 1'1 $memory\mem$rdmux[0][6][16]$a$4474 [3] $memory\mem$rdmux[0][6][16]$a$4474 [3] $memory\mem$rdmux[0][6][16]$a$4474 [12] $memory\mem$rdmux[0][6][16]$a$4474 [3] $memory\mem$rdmux[0][6][16]$a$4474 [3] 1'0 $memory\mem$rdmux[0][6][16]$a$4474 [3] $memory\mem$rdmux[0][6][16]$a$4474 [3] $memory\mem$rdmux[0][6][16]$a$4474 [3] 1'1 $memory\mem$rdmux[0][6][16]$a$4474 [3] 4'0100 }
    Consolidated identical input bits for $mux cell $memory\mem$rdmux[0][7][31]$4710:
      Old ports: A=30'000000001001000100100000001100, B=30'000000001100101110011111100100, Y=$memory\mem$rdmux[0][6][15]$b$4472
      New ports: A=2'01, B=2'10, Y={ $memory\mem$rdmux[0][6][15]$b$4472 [5] $memory\mem$rdmux[0][6][15]$b$4472 [3] }
      New connections: { $memory\mem$rdmux[0][6][15]$b$4472 [29:6] $memory\mem$rdmux[0][6][15]$b$4472 [4] $memory\mem$rdmux[0][6][15]$b$4472 [2:0] } = { 9'000000001 $memory\mem$rdmux[0][6][15]$b$4472 [5] 1'0 $memory\mem$rdmux[0][6][15]$b$4472 [3] $memory\mem$rdmux[0][6][15]$b$4472 [5] 1'0 $memory\mem$rdmux[0][6][15]$b$4472 [5] 1'1 $memory\mem$rdmux[0][6][15]$b$4472 [5] 1'0 $memory\mem$rdmux[0][6][15]$b$4472 [3] $memory\mem$rdmux[0][6][15]$b$4472 [5] $memory\mem$rdmux[0][6][15]$b$4472 [5] $memory\mem$rdmux[0][6][15]$b$4472 [5] $memory\mem$rdmux[0][6][15]$b$4472 [5] $memory\mem$rdmux[0][6][15]$b$4472 [5] 4'0100 }
    Consolidated identical input bits for $mux cell $memory\mem$rdmux[0][7][30]$4707:
      Old ports: A=30'011101010011100110101100100100, B=30'000101101011011001101101100100, Y=$memory\mem$rdmux[0][6][15]$a$4471
      New ports: A=2'10, B=2'01, Y={ $memory\mem$rdmux[0][6][15]$a$4471 [13] $memory\mem$rdmux[0][6][15]$a$4471 [6] }
      New connections: { $memory\mem$rdmux[0][6][15]$a$4471 [29:14] $memory\mem$rdmux[0][6][15]$a$4471 [12:7] $memory\mem$rdmux[0][6][15]$a$4471 [5:0] } = { 1'0 $memory\mem$rdmux[0][6][15]$a$4471 [13] $memory\mem$rdmux[0][6][15]$a$4471 [13] 3'101 $memory\mem$rdmux[0][6][15]$a$4471 [6] $memory\mem$rdmux[0][6][15]$a$4471 [13] $memory\mem$rdmux[0][6][15]$a$4471 [6] 3'011 $memory\mem$rdmux[0][6][15]$a$4471 [13] $memory\mem$rdmux[0][6][15]$a$4471 [6] $memory\mem$rdmux[0][6][15]$a$4471 [6] $memory\mem$rdmux[0][6][15]$a$4471 [13] $memory\mem$rdmux[0][6][15]$a$4471 [6] 11'10110100100 }
    Consolidated identical input bits for $mux cell $memory\mem$rdmux[0][7][29]$4704:
      Old ports: A=30'000000001110111101010100100100, B=30'000000010000111101101110101100, Y=$memory\mem$rdmux[0][6][14]$b$4469
      New ports: A=2'10, B=2'01, Y={ $memory\mem$rdmux[0][6][14]$b$4469 [10] $memory\mem$rdmux[0][6][14]$b$4469 [3] }
      New connections: { $memory\mem$rdmux[0][6][14]$b$4469 [29:11] $memory\mem$rdmux[0][6][14]$b$4469 [9:4] $memory\mem$rdmux[0][6][14]$b$4469 [2:0] } = { 7'0000000 $memory\mem$rdmux[0][6][14]$b$4469 [3] $memory\mem$rdmux[0][6][14]$b$4469 [10] $memory\mem$rdmux[0][6][14]$b$4469 [10] $memory\mem$rdmux[0][6][14]$b$4469 [10] 7'0111101 $memory\mem$rdmux[0][6][14]$b$4469 [3] $memory\mem$rdmux[0][6][14]$b$4469 [3] 1'1 $memory\mem$rdmux[0][6][14]$b$4469 [3] 6'010100 }
    Consolidated identical input bits for $mux cell $memory\mem$rdmux[0][7][28]$4701:
      Old ports: A=30'111100101111000011001111000100, B=30'000000011011001101000001101100, Y=$memory\mem$rdmux[0][6][14]$a$4468
      New ports: A=2'10, B=2'01, Y={ $memory\mem$rdmux[0][6][14]$a$4468 [7] $memory\mem$rdmux[0][6][14]$a$4468 [3] }
      New connections: { $memory\mem$rdmux[0][6][14]$a$4468 [29:8] $memory\mem$rdmux[0][6][14]$a$4468 [6:4] $memory\mem$rdmux[0][6][14]$a$4468 [2:0] } = { $memory\mem$rdmux[0][6][14]$a$4468 [7] $memory\mem$rdmux[0][6][14]$a$4468 [7] $memory\mem$rdmux[0][6][14]$a$4468 [7] $memory\mem$rdmux[0][6][14]$a$4468 [7] 2'00 $memory\mem$rdmux[0][6][14]$a$4468 [7] $memory\mem$rdmux[0][6][14]$a$4468 [3] 1'1 $memory\mem$rdmux[0][6][14]$a$4468 [7] 4'1100 $memory\mem$rdmux[0][6][14]$a$4468 [3] $memory\mem$rdmux[0][6][14]$a$4468 [3] $memory\mem$rdmux[0][6][14]$a$4468 [7] 3'100 $memory\mem$rdmux[0][6][14]$a$4468 [7] $memory\mem$rdmux[0][6][14]$a$4468 [7] 1'1 $memory\mem$rdmux[0][6][14]$a$4468 [3] 4'0100 }
    Consolidated identical input bits for $mux cell $memory\mem$rdmux[0][7][27]$4698:
      Old ports: A=30'010110011101001111101111100100, B=30'010000010000110011011111100100, Y=$memory\mem$rdmux[0][6][13]$b$4466
      New ports: A=2'10, B=2'01, Y=$memory\mem$rdmux[0][6][13]$b$4466 [11:10]
      New connections: { $memory\mem$rdmux[0][6][13]$b$4466 [29:12] $memory\mem$rdmux[0][6][13]$b$4466 [9:0] } = { 3'010 $memory\mem$rdmux[0][6][13]$b$4466 [11] $memory\mem$rdmux[0][6][13]$b$4466 [11] 3'001 $memory\mem$rdmux[0][6][13]$b$4466 [11] $memory\mem$rdmux[0][6][13]$b$4466 [11] 1'0 $memory\mem$rdmux[0][6][13]$b$4466 [11:10] $memory\mem$rdmux[0][6][13]$b$4466 [10] $memory\mem$rdmux[0][6][13]$b$4466 [11] $memory\mem$rdmux[0][6][13]$b$4466 [11] 12'111111100100 }
    Consolidated identical input bits for $mux cell $memory\mem$rdmux[0][7][26]$4695:
      Old ports: A=30'000000010111000011001001101100, B=30'101011100110110111111110100100, Y=$memory\mem$rdmux[0][6][13]$a$4465
      New ports: A=2'01, B=2'10, Y={ $memory\mem$rdmux[0][6][13]$a$4465 [7] $memory\mem$rdmux[0][6][13]$a$4465 [3] }
      New connections: { $memory\mem$rdmux[0][6][13]$a$4465 [29:8] $memory\mem$rdmux[0][6][13]$a$4465 [6:4] $memory\mem$rdmux[0][6][13]$a$4465 [2:0] } = { $memory\mem$rdmux[0][6][13]$a$4465 [7] 1'0 $memory\mem$rdmux[0][6][13]$a$4465 [7] 1'0 $memory\mem$rdmux[0][6][13]$a$4465 [7] $memory\mem$rdmux[0][6][13]$a$4465 [7] $memory\mem$rdmux[0][6][13]$a$4465 [7] $memory\mem$rdmux[0][6][13]$a$4465 [3] 3'011 $memory\mem$rdmux[0][6][13]$a$4465 [3] $memory\mem$rdmux[0][6][13]$a$4465 [7] $memory\mem$rdmux[0][6][13]$a$4465 [7] 1'0 $memory\mem$rdmux[0][6][13]$a$4465 [7] 2'11 $memory\mem$rdmux[0][6][13]$a$4465 [7] $memory\mem$rdmux[0][6][13]$a$4465 [7] 1'1 $memory\mem$rdmux[0][6][13]$a$4465 [7] $memory\mem$rdmux[0][6][13]$a$4465 [3] 5'10100 }
    Consolidated identical input bits for $mux cell $memory\mem$rdmux[0][7][25]$4692:
      Old ports: A=30'010000000101101011010010000100, B=30'011010100011100100101001000100, Y=$memory\mem$rdmux[0][6][12]$b$4463
      New ports: A=2'10, B=2'01, Y=$memory\mem$rdmux[0][6][12]$b$4463 [7:6]
      New connections: { $memory\mem$rdmux[0][6][12]$b$4463 [29:8] $memory\mem$rdmux[0][6][12]$b$4463 [5:0] } = { 2'01 $memory\mem$rdmux[0][6][12]$b$4463 [6] 1'0 $memory\mem$rdmux[0][6][12]$b$4463 [6] 1'0 $memory\mem$rdmux[0][6][12]$b$4463 [6] 2'00 $memory\mem$rdmux[0][6][12]$b$4463 [7:6] 3'110 $memory\mem$rdmux[0][6][12]$b$4463 [7:6] $memory\mem$rdmux[0][6][12]$b$4463 [7] $memory\mem$rdmux[0][6][12]$b$4463 [7:6] $memory\mem$rdmux[0][6][12]$b$4463 [7:6] 7'0000100 }
    Consolidated identical input bits for $mux cell $memory\mem$rdmux[0][7][24]$4689:
      Old ports: A=30'000000011001011011011010000100, B=30'000000011000101100101011001100, Y=$memory\mem$rdmux[0][6][12]$a$4462
      New ports: A=2'10, B=2'01, Y={ $memory\mem$rdmux[0][6][12]$a$4462 [10] $memory\mem$rdmux[0][6][12]$a$4462 [3] }
      New connections: { $memory\mem$rdmux[0][6][12]$a$4462 [29:11] $memory\mem$rdmux[0][6][12]$a$4462 [9:4] $memory\mem$rdmux[0][6][12]$a$4462 [2:0] } = { 11'00000001100 $memory\mem$rdmux[0][6][12]$a$4462 [10] $memory\mem$rdmux[0][6][12]$a$4462 [3] $memory\mem$rdmux[0][6][12]$a$4462 [10] 1'1 $memory\mem$rdmux[0][6][12]$a$4462 [3] $memory\mem$rdmux[0][6][12]$a$4462 [10] $memory\mem$rdmux[0][6][12]$a$4462 [10] $memory\mem$rdmux[0][6][12]$a$4462 [3] 3'101 $memory\mem$rdmux[0][6][12]$a$4462 [3] 5'00100 }
    Consolidated identical input bits for $mux cell $memory\mem$rdmux[0][7][23]$4686:
      Old ports: A=30'010000000111001011010000001100, B=30'000000000000111000110011001100, Y=$memory\mem$rdmux[0][6][11]$b$4460
      New ports: A=2'10, B=2'01, Y={ $memory\mem$rdmux[0][6][11]$b$4460 [12] $memory\mem$rdmux[0][6][11]$b$4460 [6] }
      New connections: { $memory\mem$rdmux[0][6][11]$b$4460 [29:13] $memory\mem$rdmux[0][6][11]$b$4460 [11:7] $memory\mem$rdmux[0][6][11]$b$4460 [5:0] } = { 1'0 $memory\mem$rdmux[0][6][11]$b$4460 [12] 7'0000000 $memory\mem$rdmux[0][6][11]$b$4460 [12] $memory\mem$rdmux[0][6][11]$b$4460 [12] $memory\mem$rdmux[0][6][11]$b$4460 [12] $memory\mem$rdmux[0][6][11]$b$4460 [6] $memory\mem$rdmux[0][6][11]$b$4460 [6] 2'10 $memory\mem$rdmux[0][6][11]$b$4460 [12] $memory\mem$rdmux[0][6][11]$b$4460 [6] 3'100 $memory\mem$rdmux[0][6][11]$b$4460 [6] 6'001100 }
    Consolidated identical input bits for $mux cell $memory\mem$rdmux[0][7][22]$4683:
      Old ports: A=30'000000001110001101101010001100, B=30'011000011101111110101101000100, Y=$memory\mem$rdmux[0][6][11]$a$4459
      New ports: A=2'01, B=2'10, Y={ $memory\mem$rdmux[0][6][11]$a$4459 [6] $memory\mem$rdmux[0][6][11]$a$4459 [3] }
      New connections: { $memory\mem$rdmux[0][6][11]$a$4459 [29:7] $memory\mem$rdmux[0][6][11]$a$4459 [5:4] $memory\mem$rdmux[0][6][11]$a$4459 [2:0] } = { 1'0 $memory\mem$rdmux[0][6][11]$a$4459 [6] $memory\mem$rdmux[0][6][11]$a$4459 [6] 4'0000 $memory\mem$rdmux[0][6][11]$a$4459 [6] 2'11 $memory\mem$rdmux[0][6][11]$a$4459 [3] $memory\mem$rdmux[0][6][11]$a$4459 [6] $memory\mem$rdmux[0][6][11]$a$4459 [6] $memory\mem$rdmux[0][6][11]$a$4459 [6] 2'11 $memory\mem$rdmux[0][6][11]$a$4459 [6] $memory\mem$rdmux[0][6][11]$a$4459 [3] 3'101 $memory\mem$rdmux[0][6][11]$a$4459 [6] $memory\mem$rdmux[0][6][11]$a$4459 [3] 5'00100 }
    Consolidated identical input bits for $mux cell $memory\mem$rdmux[0][7][21]$4680:
      Old ports: A=30'000000001000000000001000011011, B=30'000001100011000000000111000100, Y=$memory\mem$rdmux[0][6][10]$b$4457
      New ports: A=2'01, B=2'10, Y={ $memory\mem$rdmux[0][6][10]$b$4457 [2] $memory\mem$rdmux[0][6][10]$b$4457 [0] }
      New connections: { $memory\mem$rdmux[0][6][10]$b$4457 [29:3] $memory\mem$rdmux[0][6][10]$b$4457 [1] } = { 5'00000 $memory\mem$rdmux[0][6][10]$b$4457 [2] $memory\mem$rdmux[0][6][10]$b$4457 [2] 1'0 $memory\mem$rdmux[0][6][10]$b$4457 [0] 1'0 $memory\mem$rdmux[0][6][10]$b$4457 [2] $memory\mem$rdmux[0][6][10]$b$4457 [2] 8'00000000 $memory\mem$rdmux[0][6][10]$b$4457 [0] $memory\mem$rdmux[0][6][10]$b$4457 [2] $memory\mem$rdmux[0][6][10]$b$4457 [2] $memory\mem$rdmux[0][6][10]$b$4457 [2] 1'0 $memory\mem$rdmux[0][6][10]$b$4457 [0] $memory\mem$rdmux[0][6][10]$b$4457 [0] $memory\mem$rdmux[0][6][10]$b$4457 [0] }
    Consolidated identical input bits for $mux cell $memory\mem$rdmux[0][7][20]$4677:
      Old ports: A=30'000000000000011110000100011000, B=30'111111111001111111110000011011, Y=$memory\mem$rdmux[0][6][10]$a$4456
      New ports: A=2'10, B=2'01, Y={ $memory\mem$rdmux[0][6][10]$a$4456 [8] $memory\mem$rdmux[0][6][10]$a$4456 [0] }
      New connections: { $memory\mem$rdmux[0][6][10]$a$4456 [29:9] $memory\mem$rdmux[0][6][10]$a$4456 [7:1] } = { $memory\mem$rdmux[0][6][10]$a$4456 [0] $memory\mem$rdmux[0][6][10]$a$4456 [0] $memory\mem$rdmux[0][6][10]$a$4456 [0] $memory\mem$rdmux[0][6][10]$a$4456 [0] $memory\mem$rdmux[0][6][10]$a$4456 [0] $memory\mem$rdmux[0][6][10]$a$4456 [0] $memory\mem$rdmux[0][6][10]$a$4456 [0] $memory\mem$rdmux[0][6][10]$a$4456 [0] $memory\mem$rdmux[0][6][10]$a$4456 [0] 2'00 $memory\mem$rdmux[0][6][10]$a$4456 [0] $memory\mem$rdmux[0][6][10]$a$4456 [0] 4'1111 $memory\mem$rdmux[0][6][10]$a$4456 [0] $memory\mem$rdmux[0][6][10]$a$4456 [0] $memory\mem$rdmux[0][6][10]$a$4456 [0] 7'0000110 $memory\mem$rdmux[0][6][10]$a$4456 [0] }
    Consolidated identical input bits for $mux cell $memory\mem$rdmux[0][7][19]$4674:
      Old ports: A=30'000000000011000000000111100100, B=30'111111111111011110000111100100, Y=$memory\mem$rdmux[0][6][9]$b$4454
      New ports: A=1'0, B=1'1, Y=$memory\mem$rdmux[0][6][9]$b$4454 [13]
      New connections: { $memory\mem$rdmux[0][6][9]$b$4454 [29:14] $memory\mem$rdmux[0][6][9]$b$4454 [12:0] } = { $memory\mem$rdmux[0][6][9]$b$4454 [13] $memory\mem$rdmux[0][6][9]$b$4454 [13] $memory\mem$rdmux[0][6][9]$b$4454 [13] $memory\mem$rdmux[0][6][9]$b$4454 [13] $memory\mem$rdmux[0][6][9]$b$4454 [13] $memory\mem$rdmux[0][6][9]$b$4454 [13] $memory\mem$rdmux[0][6][9]$b$4454 [13] $memory\mem$rdmux[0][6][9]$b$4454 [13] $memory\mem$rdmux[0][6][9]$b$4454 [13] $memory\mem$rdmux[0][6][9]$b$4454 [13] 3'110 $memory\mem$rdmux[0][6][9]$b$4454 [13] $memory\mem$rdmux[0][6][9]$b$4454 [13] $memory\mem$rdmux[0][6][9]$b$4454 [13] 13'0000111100100 }
    Consolidated identical input bits for $mux cell $memory\mem$rdmux[0][7][18]$4671:
      Old ports: A=30'000000000001000010000100011000, B=30'000001100011000000000111000100, Y=$memory\mem$rdmux[0][6][9]$a$4453
      New ports: A=2'10, B=2'01, Y=$memory\mem$rdmux[0][6][9]$a$4453 [3:2]
      New connections: { $memory\mem$rdmux[0][6][9]$a$4453 [29:4] $memory\mem$rdmux[0][6][9]$a$4453 [1:0] } = { 5'00000 $memory\mem$rdmux[0][6][9]$a$4453 [2] $memory\mem$rdmux[0][6][9]$a$4453 [2] 3'000 $memory\mem$rdmux[0][6][9]$a$4453 [2] 5'10000 $memory\mem$rdmux[0][6][9]$a$4453 [3] 5'00001 $memory\mem$rdmux[0][6][9]$a$4453 [2] $memory\mem$rdmux[0][6][9]$a$4453 [2] 1'0 $memory\mem$rdmux[0][6][9]$a$4453 [3] 2'00 }
    Consolidated identical input bits for $mux cell $memory\mem$rdmux[0][7][17]$4668:
      Old ports: A=30'000000000010000010000100011000, B=30'000000000001000000000111000100, Y=$memory\mem$rdmux[0][6][8]$b$4451
      New ports: A=2'10, B=2'01, Y=$memory\mem$rdmux[0][6][8]$b$4451 [3:2]
      New connections: { $memory\mem$rdmux[0][6][8]$b$4451 [29:4] $memory\mem$rdmux[0][6][8]$b$4451 [1:0] } = { 10'0000000000 $memory\mem$rdmux[0][6][8]$b$4451 [3:2] 4'0000 $memory\mem$rdmux[0][6][8]$b$4451 [3] 5'00001 $memory\mem$rdmux[0][6][8]$b$4451 [2] $memory\mem$rdmux[0][6][8]$b$4451 [2] 1'0 $memory\mem$rdmux[0][6][8]$b$4451 [3] 2'00 }
    Consolidated identical input bits for $mux cell $memory\mem$rdmux[0][7][16]$4665:
      Old ports: A=30'111111111000011000100110100000, B=30'000001100011000000000000000100, Y=$memory\mem$rdmux[0][6][8]$a$4450
      New ports: A=2'10, B=2'01, Y={ $memory\mem$rdmux[0][6][8]$a$4450 [5] $memory\mem$rdmux[0][6][8]$a$4450 [2] }
      New connections: { $memory\mem$rdmux[0][6][8]$a$4450 [29:6] $memory\mem$rdmux[0][6][8]$a$4450 [4:3] $memory\mem$rdmux[0][6][8]$a$4450 [1:0] } = { $memory\mem$rdmux[0][6][8]$a$4450 [5] $memory\mem$rdmux[0][6][8]$a$4450 [5] $memory\mem$rdmux[0][6][8]$a$4450 [5] $memory\mem$rdmux[0][6][8]$a$4450 [5] $memory\mem$rdmux[0][6][8]$a$4450 [5] 2'11 $memory\mem$rdmux[0][6][8]$a$4450 [5] $memory\mem$rdmux[0][6][8]$a$4450 [5] 1'0 $memory\mem$rdmux[0][6][8]$a$4450 [2] $memory\mem$rdmux[0][6][8]$a$4450 [2] 1'0 $memory\mem$rdmux[0][6][8]$a$4450 [5] $memory\mem$rdmux[0][6][8]$a$4450 [5] 3'000 $memory\mem$rdmux[0][6][8]$a$4450 [5] 2'00 $memory\mem$rdmux[0][6][8]$a$4450 [5] $memory\mem$rdmux[0][6][8]$a$4450 [5] 5'00000 }
    Consolidated identical input bits for $mux cell $memory\mem$rdmux[0][7][15]$4662:
      Old ports: A=30'000100000000000000000110000100, B=30'111111100010011000101100001000, Y=$memory\mem$rdmux[0][6][7]$b$4448
      New ports: A=2'01, B=2'10, Y=$memory\mem$rdmux[0][6][7]$b$4448 [3:2]
      New connections: { $memory\mem$rdmux[0][6][7]$b$4448 [29:4] $memory\mem$rdmux[0][6][7]$b$4448 [1:0] } = { $memory\mem$rdmux[0][6][7]$b$4448 [3] $memory\mem$rdmux[0][6][7]$b$4448 [3] $memory\mem$rdmux[0][6][7]$b$4448 [3] 1'1 $memory\mem$rdmux[0][6][7]$b$4448 [3] $memory\mem$rdmux[0][6][7]$b$4448 [3] $memory\mem$rdmux[0][6][7]$b$4448 [3] 3'000 $memory\mem$rdmux[0][6][7]$b$4448 [3] 2'00 $memory\mem$rdmux[0][6][7]$b$4448 [3] $memory\mem$rdmux[0][6][7]$b$4448 [3] 3'000 $memory\mem$rdmux[0][6][7]$b$4448 [3] 1'0 $memory\mem$rdmux[0][6][7]$b$4448 [3] 1'1 $memory\mem$rdmux[0][6][7]$b$4448 [2] 5'00000 }
    Consolidated identical input bits for $mux cell $memory\mem$rdmux[0][7][14]$4659:
      Old ports: A=30'000011100011000000101110001000, B=30'000011111100000000100101100000, Y=$memory\mem$rdmux[0][6][7]$a$4447
      New ports: A=2'01, B=2'10, Y={ $memory\mem$rdmux[0][6][7]$a$4447 [5] $memory\mem$rdmux[0][6][7]$a$4447 [3] }
      New connections: { $memory\mem$rdmux[0][6][7]$a$4447 [29:6] $memory\mem$rdmux[0][6][7]$a$4447 [4] $memory\mem$rdmux[0][6][7]$a$4447 [2:0] } = { 7'0000111 $memory\mem$rdmux[0][6][7]$a$4447 [5] $memory\mem$rdmux[0][6][7]$a$4447 [5] $memory\mem$rdmux[0][6][7]$a$4447 [5] $memory\mem$rdmux[0][6][7]$a$4447 [3] $memory\mem$rdmux[0][6][7]$a$4447 [3] 8'00000010 $memory\mem$rdmux[0][6][7]$a$4447 [3] 1'1 $memory\mem$rdmux[0][6][7]$a$4447 [3] $memory\mem$rdmux[0][6][7]$a$4447 [5] 4'0000 }
    Consolidated identical input bits for $mux cell $memory\mem$rdmux[0][7][13]$4656:
      Old ports: A=30'000000000001000000100000001000, B=30'000000000000000000100101000000, Y=$memory\mem$rdmux[0][6][6]$b$4445
      New ports: A=2'01, B=2'10, Y={ $memory\mem$rdmux[0][6][6]$b$4445 [6] $memory\mem$rdmux[0][6][6]$b$4445 [3] }
      New connections: { $memory\mem$rdmux[0][6][6]$b$4445 [29:7] $memory\mem$rdmux[0][6][6]$b$4445 [5:4] $memory\mem$rdmux[0][6][6]$b$4445 [2:0] } = { 11'00000000000 $memory\mem$rdmux[0][6][6]$b$4445 [3] 9'000000100 $memory\mem$rdmux[0][6][6]$b$4445 [6] 6'000000 }
    Consolidated identical input bits for $mux cell $memory\mem$rdmux[0][7][12]$4653:
      Old ports: A=30'000000000001000110100100001100, B=30'000000000001000110110100101100, Y=$memory\mem$rdmux[0][6][6]$a$4444
      New ports: A=1'0, B=1'1, Y=$memory\mem$rdmux[0][6][6]$a$4444 [5]
      New connections: { $memory\mem$rdmux[0][6][6]$a$4444 [29:6] $memory\mem$rdmux[0][6][6]$a$4444 [4:0] } = { 19'0000000000010001101 $memory\mem$rdmux[0][6][6]$a$4444 [5] 9'010001100 }
    Consolidated identical input bits for $mux cell $memory\mem$rdmux[0][7][11]$4650:
      Old ports: A=30'010000000010000111010011001100, B=30'000000000010000111010011101100, Y=$memory\mem$rdmux[0][6][5]$b$4442
      New ports: A=2'10, B=2'01, Y={ $memory\mem$rdmux[0][6][5]$b$4442 [28] $memory\mem$rdmux[0][6][5]$b$4442 [5] }
      New connections: { $memory\mem$rdmux[0][6][5]$b$4442 [29] $memory\mem$rdmux[0][6][5]$b$4442 [27:6] $memory\mem$rdmux[0][6][5]$b$4442 [4:0] } = 28'0000000001000011101001101100
    Consolidated identical input bits for $mux cell $memory\mem$rdmux[0][7][10]$4647:
      Old ports: A=30'111111111111000110100010100100, B=30'111111111111000110110010100100, Y=$memory\mem$rdmux[0][6][5]$a$4441
      New ports: A=1'0, B=1'1, Y=$memory\mem$rdmux[0][6][5]$a$4441 [10]
      New connections: { $memory\mem$rdmux[0][6][5]$a$4441 [29:11] $memory\mem$rdmux[0][6][5]$a$4441 [9:0] } = 29'11111111111100011010010100100
    Consolidated identical input bits for $mux cell $memory\mem$rdmux[0][7][9]$4644:
      Old ports: A=30'000000000011000111010010100100, B=30'010000000011000111010010100100, Y=$memory\mem$rdmux[0][6][4]$b$4439
      New ports: A=1'0, B=1'1, Y=$memory\mem$rdmux[0][6][4]$b$4439 [28]
      New connections: { $memory\mem$rdmux[0][6][4]$b$4439 [29] $memory\mem$rdmux[0][6][4]$b$4439 [27:0] } = 29'00000000011000111010010100100
    Consolidated identical input bits for $mux cell $memory\mem$rdmux[0][7][8]$4641:
      Old ports: A=30'111111111111000111000010100100, B=30'000000000011000110010010100100, Y=$memory\mem$rdmux[0][6][4]$a$4438
      New ports: A=2'10, B=2'01, Y={ $memory\mem$rdmux[0][6][4]$a$4438 [12] $memory\mem$rdmux[0][6][4]$a$4438 [10] }
      New connections: { $memory\mem$rdmux[0][6][4]$a$4438 [29:13] $memory\mem$rdmux[0][6][4]$a$4438 [11] $memory\mem$rdmux[0][6][4]$a$4438 [9:0] } = { $memory\mem$rdmux[0][6][4]$a$4438 [12] $memory\mem$rdmux[0][6][4]$a$4438 [12] $memory\mem$rdmux[0][6][4]$a$4438 [12] $memory\mem$rdmux[0][6][4]$a$4438 [12] $memory\mem$rdmux[0][6][4]$a$4438 [12] $memory\mem$rdmux[0][6][4]$a$4438 [12] $memory\mem$rdmux[0][6][4]$a$4438 [12] $memory\mem$rdmux[0][6][4]$a$4438 [12] $memory\mem$rdmux[0][6][4]$a$4438 [12] $memory\mem$rdmux[0][6][4]$a$4438 [12] 18'110001100010100100 }
    Consolidated identical input bits for $mux cell $memory\mem$rdmux[0][7][7]$4638:
      Old ports: A=30'111111111111000111110010100100, B=30'111111111111000111100010100100, Y=$memory\mem$rdmux[0][6][3]$b$4436
      New ports: A=1'1, B=1'0, Y=$memory\mem$rdmux[0][6][3]$b$4436 [10]
      New connections: { $memory\mem$rdmux[0][6][3]$b$4436 [29:11] $memory\mem$rdmux[0][6][3]$b$4436 [9:0] } = 29'11111111111100011110010100100
    Consolidated identical input bits for $mux cell $memory\mem$rdmux[0][7][6]$4635:
      Old ports: A=30'000000000010000010110010001100, B=30'111111111111000110000010100100, Y=$memory\mem$rdmux[0][6][3]$a$4435
      New ports: A=2'01, B=2'10, Y={ $memory\mem$rdmux[0][6][3]$a$4435 [5] $memory\mem$rdmux[0][6][3]$a$4435 [3] }
      New connections: { $memory\mem$rdmux[0][6][3]$a$4435 [29:6] $memory\mem$rdmux[0][6][3]$a$4435 [4] $memory\mem$rdmux[0][6][3]$a$4435 [2:0] } = { $memory\mem$rdmux[0][6][3]$a$4435 [5] $memory\mem$rdmux[0][6][3]$a$4435 [5] $memory\mem$rdmux[0][6][3]$a$4435 [5] $memory\mem$rdmux[0][6][3]$a$4435 [5] $memory\mem$rdmux[0][6][3]$a$4435 [5] $memory\mem$rdmux[0][6][3]$a$4435 [5] $memory\mem$rdmux[0][6][3]$a$4435 [5] $memory\mem$rdmux[0][6][3]$a$4435 [5] $memory\mem$rdmux[0][6][3]$a$4435 [5] $memory\mem$rdmux[0][6][3]$a$4435 [5] 1'1 $memory\mem$rdmux[0][6][3]$a$4435 [5] 3'000 $memory\mem$rdmux[0][6][3]$a$4435 [5] 2'10 $memory\mem$rdmux[0][6][3]$a$4435 [3] $memory\mem$rdmux[0][6][3]$a$4435 [3] 8'00100100 }
    Consolidated identical input bits for $mux cell $memory\mem$rdmux[0][7][5]$4632:
      Old ports: A=30'010000000010000011010010001100, B=30'000000000010000010100010001100, Y=$memory\mem$rdmux[0][6][2]$b$4433
      New ports: A=2'01, B=2'10, Y=$memory\mem$rdmux[0][6][2]$b$4433 [11:10]
      New connections: { $memory\mem$rdmux[0][6][2]$b$4433 [29:12] $memory\mem$rdmux[0][6][2]$b$4433 [9:0] } = { 1'0 $memory\mem$rdmux[0][6][2]$b$4433 [10] 15'000000001000001 $memory\mem$rdmux[0][6][2]$b$4433 [10] 10'0010001100 }
    Consolidated identical input bits for $mux cell $memory\mem$rdmux[0][7][4]$4629:
      Old ports: A=30'000000000010000010010010001100, B=30'000000000010000011010010001100, Y=$memory\mem$rdmux[0][6][2]$a$4432
      New ports: A=1'0, B=1'1, Y=$memory\mem$rdmux[0][6][2]$a$4432 [12]
      New connections: { $memory\mem$rdmux[0][6][2]$a$4432 [29:13] $memory\mem$rdmux[0][6][2]$a$4432 [11:0] } = 29'00000000001000001010010001100
    Consolidated identical input bits for $mux cell $memory\mem$rdmux[0][7][3]$4626:
      Old ports: A=30'000000000010000011100010001100, B=30'000000000010000011000010001100, Y=$memory\mem$rdmux[0][6][1]$b$4430
      New ports: A=1'1, B=1'0, Y=$memory\mem$rdmux[0][6][1]$b$4430 [11]
      New connections: { $memory\mem$rdmux[0][6][1]$b$4430 [29:12] $memory\mem$rdmux[0][6][1]$b$4430 [10:0] } = 29'00000000001000001100010001100
    Consolidated identical input bits for $mux cell $memory\mem$rdmux[0][7][2]$4623:
      Old ports: A=30'010000000010000010000010001100, B=30'000000000010000011110010001100, Y=$memory\mem$rdmux[0][6][1]$a$4429
      New ports: A=2'10, B=2'01, Y={ $memory\mem$rdmux[0][6][1]$a$4429 [28] $memory\mem$rdmux[0][6][1]$a$4429 [10] }
      New connections: { $memory\mem$rdmux[0][6][1]$a$4429 [29] $memory\mem$rdmux[0][6][1]$a$4429 [27:11] $memory\mem$rdmux[0][6][1]$a$4429 [9:0] } = { 16'0000000001000001 $memory\mem$rdmux[0][6][1]$a$4429 [10] $memory\mem$rdmux[0][6][1]$a$4429 [10] 10'0010001100 }
    Consolidated identical input bits for $mux cell $memory\mem$rdmux[0][7][1]$4620:
      Old ports: A=30'111111111000000000000001100100, B=30'000000000010000010000010001100, Y=$memory\mem$rdmux[0][6][0]$b$4427
      New ports: A=2'10, B=2'01, Y={ $memory\mem$rdmux[0][6][0]$b$4427 [5] $memory\mem$rdmux[0][6][0]$b$4427 [3] }
      New connections: { $memory\mem$rdmux[0][6][0]$b$4427 [29:6] $memory\mem$rdmux[0][6][0]$b$4427 [4] $memory\mem$rdmux[0][6][0]$b$4427 [2:0] } = { $memory\mem$rdmux[0][6][0]$b$4427 [5] $memory\mem$rdmux[0][6][0]$b$4427 [5] $memory\mem$rdmux[0][6][0]$b$4427 [5] $memory\mem$rdmux[0][6][0]$b$4427 [5] $memory\mem$rdmux[0][6][0]$b$4427 [5] $memory\mem$rdmux[0][6][0]$b$4427 [5] $memory\mem$rdmux[0][6][0]$b$4427 [5] $memory\mem$rdmux[0][6][0]$b$4427 [5] $memory\mem$rdmux[0][6][0]$b$4427 [5] 1'0 $memory\mem$rdmux[0][6][0]$b$4427 [3] 5'00000 $memory\mem$rdmux[0][6][0]$b$4427 [3] 5'00000 $memory\mem$rdmux[0][6][0]$b$4427 [3] $memory\mem$rdmux[0][6][0]$b$4427 [5] 4'0100 }
    Consolidated identical input bits for $mux cell $memory\mem$rdmux[0][7][0]$4617:
      Old ports: A=30'000000001100000000000000100100, B=30'000000000101000000000001000100, Y=$memory\mem$rdmux[0][6][0]$a$4426
      New ports: A=2'01, B=2'10, Y=$memory\mem$rdmux[0][6][0]$a$4426 [6:5]
      New connections: { $memory\mem$rdmux[0][6][0]$a$4426 [29:7] $memory\mem$rdmux[0][6][0]$a$4426 [4:0] } = { 8'00000000 $memory\mem$rdmux[0][6][0]$a$4426 [5] 2'10 $memory\mem$rdmux[0][6][0]$a$4426 [6] 16'0000000000000100 }
    Consolidated identical input bits for $mux cell $memory\mem$rdmux[0][7][54]$4779:
      Old ports: A=30'000000010100110010010001000100, B=30'000000000111110111011110101100, Y=$memory\mem$rdmux[0][6][27]$a$4507
      New ports: A=2'10, B=2'01, Y={ $memory\mem$rdmux[0][6][27]$a$4507 [6] $memory\mem$rdmux[0][6][27]$a$4507 [3] }
      New connections: { $memory\mem$rdmux[0][6][27]$a$4507 [29:7] $memory\mem$rdmux[0][6][27]$a$4507 [5:4] $memory\mem$rdmux[0][6][27]$a$4507 [2:0] } = { 7'0000000 $memory\mem$rdmux[0][6][27]$a$4507 [6] 2'01 $memory\mem$rdmux[0][6][27]$a$4507 [3] $memory\mem$rdmux[0][6][27]$a$4507 [3] 3'110 $memory\mem$rdmux[0][6][27]$a$4507 [3] 1'1 $memory\mem$rdmux[0][6][27]$a$4507 [3] 2'01 $memory\mem$rdmux[0][6][27]$a$4507 [3] $memory\mem$rdmux[0][6][27]$a$4507 [3] $memory\mem$rdmux[0][6][27]$a$4507 [3] $memory\mem$rdmux[0][6][27]$a$4507 [3] 4'0100 }
    Consolidated identical input bits for $mux cell $memory\mem$rdmux[0][7][49]$4764:
      Old ports: A=30'000000010010011011101000101100, B=30'101100111111010000111000100100, Y=$memory\mem$rdmux[0][6][24]$b$4499
      New ports: A=2'01, B=2'10, Y={ $memory\mem$rdmux[0][6][24]$b$4499 [10] $memory\mem$rdmux[0][6][24]$b$4499 [3] }
      New connections: { $memory\mem$rdmux[0][6][24]$b$4499 [29:11] $memory\mem$rdmux[0][6][24]$b$4499 [9:4] $memory\mem$rdmux[0][6][24]$b$4499 [2:0] } = { $memory\mem$rdmux[0][6][24]$b$4499 [10] 1'0 $memory\mem$rdmux[0][6][24]$b$4499 [10] $memory\mem$rdmux[0][6][24]$b$4499 [10] 2'00 $memory\mem$rdmux[0][6][24]$b$4499 [10] 1'1 $memory\mem$rdmux[0][6][24]$b$4499 [10] $memory\mem$rdmux[0][6][24]$b$4499 [10] 1'1 $memory\mem$rdmux[0][6][24]$b$4499 [10] 2'01 $memory\mem$rdmux[0][6][24]$b$4499 [3] 1'0 $memory\mem$rdmux[0][6][24]$b$4499 [3] $memory\mem$rdmux[0][6][24]$b$4499 [3] 10'1100010100 }
    Consolidated identical input bits for $mux cell $memory\mem$rdmux[0][7][53]$4776:
      Old ports: A=30'000000010011000011100111101100, B=30'000000010100101101100011001100, Y=$memory\mem$rdmux[0][6][26]$b$4505
      New ports: A=2'01, B=2'10, Y={ $memory\mem$rdmux[0][6][26]$b$4505 [14] $memory\mem$rdmux[0][6][26]$b$4505 [5] }
      New connections: { $memory\mem$rdmux[0][6][26]$b$4505 [29:15] $memory\mem$rdmux[0][6][26]$b$4505 [13:6] $memory\mem$rdmux[0][6][26]$b$4505 [4:0] } = { 9'000000010 $memory\mem$rdmux[0][6][26]$b$4505 [14] $memory\mem$rdmux[0][6][26]$b$4505 [5] $memory\mem$rdmux[0][6][26]$b$4505 [5] $memory\mem$rdmux[0][6][26]$b$4505 [14] 1'0 $memory\mem$rdmux[0][6][26]$b$4505 [14] $memory\mem$rdmux[0][6][26]$b$4505 [5] 4'1100 $memory\mem$rdmux[0][6][26]$b$4505 [5] 7'1101100 }
    Consolidated identical input bits for $mux cell $memory\mem$rdmux[0][7][81]$4860:
      Old ports: A=30'000000011001111010101001001100, B=30'010100011011101011100000100100, Y=$memory\mem$rdmux[0][6][40]$b$4547
      New ports: A=2'01, B=2'10, Y={ $memory\mem$rdmux[0][6][40]$b$4547 [5] $memory\mem$rdmux[0][6][40]$b$4547 [3] }
      New connections: { $memory\mem$rdmux[0][6][40]$b$4547 [29:6] $memory\mem$rdmux[0][6][40]$b$4547 [4] $memory\mem$rdmux[0][6][40]$b$4547 [2:0] } = { 1'0 $memory\mem$rdmux[0][6][40]$b$4547 [5] 1'0 $memory\mem$rdmux[0][6][40]$b$4547 [5] 6'000110 $memory\mem$rdmux[0][6][40]$b$4547 [5] 2'11 $memory\mem$rdmux[0][6][40]$b$4547 [3] 3'101 $memory\mem$rdmux[0][6][40]$b$4547 [5] 2'10 $memory\mem$rdmux[0][6][40]$b$4547 [3] 2'00 $memory\mem$rdmux[0][6][40]$b$4547 [3] 4'0100 }
    Consolidated identical input bits for $mux cell $memory\mem$rdmux[0][7][71]$4830:
      Old ports: A=30'100011110001010101001011000100, B=30'000000001010010010011010001100, Y=$memory\mem$rdmux[0][6][35]$b$4532
      New ports: A=2'10, B=2'01, Y={ $memory\mem$rdmux[0][6][35]$b$4532 [6] $memory\mem$rdmux[0][6][35]$b$4532 [3] }
      New connections: { $memory\mem$rdmux[0][6][35]$b$4532 [29:7] $memory\mem$rdmux[0][6][35]$b$4532 [5:4] $memory\mem$rdmux[0][6][35]$b$4532 [2:0] } = { $memory\mem$rdmux[0][6][35]$b$4532 [6] 3'000 $memory\mem$rdmux[0][6][35]$b$4532 [6] $memory\mem$rdmux[0][6][35]$b$4532 [6] $memory\mem$rdmux[0][6][35]$b$4532 [6] $memory\mem$rdmux[0][6][35]$b$4532 [6] $memory\mem$rdmux[0][6][35]$b$4532 [3] 1'0 $memory\mem$rdmux[0][6][35]$b$4532 [3] $memory\mem$rdmux[0][6][35]$b$4532 [6] 3'010 $memory\mem$rdmux[0][6][35]$b$4532 [6] $memory\mem$rdmux[0][6][35]$b$4532 [3] $memory\mem$rdmux[0][6][35]$b$4532 [6] 1'0 $memory\mem$rdmux[0][6][35]$b$4532 [3] 8'10100100 }
    Consolidated identical input bits for $mux cell $memory\mem$rdmux[0][7][61]$4800:
      Old ports: A=30'000000010000110100101111001100, B=30'110110111100001010000100000100, Y=$memory\mem$rdmux[0][6][30]$b$4517
      New ports: A=2'01, B=2'10, Y={ $memory\mem$rdmux[0][6][30]$b$4517 [13] $memory\mem$rdmux[0][6][30]$b$4517 [3] }
      New connections: { $memory\mem$rdmux[0][6][30]$b$4517 [29:14] $memory\mem$rdmux[0][6][30]$b$4517 [12:4] $memory\mem$rdmux[0][6][30]$b$4517 [2:0] } = { $memory\mem$rdmux[0][6][30]$b$4517 [13] $memory\mem$rdmux[0][6][30]$b$4517 [13] 1'0 $memory\mem$rdmux[0][6][30]$b$4517 [13] $memory\mem$rdmux[0][6][30]$b$4517 [13] 1'0 $memory\mem$rdmux[0][6][30]$b$4517 [13] 1'1 $memory\mem$rdmux[0][6][30]$b$4517 [13] $memory\mem$rdmux[0][6][30]$b$4517 [13] 2'00 $memory\mem$rdmux[0][6][30]$b$4517 [3] $memory\mem$rdmux[0][6][30]$b$4517 [3] $memory\mem$rdmux[0][6][30]$b$4517 [13] $memory\mem$rdmux[0][6][30]$b$4517 [3] 1'0 $memory\mem$rdmux[0][6][30]$b$4517 [3] 1'0 $memory\mem$rdmux[0][6][30]$b$4517 [3] 1'1 $memory\mem$rdmux[0][6][30]$b$4517 [3] $memory\mem$rdmux[0][6][30]$b$4517 [3] 5'00100 }
    Consolidated identical input bits for $mux cell $memory\mem$rdmux[0][7][79]$4854:
      Old ports: A=30'000000010001110110010100000100, B=30'000010000110101000000011100100, Y=$memory\mem$rdmux[0][6][39]$b$4544
      New ports: A=2'10, B=2'01, Y={ $memory\mem$rdmux[0][6][39]$b$4544 [8] $memory\mem$rdmux[0][6][39]$b$4544 [5] }
      New connections: { $memory\mem$rdmux[0][6][39]$b$4544 [29:9] $memory\mem$rdmux[0][6][39]$b$4544 [7:6] $memory\mem$rdmux[0][6][39]$b$4544 [4:0] } = { 4'0000 $memory\mem$rdmux[0][6][39]$b$4544 [5] 2'00 $memory\mem$rdmux[0][6][39]$b$4544 [8] 1'0 $memory\mem$rdmux[0][6][39]$b$4544 [5] $memory\mem$rdmux[0][6][39]$b$4544 [5] $memory\mem$rdmux[0][6][39]$b$4544 [8] 1'1 $memory\mem$rdmux[0][6][39]$b$4544 [8] $memory\mem$rdmux[0][6][39]$b$4544 [5] $memory\mem$rdmux[0][6][39]$b$4544 [8] $memory\mem$rdmux[0][6][39]$b$4544 [8] 2'00 $memory\mem$rdmux[0][6][39]$b$4544 [8] 1'0 $memory\mem$rdmux[0][6][39]$b$4544 [5] $memory\mem$rdmux[0][6][39]$b$4544 [5] 5'00100 }
    Consolidated identical input bits for $mux cell $memory\mem$rdmux[0][7][76]$4845:
      Old ports: A=30'000000010000100111111111101100, B=30'010000011011101001010101001100, Y=$memory\mem$rdmux[0][6][38]$a$4540
      New ports: A=2'01, B=2'10, Y={ $memory\mem$rdmux[0][6][38]$a$4540 [15] $memory\mem$rdmux[0][6][38]$a$4540 [5] }
      New connections: { $memory\mem$rdmux[0][6][38]$a$4540 [29:16] $memory\mem$rdmux[0][6][38]$a$4540 [14:6] $memory\mem$rdmux[0][6][38]$a$4540 [4:0] } = { 1'0 $memory\mem$rdmux[0][6][38]$a$4540 [15] 6'000001 $memory\mem$rdmux[0][6][38]$a$4540 [15] 1'0 $memory\mem$rdmux[0][6][38]$a$4540 [15] $memory\mem$rdmux[0][6][38]$a$4540 [15] 2'10 $memory\mem$rdmux[0][6][38]$a$4540 [5] $memory\mem$rdmux[0][6][38]$a$4540 [5] 1'1 $memory\mem$rdmux[0][6][38]$a$4540 [5] 1'1 $memory\mem$rdmux[0][6][38]$a$4540 [5] 1'1 $memory\mem$rdmux[0][6][38]$a$4540 [5] 6'101100 }
    Consolidated identical input bits for $mux cell $memory\mem$rdmux[0][7][70]$4827:
      Old ports: A=30'000000001000101100111001001100, B=30'011101011100000001100110000100, Y=$memory\mem$rdmux[0][6][35]$a$4531
      New ports: A=2'01, B=2'10, Y={ $memory\mem$rdmux[0][6][35]$a$4531 [7] $memory\mem$rdmux[0][6][35]$a$4531 [3] }
      New connections: { $memory\mem$rdmux[0][6][35]$a$4531 [29:8] $memory\mem$rdmux[0][6][35]$a$4531 [6:4] $memory\mem$rdmux[0][6][35]$a$4531 [2:0] } = { 1'0 $memory\mem$rdmux[0][6][35]$a$4531 [7] $memory\mem$rdmux[0][6][35]$a$4531 [7] $memory\mem$rdmux[0][6][35]$a$4531 [7] 1'0 $memory\mem$rdmux[0][6][35]$a$4531 [7] 1'0 $memory\mem$rdmux[0][6][35]$a$4531 [7] 1'1 $memory\mem$rdmux[0][6][35]$a$4531 [7] 2'00 $memory\mem$rdmux[0][6][35]$a$4531 [3] 1'0 $memory\mem$rdmux[0][6][35]$a$4531 [3] $memory\mem$rdmux[0][6][35]$a$4531 [3] 1'0 $memory\mem$rdmux[0][6][35]$a$4531 [7] 1'1 $memory\mem$rdmux[0][6][35]$a$4531 [3] $memory\mem$rdmux[0][6][35]$a$4531 [3] $memory\mem$rdmux[0][6][35]$a$4531 [7] $memory\mem$rdmux[0][6][35]$a$4531 [3] 5'00100 }
    Consolidated identical input bits for $mux cell $memory\mem$rdmux[0][7][67]$4818:
      Old ports: A=30'101100111001010000101000000100, B=30'000000000010100110000110101100, Y=$memory\mem$rdmux[0][6][33]$b$4526
      New ports: A=2'10, B=2'01, Y={ $memory\mem$rdmux[0][6][33]$b$4526 [9] $memory\mem$rdmux[0][6][33]$b$4526 [3] }
      New connections: { $memory\mem$rdmux[0][6][33]$b$4526 [29:10] $memory\mem$rdmux[0][6][33]$b$4526 [8:4] $memory\mem$rdmux[0][6][33]$b$4526 [2:0] } = { $memory\mem$rdmux[0][6][33]$b$4526 [9] 1'0 $memory\mem$rdmux[0][6][33]$b$4526 [9] $memory\mem$rdmux[0][6][33]$b$4526 [9] 2'00 $memory\mem$rdmux[0][6][33]$b$4526 [9] $memory\mem$rdmux[0][6][33]$b$4526 [9] $memory\mem$rdmux[0][6][33]$b$4526 [9] 1'0 $memory\mem$rdmux[0][6][33]$b$4526 [3] $memory\mem$rdmux[0][6][33]$b$4526 [9] $memory\mem$rdmux[0][6][33]$b$4526 [3] $memory\mem$rdmux[0][6][33]$b$4526 [9] 1'0 $memory\mem$rdmux[0][6][33]$b$4526 [3] $memory\mem$rdmux[0][6][33]$b$4526 [3] 1'0 $memory\mem$rdmux[0][6][33]$b$4526 [9] 1'0 $memory\mem$rdmux[0][6][33]$b$4526 [3] $memory\mem$rdmux[0][6][33]$b$4526 [3] 1'0 $memory\mem$rdmux[0][6][33]$b$4526 [3] 4'0100 }
    Consolidated identical input bits for $mux cell $memory\mem$rdmux[0][7][63]$4806:
      Old ports: A=30'010000001110000111011111001100, B=30'010000010111110011010100100100, Y=$memory\mem$rdmux[0][6][31]$b$4520
      New ports: A=2'01, B=2'10, Y={ $memory\mem$rdmux[0][6][31]$b$4520 [5] $memory\mem$rdmux[0][6][31]$b$4520 [3] }
      New connections: { $memory\mem$rdmux[0][6][31]$b$4520 [29:6] $memory\mem$rdmux[0][6][31]$b$4520 [4] $memory\mem$rdmux[0][6][31]$b$4520 [2:0] } = { 7'0100000 $memory\mem$rdmux[0][6][31]$b$4520 [5] $memory\mem$rdmux[0][6][31]$b$4520 [3] 2'11 $memory\mem$rdmux[0][6][31]$b$4520 [5] $memory\mem$rdmux[0][6][31]$b$4520 [5] $memory\mem$rdmux[0][6][31]$b$4520 [5] 1'0 $memory\mem$rdmux[0][6][31]$b$4520 [3] 4'1101 $memory\mem$rdmux[0][6][31]$b$4520 [3] 1'1 $memory\mem$rdmux[0][6][31]$b$4520 [3] $memory\mem$rdmux[0][6][31]$b$4520 [3] 4'0100 }
    Consolidated identical input bits for $mux cell $memory\mem$rdmux[0][7][60]$4797:
      Old ports: A=30'000000101000110010100000100100, B=30'000000000001000011000111001100, Y=$memory\mem$rdmux[0][6][30]$a$4516
      New ports: A=2'10, B=2'01, Y={ $memory\mem$rdmux[0][6][30]$a$4516 [5] $memory\mem$rdmux[0][6][30]$a$4516 [3] }
      New connections: { $memory\mem$rdmux[0][6][30]$a$4516 [29:6] $memory\mem$rdmux[0][6][30]$a$4516 [4] $memory\mem$rdmux[0][6][30]$a$4516 [2:0] } = { 6'000000 $memory\mem$rdmux[0][6][30]$a$4516 [5] 1'0 $memory\mem$rdmux[0][6][30]$a$4516 [5] 2'00 $memory\mem$rdmux[0][6][30]$a$4516 [3] $memory\mem$rdmux[0][6][30]$a$4516 [5] $memory\mem$rdmux[0][6][30]$a$4516 [5] 3'001 $memory\mem$rdmux[0][6][30]$a$4516 [3] $memory\mem$rdmux[0][6][30]$a$4516 [5] 2'00 $memory\mem$rdmux[0][6][30]$a$4516 [3] $memory\mem$rdmux[0][6][30]$a$4516 [3] $memory\mem$rdmux[0][6][30]$a$4516 [3] 4'0100 }
    Consolidated identical input bits for $mux cell $memory\mem$rdmux[0][7][55]$4782:
      Old ports: A=30'000101010111110001111000000100, B=30'100011000001110111110001100100, Y=$memory\mem$rdmux[0][6][27]$b$4508
      New ports: A=2'10, B=2'01, Y={ $memory\mem$rdmux[0][6][27]$b$4508 [9] $memory\mem$rdmux[0][6][27]$b$4508 [5] }
      New connections: { $memory\mem$rdmux[0][6][27]$b$4508 [29:10] $memory\mem$rdmux[0][6][27]$b$4508 [8:6] $memory\mem$rdmux[0][6][27]$b$4508 [4:0] } = { $memory\mem$rdmux[0][6][27]$b$4508 [5] 2'00 $memory\mem$rdmux[0][6][27]$b$4508 [9] $memory\mem$rdmux[0][6][27]$b$4508 [5] 2'10 $memory\mem$rdmux[0][6][27]$b$4508 [9] 1'0 $memory\mem$rdmux[0][6][27]$b$4508 [9] $memory\mem$rdmux[0][6][27]$b$4508 [9] 4'1110 $memory\mem$rdmux[0][6][27]$b$4508 [5] $memory\mem$rdmux[0][6][27]$b$4508 [5] 5'11100 $memory\mem$rdmux[0][6][27]$b$4508 [5] 5'00100 }
    Consolidated identical input bits for $mux cell $memory\mem$rdmux[0][7][52]$4773:
      Old ports: A=30'000000011010000000100010001100, B=30'000000000011000000101101001100, Y=$memory\mem$rdmux[0][6][26]$a$4504
      New ports: A=2'10, B=2'01, Y=$memory\mem$rdmux[0][6][26]$a$4504 [7:6]
      New connections: { $memory\mem$rdmux[0][6][26]$a$4504 [29:8] $memory\mem$rdmux[0][6][26]$a$4504 [5:0] } = { 7'0000000 $memory\mem$rdmux[0][6][26]$a$4504 [7] $memory\mem$rdmux[0][6][26]$a$4504 [7] 2'01 $memory\mem$rdmux[0][6][26]$a$4504 [6] 8'00000010 $memory\mem$rdmux[0][6][26]$a$4504 [6] $memory\mem$rdmux[0][6][26]$a$4504 [6] 6'001100 }
    Consolidated identical input bits for $mux cell $memory\mem$rdmux[0][7][48]$4761:
      Old ports: A=30'100011011110010110001101000100, B=30'111011101101101101110101000100, Y=$memory\mem$rdmux[0][6][24]$a$4498
      New ports: A=2'01, B=2'10, Y=$memory\mem$rdmux[0][6][24]$a$4498 [10:9]
      New connections: { $memory\mem$rdmux[0][6][24]$a$4498 [29:11] $memory\mem$rdmux[0][6][24]$a$4498 [8:0] } = { 1'1 $memory\mem$rdmux[0][6][24]$a$4498 [10] $memory\mem$rdmux[0][6][24]$a$4498 [10] 3'011 $memory\mem$rdmux[0][6][24]$a$4498 [10:9] 2'11 $memory\mem$rdmux[0][6][24]$a$4498 [9] $memory\mem$rdmux[0][6][24]$a$4498 [10] $memory\mem$rdmux[0][6][24]$a$4498 [10:9] $memory\mem$rdmux[0][6][24]$a$4498 [10] 1'1 $memory\mem$rdmux[0][6][24]$a$4498 [9] $memory\mem$rdmux[0][6][24]$a$4498 [10] $memory\mem$rdmux[0][6][24]$a$4498 [10] 9'101000100 }
    Consolidated identical input bits for $mux cell $memory\mem$rdmux[0][7][45]$4752:
      Old ports: A=30'000000001011101100110101101100, B=30'000000011010111110101110101100, Y=$memory\mem$rdmux[0][6][22]$b$4493
      New ports: A=2'01, B=2'10, Y=$memory\mem$rdmux[0][6][22]$b$4493 [7:6]
      New connections: { $memory\mem$rdmux[0][6][22]$b$4493 [29:8] $memory\mem$rdmux[0][6][22]$b$4493 [5:0] } = { 7'0000000 $memory\mem$rdmux[0][6][22]$b$4493 [7] 3'101 $memory\mem$rdmux[0][6][22]$b$4493 [6] 1'1 $memory\mem$rdmux[0][6][22]$b$4493 [7] 2'11 $memory\mem$rdmux[0][6][22]$b$4493 [7] 2'01 $memory\mem$rdmux[0][6][22]$b$4493 [6] $memory\mem$rdmux[0][6][22]$b$4493 [7] 7'1101100 }
    Consolidated identical input bits for $mux cell $memory\mem$rdmux[0][7][50]$4767:
      Old ports: A=30'000000001010110110100011001100, B=30'000000001011101101100001101100, Y=$memory\mem$rdmux[0][6][25]$a$4501
      New ports: A=2'10, B=2'01, Y={ $memory\mem$rdmux[0][6][25]$a$4501 [7] $memory\mem$rdmux[0][6][25]$a$4501 [5] }
      New connections: { $memory\mem$rdmux[0][6][25]$a$4501 [29:8] $memory\mem$rdmux[0][6][25]$a$4501 [6] $memory\mem$rdmux[0][6][25]$a$4501 [4:0] } = { 11'00000000101 $memory\mem$rdmux[0][6][25]$a$4501 [5] 1'1 $memory\mem$rdmux[0][6][25]$a$4501 [7] $memory\mem$rdmux[0][6][25]$a$4501 [5] 1'1 $memory\mem$rdmux[0][6][25]$a$4501 [7] $memory\mem$rdmux[0][6][25]$a$4501 [5] 10'1000101100 }
    Consolidated identical input bits for $mux cell $memory\mem$rdmux[0][7][46]$4755:
      Old ports: A=30'000000010100010110111110101100, B=30'010000000111111001011111000100, Y=$memory\mem$rdmux[0][6][23]$a$4495
      New ports: A=2'01, B=2'10, Y={ $memory\mem$rdmux[0][6][23]$a$4495 [6] $memory\mem$rdmux[0][6][23]$a$4495 [3] }
      New connections: { $memory\mem$rdmux[0][6][23]$a$4495 [29:7] $memory\mem$rdmux[0][6][23]$a$4495 [5:4] $memory\mem$rdmux[0][6][23]$a$4495 [2:0] } = { 1'0 $memory\mem$rdmux[0][6][23]$a$4495 [6] 5'00000 $memory\mem$rdmux[0][6][23]$a$4495 [3] 2'01 $memory\mem$rdmux[0][6][23]$a$4495 [6] $memory\mem$rdmux[0][6][23]$a$4495 [6] $memory\mem$rdmux[0][6][23]$a$4495 [6] 1'1 $memory\mem$rdmux[0][6][23]$a$4495 [6] $memory\mem$rdmux[0][6][23]$a$4495 [3] $memory\mem$rdmux[0][6][23]$a$4495 [3] $memory\mem$rdmux[0][6][23]$a$4495 [6] $memory\mem$rdmux[0][6][23]$a$4495 [3] 4'1111 $memory\mem$rdmux[0][6][23]$a$4495 [3] 4'0100 }
    Consolidated identical input bits for $mux cell $memory\mem$rdmux[0][7][68]$4821:
      Old ports: A=30'101101011011010101101100000100, B=30'000000010101110001110100101100, Y=$memory\mem$rdmux[0][6][34]$a$4528
      New ports: A=2'10, B=2'01, Y={ $memory\mem$rdmux[0][6][34]$a$4528 [9] $memory\mem$rdmux[0][6][34]$a$4528 [3] }
      New connections: { $memory\mem$rdmux[0][6][34]$a$4528 [29:10] $memory\mem$rdmux[0][6][34]$a$4528 [8:4] $memory\mem$rdmux[0][6][34]$a$4528 [2:0] } = { $memory\mem$rdmux[0][6][34]$a$4528 [9] 1'0 $memory\mem$rdmux[0][6][34]$a$4528 [9] $memory\mem$rdmux[0][6][34]$a$4528 [9] 1'0 $memory\mem$rdmux[0][6][34]$a$4528 [9] 2'01 $memory\mem$rdmux[0][6][34]$a$4528 [9] $memory\mem$rdmux[0][6][34]$a$4528 [3] $memory\mem$rdmux[0][6][34]$a$4528 [9] 1'1 $memory\mem$rdmux[0][6][34]$a$4528 [3] 2'10 $memory\mem$rdmux[0][6][34]$a$4528 [9] 3'011 $memory\mem$rdmux[0][6][34]$a$4528 [3] 3'100 $memory\mem$rdmux[0][6][34]$a$4528 [3] 4'0100 }
    Consolidated identical input bits for $mux cell $memory\mem$rdmux[0][7][80]$4857:
      Old ports: A=30'000000010001010010011000000100, B=30'010000000111010011011010101100, Y=$memory\mem$rdmux[0][6][40]$a$4546
      New ports: A=2'10, B=2'01, Y={ $memory\mem$rdmux[0][6][40]$a$4546 [22] $memory\mem$rdmux[0][6][40]$a$4546 [3] }
      New connections: { $memory\mem$rdmux[0][6][40]$a$4546 [29:23] $memory\mem$rdmux[0][6][40]$a$4546 [21:4] $memory\mem$rdmux[0][6][40]$a$4546 [2:0] } = { 1'0 $memory\mem$rdmux[0][6][40]$a$4546 [3] 6'000000 $memory\mem$rdmux[0][6][40]$a$4546 [3] $memory\mem$rdmux[0][6][40]$a$4546 [3] 6'101001 $memory\mem$rdmux[0][6][40]$a$4546 [3] 4'0110 $memory\mem$rdmux[0][6][40]$a$4546 [3] 1'0 $memory\mem$rdmux[0][6][40]$a$4546 [3] 4'0100 }
    Consolidated identical input bits for $mux cell $memory\mem$rdmux[0][7][69]$4824:
      Old ports: A=30'100101010100100110101000000100, B=30'000101011111010100110110000100, Y=$memory\mem$rdmux[0][6][34]$b$4529
      New ports: A=2'10, B=2'01, Y={ $memory\mem$rdmux[0][6][34]$b$4529 [9] $memory\mem$rdmux[0][6][34]$b$4529 [7] }
      New connections: { $memory\mem$rdmux[0][6][34]$b$4529 [29:10] $memory\mem$rdmux[0][6][34]$b$4529 [8] $memory\mem$rdmux[0][6][34]$b$4529 [6:0] } = { $memory\mem$rdmux[0][6][34]$b$4529 [9] 7'0010101 $memory\mem$rdmux[0][6][34]$b$4529 [7] 1'1 $memory\mem$rdmux[0][6][34]$b$4529 [7] $memory\mem$rdmux[0][6][34]$b$4529 [7] $memory\mem$rdmux[0][6][34]$b$4529 [9] $memory\mem$rdmux[0][6][34]$b$4529 [7] 2'01 $memory\mem$rdmux[0][6][34]$b$4529 [9] 2'01 $memory\mem$rdmux[0][6][34]$b$4529 [7] $memory\mem$rdmux[0][6][34]$b$4529 [7] 7'0000100 }
    Consolidated identical input bits for $mux cell $memory\mem$rdmux[0][7][64]$4809:
      Old ports: A=30'010000001100101011011000101100, B=30'011010100100111011111011000100, Y=$memory\mem$rdmux[0][6][32]$a$4522
      New ports: A=2'01, B=2'10, Y={ $memory\mem$rdmux[0][6][32]$a$4522 [6] $memory\mem$rdmux[0][6][32]$a$4522 [3] }
      New connections: { $memory\mem$rdmux[0][6][32]$a$4522 [29:7] $memory\mem$rdmux[0][6][32]$a$4522 [5:4] $memory\mem$rdmux[0][6][32]$a$4522 [2:0] } = { 2'01 $memory\mem$rdmux[0][6][32]$a$4522 [6] 1'0 $memory\mem$rdmux[0][6][32]$a$4522 [6] 1'0 $memory\mem$rdmux[0][6][32]$a$4522 [6] 1'0 $memory\mem$rdmux[0][6][32]$a$4522 [3] 4'1001 $memory\mem$rdmux[0][6][32]$a$4522 [6] 4'1011 $memory\mem$rdmux[0][6][32]$a$4522 [6] 3'110 $memory\mem$rdmux[0][6][32]$a$4522 [6] $memory\mem$rdmux[0][6][32]$a$4522 [3] 4'0100 }
    Consolidated identical input bits for $mux cell $memory\mem$rdmux[0][7][47]$4758:
      Old ports: A=30'010000001101001101011000100100, B=30'010000011101001011010000001100, Y=$memory\mem$rdmux[0][6][23]$b$4496
      New ports: A=2'10, B=2'01, Y={ $memory\mem$rdmux[0][6][23]$b$4496 [5] $memory\mem$rdmux[0][6][23]$b$4496 [3] }
      New connections: { $memory\mem$rdmux[0][6][23]$b$4496 [29:6] $memory\mem$rdmux[0][6][23]$b$4496 [4] $memory\mem$rdmux[0][6][23]$b$4496 [2:0] } = { 7'0100000 $memory\mem$rdmux[0][6][23]$b$4496 [3] 7'1101001 $memory\mem$rdmux[0][6][23]$b$4496 [5] $memory\mem$rdmux[0][6][23]$b$4496 [3] 3'101 $memory\mem$rdmux[0][6][23]$b$4496 [5] 7'0000100 }
    Consolidated identical input bits for $mux cell $memory\mem$rdmux[0][7][72]$4833:
      Old ports: A=30'000000010111000000000011101100, B=30'000000001101100111111011101100, Y=$memory\mem$rdmux[0][6][36]$a$4534
      New ports: A=2'10, B=2'01, Y={ $memory\mem$rdmux[0][6][36]$a$4534 [19] $memory\mem$rdmux[0][6][36]$a$4534 [9] }
      New connections: { $memory\mem$rdmux[0][6][36]$a$4534 [29:20] $memory\mem$rdmux[0][6][36]$a$4534 [18:10] $memory\mem$rdmux[0][6][36]$a$4534 [8:0] } = { 7'0000000 $memory\mem$rdmux[0][6][36]$a$4534 [19] $memory\mem$rdmux[0][6][36]$a$4534 [9] 2'11 $memory\mem$rdmux[0][6][36]$a$4534 [9] 2'00 $memory\mem$rdmux[0][6][36]$a$4534 [9] $memory\mem$rdmux[0][6][36]$a$4534 [9] $memory\mem$rdmux[0][6][36]$a$4534 [9] $memory\mem$rdmux[0][6][36]$a$4534 [9] $memory\mem$rdmux[0][6][36]$a$4534 [9] 9'011101100 }
    Consolidated identical input bits for $mux cell $memory\mem$rdmux[0][7][82]$4863:
      Old ports: A=30'000000000000000000000000011011, B=30'000000000000000000000000000100, Y=$memory\mem$rdmux[0][6][41]$a$4549
      New ports: A=2'01, B=2'10, Y={ $memory\mem$rdmux[0][6][41]$a$4549 [2] $memory\mem$rdmux[0][6][41]$a$4549 [0] }
      New connections: { $memory\mem$rdmux[0][6][41]$a$4549 [29:3] $memory\mem$rdmux[0][6][41]$a$4549 [1] } = { 25'0000000000000000000000000 $memory\mem$rdmux[0][6][41]$a$4549 [0] $memory\mem$rdmux[0][6][41]$a$4549 [0] $memory\mem$rdmux[0][6][41]$a$4549 [0] }
    Consolidated identical input bits for $mux cell $memory\mem$rdmux[0][7][75]$4842:
      Old ports: A=30'000000011101101101100111101100, B=30'101000110101001010111011000100, Y=$memory\mem$rdmux[0][6][37]$b$4538
      New ports: A=2'01, B=2'10, Y={ $memory\mem$rdmux[0][6][37]$b$4538 [9] $memory\mem$rdmux[0][6][37]$b$4538 [3] }
      New connections: { $memory\mem$rdmux[0][6][37]$b$4538 [29:10] $memory\mem$rdmux[0][6][37]$b$4538 [8:4] $memory\mem$rdmux[0][6][37]$b$4538 [2:0] } = { $memory\mem$rdmux[0][6][37]$b$4538 [9] 1'0 $memory\mem$rdmux[0][6][37]$b$4538 [9] 3'000 $memory\mem$rdmux[0][6][37]$b$4538 [9] 1'1 $memory\mem$rdmux[0][6][37]$b$4538 [3] 3'101 $memory\mem$rdmux[0][6][37]$b$4538 [3] 2'01 $memory\mem$rdmux[0][6][37]$b$4538 [3] $memory\mem$rdmux[0][6][37]$b$4538 [9] $memory\mem$rdmux[0][6][37]$b$4538 [3] 1'1 $memory\mem$rdmux[0][6][37]$b$4538 [9] $memory\mem$rdmux[0][6][37]$b$4538 [3] 2'11 $memory\mem$rdmux[0][6][37]$b$4538 [3] 4'0100 }
    Consolidated identical input bits for $mux cell $memory\mem$rdmux[0][7][66]$4815:
      Old ports: A=30'000000000010110100001011001100, B=30'000000010111100110010010101100, Y=$memory\mem$rdmux[0][6][33]$a$4525
      New ports: A=2'10, B=2'01, Y=$memory\mem$rdmux[0][6][33]$a$4525 [6:5]
      New connections: { $memory\mem$rdmux[0][6][33]$a$4525 [29:7] $memory\mem$rdmux[0][6][33]$a$4525 [4:0] } = { 7'0000000 $memory\mem$rdmux[0][6][33]$a$4525 [5] 1'0 $memory\mem$rdmux[0][6][33]$a$4525 [5] 1'1 $memory\mem$rdmux[0][6][33]$a$4525 [5] 1'1 $memory\mem$rdmux[0][6][33]$a$4525 [6] 2'01 $memory\mem$rdmux[0][6][33]$a$4525 [5] 2'00 $memory\mem$rdmux[0][6][33]$a$4525 [5] $memory\mem$rdmux[0][6][33]$a$4525 [6] 7'0101100 }
    Consolidated identical input bits for $mux cell $memory\mem$rdmux[0][7][59]$4794:
      Old ports: A=30'111110101000110001001100000100, B=30'110111011110010001000111000100, Y=$memory\mem$rdmux[0][6][29]$b$4514
      New ports: A=2'10, B=2'01, Y={ $memory\mem$rdmux[0][6][29]$b$4514 [9] $memory\mem$rdmux[0][6][29]$b$4514 [6] }
      New connections: { $memory\mem$rdmux[0][6][29]$b$4514 [29:10] $memory\mem$rdmux[0][6][29]$b$4514 [8:7] $memory\mem$rdmux[0][6][29]$b$4514 [5:0] } = { 2'11 $memory\mem$rdmux[0][6][29]$b$4514 [9] 2'11 $memory\mem$rdmux[0][6][29]$b$4514 [6] $memory\mem$rdmux[0][6][29]$b$4514 [9] $memory\mem$rdmux[0][6][29]$b$4514 [6] 1'1 $memory\mem$rdmux[0][6][29]$b$4514 [6] $memory\mem$rdmux[0][6][29]$b$4514 [6] 1'0 $memory\mem$rdmux[0][6][29]$b$4514 [9] 8'10001001 $memory\mem$rdmux[0][6][29]$b$4514 [6] 6'000100 }
    Consolidated identical input bits for $mux cell $memory\mem$rdmux[0][7][51]$4770:
      Old ports: A=30'000000000100100011101010001100, B=30'000000010000010100111010001100, Y=$memory\mem$rdmux[0][6][25]$b$4502
      New ports: A=2'10, B=2'01, Y={ $memory\mem$rdmux[0][6][25]$b$4502 [12] $memory\mem$rdmux[0][6][25]$b$4502 [10] }
      New connections: { $memory\mem$rdmux[0][6][25]$b$4502 [29:13] $memory\mem$rdmux[0][6][25]$b$4502 [11] $memory\mem$rdmux[0][6][25]$b$4502 [9:0] } = { 7'0000000 $memory\mem$rdmux[0][6][25]$b$4502 [10] 1'0 $memory\mem$rdmux[0][6][25]$b$4502 [12] 2'00 $memory\mem$rdmux[0][6][25]$b$4502 [12] $memory\mem$rdmux[0][6][25]$b$4502 [10] 1'0 $memory\mem$rdmux[0][6][25]$b$4502 [10] $memory\mem$rdmux[0][6][25]$b$4502 [12] 11'11010001100 }
    Consolidated identical input bits for $mux cell $memory\mem$rdmux[0][7][44]$4749:
      Old ports: A=30'000000011011100010011100001100, B=30'010001000011001010101101000100, Y=$memory\mem$rdmux[0][6][22]$a$4492
      New ports: A=2'01, B=2'10, Y={ $memory\mem$rdmux[0][6][22]$a$4492 [6] $memory\mem$rdmux[0][6][22]$a$4492 [3] }
      New connections: { $memory\mem$rdmux[0][6][22]$a$4492 [29:7] $memory\mem$rdmux[0][6][22]$a$4492 [5:4] $memory\mem$rdmux[0][6][22]$a$4492 [2:0] } = { 1'0 $memory\mem$rdmux[0][6][22]$a$4492 [6] 3'000 $memory\mem$rdmux[0][6][22]$a$4492 [6] 1'0 $memory\mem$rdmux[0][6][22]$a$4492 [3] $memory\mem$rdmux[0][6][22]$a$4492 [3] 3'011 $memory\mem$rdmux[0][6][22]$a$4492 [3] 1'0 $memory\mem$rdmux[0][6][22]$a$4492 [6] 3'010 $memory\mem$rdmux[0][6][22]$a$4492 [6] $memory\mem$rdmux[0][6][22]$a$4492 [3] 8'11000100 }
    Consolidated identical input bits for $mux cell $memory\mem$rdmux[0][7][56]$4785:
      Old ports: A=30'000000000111100100111010101100, B=30'000000000001101000111101001100, Y=$memory\mem$rdmux[0][6][28]$a$4510
      New ports: A=2'01, B=2'10, Y=$memory\mem$rdmux[0][6][28]$a$4510 [6:5]
      New connections: { $memory\mem$rdmux[0][6][28]$a$4510 [29:7] $memory\mem$rdmux[0][6][28]$a$4510 [4:0] } = { 9'000000000 $memory\mem$rdmux[0][6][28]$a$4510 [5] $memory\mem$rdmux[0][6][28]$a$4510 [5] 3'110 $memory\mem$rdmux[0][6][28]$a$4510 [6:5] 5'00111 $memory\mem$rdmux[0][6][28]$a$4510 [6:5] 5'01100 }
    Consolidated identical input bits for $mux cell $memory\mem$rdmux[0][7][78]$4851:
      Old ports: A=30'000000010110101100010111000100, B=30'110011110000011011001100000100, Y=$memory\mem$rdmux[0][6][39]$a$4543
      New ports: A=2'01, B=2'10, Y={ $memory\mem$rdmux[0][6][39]$a$4543 [9] $memory\mem$rdmux[0][6][39]$a$4543 [6] }
      New connections: { $memory\mem$rdmux[0][6][39]$a$4543 [29:10] $memory\mem$rdmux[0][6][39]$a$4543 [8:7] $memory\mem$rdmux[0][6][39]$a$4543 [5:0] } = { $memory\mem$rdmux[0][6][39]$a$4543 [9] $memory\mem$rdmux[0][6][39]$a$4543 [9] 2'00 $memory\mem$rdmux[0][6][39]$a$4543 [9] $memory\mem$rdmux[0][6][39]$a$4543 [9] $memory\mem$rdmux[0][6][39]$a$4543 [9] 2'10 $memory\mem$rdmux[0][6][39]$a$4543 [6] $memory\mem$rdmux[0][6][39]$a$4543 [6] 1'0 $memory\mem$rdmux[0][6][39]$a$4543 [6] $memory\mem$rdmux[0][6][39]$a$4543 [9] 1'1 $memory\mem$rdmux[0][6][39]$a$4543 [6] $memory\mem$rdmux[0][6][39]$a$4543 [9] $memory\mem$rdmux[0][6][39]$a$4543 [9] 1'0 $memory\mem$rdmux[0][6][39]$a$4543 [6] 1'1 $memory\mem$rdmux[0][6][39]$a$4543 [6] 6'000100 }
    Consolidated identical input bits for $mux cell $memory\mem$rdmux[0][7][62]$4803:
      Old ports: A=30'001011100111100000100001000100, B=30'010000000000000111011010000100, Y=$memory\mem$rdmux[0][6][31]$a$4519
      New ports: A=2'01, B=2'10, Y=$memory\mem$rdmux[0][6][31]$a$4519 [7:6]
      New connections: { $memory\mem$rdmux[0][6][31]$a$4519 [29:8] $memory\mem$rdmux[0][6][31]$a$4519 [5:0] } = { 1'0 $memory\mem$rdmux[0][6][31]$a$4519 [7:6] 1'0 $memory\mem$rdmux[0][6][31]$a$4519 [6] $memory\mem$rdmux[0][6][31]$a$4519 [6] $memory\mem$rdmux[0][6][31]$a$4519 [6] 2'00 $memory\mem$rdmux[0][6][31]$a$4519 [6] $memory\mem$rdmux[0][6][31]$a$4519 [6] $memory\mem$rdmux[0][6][31]$a$4519 [6] $memory\mem$rdmux[0][6][31]$a$4519 [6] 2'00 $memory\mem$rdmux[0][6][31]$a$4519 [7] $memory\mem$rdmux[0][6][31]$a$4519 [7] $memory\mem$rdmux[0][6][31]$a$4519 [7:6] $memory\mem$rdmux[0][6][31]$a$4519 [7] $memory\mem$rdmux[0][6][31]$a$4519 [7] 7'0000100 }
    Consolidated identical input bits for $mux cell $memory\mem$rdmux[0][7][65]$4812:
      Old ports: A=30'111000000011100110101111000100, B=30'000000011111010010011101001100, Y=$memory\mem$rdmux[0][6][32]$b$4523
      New ports: A=2'10, B=2'01, Y={ $memory\mem$rdmux[0][6][32]$b$4523 [7] $memory\mem$rdmux[0][6][32]$b$4523 [3] }
      New connections: { $memory\mem$rdmux[0][6][32]$b$4523 [29:8] $memory\mem$rdmux[0][6][32]$b$4523 [6:4] $memory\mem$rdmux[0][6][32]$b$4523 [2:0] } = { $memory\mem$rdmux[0][6][32]$b$4523 [7] $memory\mem$rdmux[0][6][32]$b$4523 [7] $memory\mem$rdmux[0][6][32]$b$4523 [7] 4'0000 $memory\mem$rdmux[0][6][32]$b$4523 [3] $memory\mem$rdmux[0][6][32]$b$4523 [3] $memory\mem$rdmux[0][6][32]$b$4523 [3] 2'11 $memory\mem$rdmux[0][6][32]$b$4523 [7] $memory\mem$rdmux[0][6][32]$b$4523 [3] 1'0 $memory\mem$rdmux[0][6][32]$b$4523 [7] 2'10 $memory\mem$rdmux[0][6][32]$b$4523 [7] $memory\mem$rdmux[0][6][32]$b$4523 [3] 8'11100100 }
    Consolidated identical input bits for $mux cell $memory\mem$rdmux[0][7][74]$4839:
      Old ports: A=30'000000010011100001111100001100, B=30'000000011111111101101011001100, Y=$memory\mem$rdmux[0][6][37]$a$4537
      New ports: A=2'10, B=2'01, Y={ $memory\mem$rdmux[0][6][37]$a$4537 [8] $memory\mem$rdmux[0][6][37]$a$4537 [6] }
      New connections: { $memory\mem$rdmux[0][6][37]$a$4537 [29:9] $memory\mem$rdmux[0][6][37]$a$4537 [7] $memory\mem$rdmux[0][6][37]$a$4537 [5:0] } = { 8'00000001 $memory\mem$rdmux[0][6][37]$a$4537 [6] $memory\mem$rdmux[0][6][37]$a$4537 [6] 3'111 $memory\mem$rdmux[0][6][37]$a$4537 [6] $memory\mem$rdmux[0][6][37]$a$4537 [6] $memory\mem$rdmux[0][6][37]$a$4537 [6] 3'011 $memory\mem$rdmux[0][6][37]$a$4537 [8] 1'1 $memory\mem$rdmux[0][6][37]$a$4537 [6] 6'001100 }
    Consolidated identical input bits for $mux cell $memory\mem$rdmux[0][7][58]$4791:
      Old ports: A=30'010000010011101100000100001100, B=30'000000010110010000001101101100, Y=$memory\mem$rdmux[0][6][29]$a$4513
      New ports: A=2'10, B=2'01, Y={ $memory\mem$rdmux[0][6][29]$a$4513 [14] $memory\mem$rdmux[0][6][29]$a$4513 [5] }
      New connections: { $memory\mem$rdmux[0][6][29]$a$4513 [29:15] $memory\mem$rdmux[0][6][29]$a$4513 [13:6] $memory\mem$rdmux[0][6][29]$a$4513 [4:0] } = { 1'0 $memory\mem$rdmux[0][6][29]$a$4513 [14] 7'0000010 $memory\mem$rdmux[0][6][29]$a$4513 [5] 1'1 $memory\mem$rdmux[0][6][29]$a$4513 [14] $memory\mem$rdmux[0][6][29]$a$4513 [14] $memory\mem$rdmux[0][6][29]$a$4513 [5] $memory\mem$rdmux[0][6][29]$a$4513 [14] 4'0000 $memory\mem$rdmux[0][6][29]$a$4513 [5] 2'10 $memory\mem$rdmux[0][6][29]$a$4513 [5] 5'01100 }
    Consolidated identical input bits for $mux cell $memory\mem$rdmux[0][7][43]$4746:
      Old ports: A=30'000000001000000011011111001100, B=30'010000001010010001010110100100, Y=$memory\mem$rdmux[0][6][21]$b$4490
      New ports: A=2'01, B=2'10, Y={ $memory\mem$rdmux[0][6][21]$b$4490 [5] $memory\mem$rdmux[0][6][21]$b$4490 [3] }
      New connections: { $memory\mem$rdmux[0][6][21]$b$4490 [29:6] $memory\mem$rdmux[0][6][21]$b$4490 [4] $memory\mem$rdmux[0][6][21]$b$4490 [2:0] } = { 1'0 $memory\mem$rdmux[0][6][21]$b$4490 [5] 8'00000010 $memory\mem$rdmux[0][6][21]$b$4490 [5] 2'00 $memory\mem$rdmux[0][6][21]$b$4490 [5] 2'00 $memory\mem$rdmux[0][6][21]$b$4490 [3] 3'101 $memory\mem$rdmux[0][6][21]$b$4490 [3] 2'11 $memory\mem$rdmux[0][6][21]$b$4490 [3] 4'0100 }
    Consolidated identical input bits for $mux cell $memory\mem$rdmux[0][7][77]$4848:
      Old ports: A=30'010000011111101001011010100100, B=30'111001001001010111101010000100, Y=$memory\mem$rdmux[0][6][38]$b$4541
      New ports: A=2'01, B=2'10, Y={ $memory\mem$rdmux[0][6][38]$b$4541 [11] $memory\mem$rdmux[0][6][38]$b$4541 [5] }
      New connections: { $memory\mem$rdmux[0][6][38]$b$4541 [29:12] $memory\mem$rdmux[0][6][38]$b$4541 [10:6] $memory\mem$rdmux[0][6][38]$b$4541 [4:0] } = { $memory\mem$rdmux[0][6][38]$b$4541 [11] 1'1 $memory\mem$rdmux[0][6][38]$b$4541 [11] 2'00 $memory\mem$rdmux[0][6][38]$b$4541 [11] 1'0 $memory\mem$rdmux[0][6][38]$b$4541 [5] 1'1 $memory\mem$rdmux[0][6][38]$b$4541 [5] $memory\mem$rdmux[0][6][38]$b$4541 [5] 1'1 $memory\mem$rdmux[0][6][38]$b$4541 [5] $memory\mem$rdmux[0][6][38]$b$4541 [11] $memory\mem$rdmux[0][6][38]$b$4541 [5] $memory\mem$rdmux[0][6][38]$b$4541 [11] $memory\mem$rdmux[0][6][38]$b$4541 [11] 1'1 $memory\mem$rdmux[0][6][38]$b$4541 [5] 9'101000100 }
    Consolidated identical input bits for $mux cell $memory\mem$rdmux[0][7][73]$4836:
      Old ports: A=30'110000001100011110100100100100, B=30'000000000110111111101010001100, Y=$memory\mem$rdmux[0][6][36]$b$4535
      New ports: A=2'10, B=2'01, Y={ $memory\mem$rdmux[0][6][36]$b$4535 [5] $memory\mem$rdmux[0][6][36]$b$4535 [3] }
      New connections: { $memory\mem$rdmux[0][6][36]$b$4535 [29:6] $memory\mem$rdmux[0][6][36]$b$4535 [4] $memory\mem$rdmux[0][6][36]$b$4535 [2:0] } = { $memory\mem$rdmux[0][6][36]$b$4535 [5] $memory\mem$rdmux[0][6][36]$b$4535 [5] 6'000000 $memory\mem$rdmux[0][6][36]$b$4535 [5] 1'1 $memory\mem$rdmux[0][6][36]$b$4535 [3] 1'0 $memory\mem$rdmux[0][6][36]$b$4535 [3] 4'1111 $memory\mem$rdmux[0][6][36]$b$4535 [3] 2'10 $memory\mem$rdmux[0][6][36]$b$4535 [3] $memory\mem$rdmux[0][6][36]$b$4535 [5] $memory\mem$rdmux[0][6][36]$b$4535 [3] 5'00100 }
    Consolidated identical input bits for $mux cell $memory\mem$rdmux[0][7][42]$4743:
      Old ports: A=30'000000001100000101111100101100, B=30'000000011100000110010001001100, Y=$memory\mem$rdmux[0][6][21]$a$4489
      New ports: A=2'01, B=2'10, Y=$memory\mem$rdmux[0][6][21]$a$4489 [6:5]
      New connections: { $memory\mem$rdmux[0][6][21]$a$4489 [29:7] $memory\mem$rdmux[0][6][21]$a$4489 [4:0] } = { 7'0000000 $memory\mem$rdmux[0][6][21]$a$4489 [6] 8'11000001 $memory\mem$rdmux[0][6][21]$a$4489 [6:5] $memory\mem$rdmux[0][6][21]$a$4489 [5] 1'1 $memory\mem$rdmux[0][6][21]$a$4489 [5] $memory\mem$rdmux[0][6][21]$a$4489 [5] 6'001100 }
    Consolidated identical input bits for $mux cell $memory\mem$rdmux[0][7][41]$4740:
      Old ports: A=30'000000001101010010010101000100, B=30'111101110111111011001010100100, Y=$memory\mem$rdmux[0][6][20]$b$4487
      New ports: A=2'10, B=2'01, Y=$memory\mem$rdmux[0][6][20]$b$4487 [6:5]
      New connections: { $memory\mem$rdmux[0][6][20]$b$4487 [29:7] $memory\mem$rdmux[0][6][20]$b$4487 [4:0] } = { $memory\mem$rdmux[0][6][20]$b$4487 [5] $memory\mem$rdmux[0][6][20]$b$4487 [5] $memory\mem$rdmux[0][6][20]$b$4487 [5] $memory\mem$rdmux[0][6][20]$b$4487 [5] 1'0 $memory\mem$rdmux[0][6][20]$b$4487 [5] $memory\mem$rdmux[0][6][20]$b$4487 [5] $memory\mem$rdmux[0][6][20]$b$4487 [5] $memory\mem$rdmux[0][6][20]$b$4487 [6] 1'1 $memory\mem$rdmux[0][6][20]$b$4487 [5] 1'1 $memory\mem$rdmux[0][6][20]$b$4487 [5] 1'1 $memory\mem$rdmux[0][6][20]$b$4487 [5] 2'01 $memory\mem$rdmux[0][6][20]$b$4487 [5] 1'0 $memory\mem$rdmux[0][6][20]$b$4487 [6:5] $memory\mem$rdmux[0][6][20]$b$4487 [6:5] 5'00100 }
    Consolidated identical input bits for $mux cell $ternary$rtl/Single_Cycle.v:40$129:
      Old ports: A=0, B={ $memrd$\mem$rtl/Single_Cycle.v:40$128_DATA [31:2] 2'11 }, Y=\instruction
      New ports: A=31'0000000000000000000000000000000, B={ $memrd$\mem$rtl/Single_Cycle.v:40$128_DATA [31:2] 1'1 }, Y={ \instruction [31:2] \instruction [0] }
      New connections: \instruction [1] = \instruction [0]
    Consolidated identical input bits for $mux cell $memory\mem$rdmux[0][7][57]$4788:
      Old ports: A=30'100111001011011000101010100100, B=30'000000000111001111100101001100, Y=$memory\mem$rdmux[0][6][28]$b$4511
      New ports: A=2'10, B=2'01, Y={ $memory\mem$rdmux[0][6][28]$b$4511 [5] $memory\mem$rdmux[0][6][28]$b$4511 [3] }
      New connections: { $memory\mem$rdmux[0][6][28]$b$4511 [29:6] $memory\mem$rdmux[0][6][28]$b$4511 [4] $memory\mem$rdmux[0][6][28]$b$4511 [2:0] } = { $memory\mem$rdmux[0][6][28]$b$4511 [5] 2'00 $memory\mem$rdmux[0][6][28]$b$4511 [5] $memory\mem$rdmux[0][6][28]$b$4511 [5] $memory\mem$rdmux[0][6][28]$b$4511 [5] 2'00 $memory\mem$rdmux[0][6][28]$b$4511 [5] $memory\mem$rdmux[0][6][28]$b$4511 [3] 3'110 $memory\mem$rdmux[0][6][28]$b$4511 [5] 1'1 $memory\mem$rdmux[0][6][28]$b$4511 [3] $memory\mem$rdmux[0][6][28]$b$4511 [3] $memory\mem$rdmux[0][6][28]$b$4511 [3] 2'10 $memory\mem$rdmux[0][6][28]$b$4511 [5] $memory\mem$rdmux[0][6][28]$b$4511 [3] $memory\mem$rdmux[0][6][28]$b$4511 [5] $memory\mem$rdmux[0][6][28]$b$4511 [3] 4'0100 }
  Optimizing cells in module $paramod$9e6bc8e233a88c507ee6c1d0d66120fe2d49b2c9\Instruction_Memory.
    Consolidated identical input bits for $mux cell $memory\mem$rdmux[0][6][41]$4548:
      Old ports: A=$memory\mem$rdmux[0][6][41]$a$4549, B=30'000000000000000000000000000100, Y=$memory\mem$rdmux[0][5][20]$b$4391
      New ports: A={ $memory\mem$rdmux[0][6][41]$a$4549 [2] $memory\mem$rdmux[0][6][41]$a$4549 [0] }, B=2'10, Y={ $memory\mem$rdmux[0][5][20]$b$4391 [2] $memory\mem$rdmux[0][5][20]$b$4391 [0] }
      New connections: { $memory\mem$rdmux[0][5][20]$b$4391 [29:3] $memory\mem$rdmux[0][5][20]$b$4391 [1] } = { 25'0000000000000000000000000 $memory\mem$rdmux[0][5][20]$b$4391 [0] $memory\mem$rdmux[0][5][20]$b$4391 [0] $memory\mem$rdmux[0][5][20]$b$4391 [0] }
    Consolidated identical input bits for $mux cell $memory\mem$rdmux[0][6][40]$4545:
      Old ports: A=$memory\mem$rdmux[0][6][40]$a$4546, B=$memory\mem$rdmux[0][6][40]$b$4547, Y=$memory\mem$rdmux[0][5][20]$a$4390
      New ports: A={ 1'0 $memory\mem$rdmux[0][6][40]$a$4546 [22] 3'011 $memory\mem$rdmux[0][6][40]$a$4546 [3] 1'0 $memory\mem$rdmux[0][6][40]$a$4546 [3] $memory\mem$rdmux[0][6][40]$a$4546 [3] }, B={ $memory\mem$rdmux[0][6][40]$b$4547 [5] 3'110 $memory\mem$rdmux[0][6][40]$b$4547 [3] 1'0 $memory\mem$rdmux[0][6][40]$b$4547 [3] $memory\mem$rdmux[0][6][40]$b$4547 [5] $memory\mem$rdmux[0][6][40]$b$4547 [3] }, Y={ $memory\mem$rdmux[0][5][20]$a$4390 [26] $memory\mem$rdmux[0][5][20]$a$4390 [22] $memory\mem$rdmux[0][5][20]$a$4390 [11:9] $memory\mem$rdmux[0][5][20]$a$4390 [7:5] $memory\mem$rdmux[0][5][20]$a$4390 [3] }
      New connections: { $memory\mem$rdmux[0][5][20]$a$4390 [29:27] $memory\mem$rdmux[0][5][20]$a$4390 [25:23] $memory\mem$rdmux[0][5][20]$a$4390 [21:12] $memory\mem$rdmux[0][5][20]$a$4390 [8] $memory\mem$rdmux[0][5][20]$a$4390 [4] $memory\mem$rdmux[0][5][20]$a$4390 [2:0] } = { 1'0 $memory\mem$rdmux[0][5][20]$a$4390 [5] 4'0000 $memory\mem$rdmux[0][5][20]$a$4390 [11] $memory\mem$rdmux[0][5][20]$a$4390 [7] $memory\mem$rdmux[0][5][20]$a$4390 [5] 1'1 $memory\mem$rdmux[0][5][20]$a$4390 [11] $memory\mem$rdmux[0][5][20]$a$4390 [9] $memory\mem$rdmux[0][5][20]$a$4390 [11] 2'01 $memory\mem$rdmux[0][5][20]$a$4390 [5] 5'00100 }
    Consolidated identical input bits for $mux cell $memory\mem$rdmux[0][6][39]$4542:
      Old ports: A=$memory\mem$rdmux[0][6][39]$a$4543, B=$memory\mem$rdmux[0][6][39]$b$4544, Y=$memory\mem$rdmux[0][5][19]$b$4388
      New ports: A={ $memory\mem$rdmux[0][6][39]$a$4543 [9] 1'0 $memory\mem$rdmux[0][6][39]$a$4543 [6] 1'1 $memory\mem$rdmux[0][6][39]$a$4543 [9] $memory\mem$rdmux[0][6][39]$a$4543 [6] $memory\mem$rdmux[0][6][39]$a$4543 [9] 1'1 $memory\mem$rdmux[0][6][39]$a$4543 [6] 1'0 }, B={ $memory\mem$rdmux[0][6][39]$b$4544 [5] $memory\mem$rdmux[0][6][39]$b$4544 [8] 1'1 $memory\mem$rdmux[0][6][39]$b$4544 [5] $memory\mem$rdmux[0][6][39]$b$4544 [8] $memory\mem$rdmux[0][6][39]$b$4544 [8] 1'0 $memory\mem$rdmux[0][6][39]$b$4544 [8] $memory\mem$rdmux[0][6][39]$b$4544 [5] $memory\mem$rdmux[0][6][39]$b$4544 [5] }, Y={ $memory\mem$rdmux[0][5][19]$b$4388 [25] $memory\mem$rdmux[0][5][19]$b$4388 [18:17] $memory\mem$rdmux[0][5][19]$b$4388 [15] $memory\mem$rdmux[0][5][19]$b$4388 [13] $memory\mem$rdmux[0][5][19]$b$4388 [10:8] $memory\mem$rdmux[0][5][19]$b$4388 [6:5] }
      New connections: { $memory\mem$rdmux[0][5][19]$b$4388 [29:26] $memory\mem$rdmux[0][5][19]$b$4388 [24:19] $memory\mem$rdmux[0][5][19]$b$4388 [16] $memory\mem$rdmux[0][5][19]$b$4388 [14] $memory\mem$rdmux[0][5][19]$b$4388 [12:11] $memory\mem$rdmux[0][5][19]$b$4388 [7] $memory\mem$rdmux[0][5][19]$b$4388 [4:0] } = { $memory\mem$rdmux[0][5][19]$b$4388 [9] $memory\mem$rdmux[0][5][19]$b$4388 [9] 2'00 $memory\mem$rdmux[0][5][19]$b$4388 [9] $memory\mem$rdmux[0][5][19]$b$4388 [9:8] 1'0 $memory\mem$rdmux[0][5][19]$b$4388 [6] $memory\mem$rdmux[0][5][19]$b$4388 [6] $memory\mem$rdmux[0][5][19]$b$4388 [13] $memory\mem$rdmux[0][5][19]$b$4388 [10:9] 1'0 $memory\mem$rdmux[0][5][19]$b$4388 [6] 5'00100 }
    Consolidated identical input bits for $mux cell $memory\mem$rdmux[0][6][38]$4539:
      Old ports: A=$memory\mem$rdmux[0][6][38]$a$4540, B=$memory\mem$rdmux[0][6][38]$b$4541, Y=$memory\mem$rdmux[0][5][19]$a$4387
      New ports: A={ 1'0 $memory\mem$rdmux[0][6][38]$a$4540 [15] 1'0 $memory\mem$rdmux[0][6][38]$a$4540 [15] $memory\mem$rdmux[0][6][38]$a$4540 [5] 1'1 $memory\mem$rdmux[0][6][38]$a$4540 [5] $memory\mem$rdmux[0][6][38]$a$4540 [5] 1'1 }, B={ $memory\mem$rdmux[0][6][38]$b$4541 [5] 1'1 $memory\mem$rdmux[0][6][38]$b$4541 [11] $memory\mem$rdmux[0][6][38]$b$4541 [5] $memory\mem$rdmux[0][6][38]$b$4541 [11] $memory\mem$rdmux[0][6][38]$b$4541 [5] 1'1 $memory\mem$rdmux[0][6][38]$b$4541 [5] 1'0 }, Y={ $memory\mem$rdmux[0][5][19]$a$4387 [20] $memory\mem$rdmux[0][5][19]$a$4387 [18] $memory\mem$rdmux[0][5][19]$a$4387 [16:15] $memory\mem$rdmux[0][5][19]$a$4387 [11:10] $memory\mem$rdmux[0][5][19]$a$4387 [7] $memory\mem$rdmux[0][5][19]$a$4387 [5] $memory\mem$rdmux[0][5][19]$a$4387 [3] }
      New connections: { $memory\mem$rdmux[0][5][19]$a$4387 [29:21] $memory\mem$rdmux[0][5][19]$a$4387 [19] $memory\mem$rdmux[0][5][19]$a$4387 [17] $memory\mem$rdmux[0][5][19]$a$4387 [14:12] $memory\mem$rdmux[0][5][19]$a$4387 [9:8] $memory\mem$rdmux[0][5][19]$a$4387 [6] $memory\mem$rdmux[0][5][19]$a$4387 [4] $memory\mem$rdmux[0][5][19]$a$4387 [2:0] } = { $memory\mem$rdmux[0][5][19]$a$4387 [16] $memory\mem$rdmux[0][5][19]$a$4387 [18] $memory\mem$rdmux[0][5][19]$a$4387 [16] 2'00 $memory\mem$rdmux[0][5][19]$a$4387 [16] 1'0 $memory\mem$rdmux[0][5][19]$a$4387 [10] $memory\mem$rdmux[0][5][19]$a$4387 [18] $memory\mem$rdmux[0][5][19]$a$4387 [15] $memory\mem$rdmux[0][5][19]$a$4387 [10] $memory\mem$rdmux[0][5][19]$a$4387 [11] $memory\mem$rdmux[0][5][19]$a$4387 [11] 1'1 $memory\mem$rdmux[0][5][19]$a$4387 [7] $memory\mem$rdmux[0][5][19]$a$4387 [3] $memory\mem$rdmux[0][5][19]$a$4387 [3] 4'0100 }
    Consolidated identical input bits for $mux cell $memory\mem$rdmux[0][6][37]$4536:
      Old ports: A=$memory\mem$rdmux[0][6][37]$a$4537, B=$memory\mem$rdmux[0][6][37]$b$4538, Y=$memory\mem$rdmux[0][5][18]$b$4385
      New ports: A={ 1'1 $memory\mem$rdmux[0][6][37]$a$4537 [6] $memory\mem$rdmux[0][6][37]$a$4537 [6] 1'0 $memory\mem$rdmux[0][6][37]$a$4537 [8] 1'1 $memory\mem$rdmux[0][6][37]$a$4537 [8] $memory\mem$rdmux[0][6][37]$a$4537 [6] 2'01 }, B={ 2'00 $memory\mem$rdmux[0][6][37]$b$4538 [3] $memory\mem$rdmux[0][6][37]$b$4538 [9] $memory\mem$rdmux[0][6][37]$b$4538 [9] $memory\mem$rdmux[0][6][37]$b$4538 [9] $memory\mem$rdmux[0][6][37]$b$4538 [3] 1'1 $memory\mem$rdmux[0][6][37]$b$4538 [3] $memory\mem$rdmux[0][6][37]$b$4538 [3] }, Y={ $memory\mem$rdmux[0][5][18]$b$4385 [19] $memory\mem$rdmux[0][5][18]$b$4385 [16] $memory\mem$rdmux[0][5][18]$b$4385 [14:13] $memory\mem$rdmux[0][5][18]$b$4385 [10:8] $memory\mem$rdmux[0][5][18]$b$4385 [6:5] $memory\mem$rdmux[0][5][18]$b$4385 [3] }
      New connections: { $memory\mem$rdmux[0][5][18]$b$4385 [29:20] $memory\mem$rdmux[0][5][18]$b$4385 [18:17] $memory\mem$rdmux[0][5][18]$b$4385 [15] $memory\mem$rdmux[0][5][18]$b$4385 [12:11] $memory\mem$rdmux[0][5][18]$b$4385 [7] $memory\mem$rdmux[0][5][18]$b$4385 [4] $memory\mem$rdmux[0][5][18]$b$4385 [2:0] } = { $memory\mem$rdmux[0][5][18]$b$4385 [13] 1'0 $memory\mem$rdmux[0][5][18]$b$4385 [13] 3'000 $memory\mem$rdmux[0][5][18]$b$4385 [13] 1'1 $memory\mem$rdmux[0][5][18]$b$4385 [14] $memory\mem$rdmux[0][5][18]$b$4385 [6] 1'1 $memory\mem$rdmux[0][5][18]$b$4385 [3] $memory\mem$rdmux[0][5][18]$b$4385 [6] $memory\mem$rdmux[0][5][18]$b$4385 [3] 1'1 $memory\mem$rdmux[0][5][18]$b$4385 [6] 4'0100 }
    Consolidated identical input bits for $mux cell $memory\mem$rdmux[0][6][36]$4533:
      Old ports: A=$memory\mem$rdmux[0][6][36]$a$4534, B=$memory\mem$rdmux[0][6][36]$b$4535, Y=$memory\mem$rdmux[0][5][18]$a$4384
      New ports: A={ $memory\mem$rdmux[0][6][36]$a$4534 [19] $memory\mem$rdmux[0][6][36]$a$4534 [9] $memory\mem$rdmux[0][6][36]$a$4534 [19] 1'0 $memory\mem$rdmux[0][6][36]$a$4534 [9] $memory\mem$rdmux[0][6][36]$a$4534 [9] $memory\mem$rdmux[0][6][36]$a$4534 [9] 4'0111 }, B={ 1'0 $memory\mem$rdmux[0][6][36]$b$4535 [5] $memory\mem$rdmux[0][6][36]$b$4535 [3] 3'110 $memory\mem$rdmux[0][6][36]$b$4535 [3] $memory\mem$rdmux[0][6][36]$b$4535 [5] 1'0 $memory\mem$rdmux[0][6][36]$b$4535 [5] $memory\mem$rdmux[0][6][36]$b$4535 [3] }, Y={ $memory\mem$rdmux[0][5][18]$a$4384 [22:21] $memory\mem$rdmux[0][5][18]$a$4384 [19] $memory\mem$rdmux[0][5][18]$a$4384 [15] $memory\mem$rdmux[0][5][18]$a$4384 [11:8] $memory\mem$rdmux[0][5][18]$a$4384 [6:5] $memory\mem$rdmux[0][5][18]$a$4384 [3] }
      New connections: { $memory\mem$rdmux[0][5][18]$a$4384 [29:23] $memory\mem$rdmux[0][5][18]$a$4384 [20] $memory\mem$rdmux[0][5][18]$a$4384 [18:16] $memory\mem$rdmux[0][5][18]$a$4384 [14:12] $memory\mem$rdmux[0][5][18]$a$4384 [7] $memory\mem$rdmux[0][5][18]$a$4384 [4] $memory\mem$rdmux[0][5][18]$a$4384 [2:0] } = { $memory\mem$rdmux[0][5][18]$a$4384 [8] $memory\mem$rdmux[0][5][18]$a$4384 [8] 6'000001 $memory\mem$rdmux[0][5][18]$a$4384 [6] $memory\mem$rdmux[0][5][18]$a$4384 [9] $memory\mem$rdmux[0][5][18]$a$4384 [15] $memory\mem$rdmux[0][5][18]$a$4384 [11] $memory\mem$rdmux[0][5][18]$a$4384 [11] $memory\mem$rdmux[0][5][18]$a$4384 [9] $memory\mem$rdmux[0][5][18]$a$4384 [3] 4'0100 }
    Consolidated identical input bits for $mux cell $memory\mem$rdmux[0][6][35]$4530:
      Old ports: A=$memory\mem$rdmux[0][6][35]$a$4531, B=$memory\mem$rdmux[0][6][35]$b$4532, Y=$memory\mem$rdmux[0][5][17]$b$4382
      New ports: A={ 3'100 $memory\mem$rdmux[0][6][35]$a$4531 [3] 1'0 $memory\mem$rdmux[0][6][35]$a$4531 [7] 1'1 $memory\mem$rdmux[0][6][35]$a$4531 [3] $memory\mem$rdmux[0][6][35]$a$4531 [7] $memory\mem$rdmux[0][6][35]$a$4531 [7] $memory\mem$rdmux[0][6][35]$a$4531 [3] $memory\mem$rdmux[0][6][35]$a$4531 [3] }, B={ $memory\mem$rdmux[0][6][35]$b$4532 [3] $memory\mem$rdmux[0][6][35]$b$4532 [6] 2'10 $memory\mem$rdmux[0][6][35]$b$4532 [3] $memory\mem$rdmux[0][6][35]$b$4532 [6] 4'0101 $memory\mem$rdmux[0][6][35]$b$4532 [6] $memory\mem$rdmux[0][6][35]$b$4532 [3] }, Y={ $memory\mem$rdmux[0][5][17]$b$4382 [21] $memory\mem$rdmux[0][5][17]$b$4382 [18] $memory\mem$rdmux[0][5][17]$b$4382 [16:15] $memory\mem$rdmux[0][5][17]$b$4382 [13:11] $memory\mem$rdmux[0][5][17]$b$4382 [9:6] $memory\mem$rdmux[0][5][17]$b$4382 [3] }
      New connections: { $memory\mem$rdmux[0][5][17]$b$4382 [29:22] $memory\mem$rdmux[0][5][17]$b$4382 [20:19] $memory\mem$rdmux[0][5][17]$b$4382 [17] $memory\mem$rdmux[0][5][17]$b$4382 [14] $memory\mem$rdmux[0][5][17]$b$4382 [10] $memory\mem$rdmux[0][5][17]$b$4382 [5:4] $memory\mem$rdmux[0][5][17]$b$4382 [2:0] } = { $memory\mem$rdmux[0][5][17]$b$4382 [18] $memory\mem$rdmux[0][5][17]$b$4382 [8] $memory\mem$rdmux[0][5][17]$b$4382 [8] $memory\mem$rdmux[0][5][17]$b$4382 [8] $memory\mem$rdmux[0][5][17]$b$4382 [18] $memory\mem$rdmux[0][5][17]$b$4382 [12] $memory\mem$rdmux[0][5][17]$b$4382 [18] $memory\mem$rdmux[0][5][17]$b$4382 [12] $memory\mem$rdmux[0][5][17]$b$4382 [8] $memory\mem$rdmux[0][5][17]$b$4382 [13] $memory\mem$rdmux[0][5][17]$b$4382 [15] $memory\mem$rdmux[0][5][17]$b$4382 [6] $memory\mem$rdmux[0][5][17]$b$4382 [3] 5'00100 }
    Consolidated identical input bits for $mux cell $memory\mem$rdmux[0][6][34]$4527:
      Old ports: A=$memory\mem$rdmux[0][6][34]$a$4528, B=$memory\mem$rdmux[0][6][34]$b$4529, Y=$memory\mem$rdmux[0][5][17]$a$4381
      New ports: A={ $memory\mem$rdmux[0][6][34]$a$4528 [9] $memory\mem$rdmux[0][6][34]$a$4528 [3] $memory\mem$rdmux[0][6][34]$a$4528 [9] $memory\mem$rdmux[0][6][34]$a$4528 [3] $memory\mem$rdmux[0][6][34]$a$4528 [9] 2'01 $memory\mem$rdmux[0][6][34]$a$4528 [3] $memory\mem$rdmux[0][6][34]$a$4528 [9] 2'10 $memory\mem$rdmux[0][6][34]$a$4528 [3] }, B={ 2'01 $memory\mem$rdmux[0][6][34]$b$4529 [7] $memory\mem$rdmux[0][6][34]$b$4529 [9] 1'1 $memory\mem$rdmux[0][6][34]$b$4529 [9] 1'0 $memory\mem$rdmux[0][6][34]$b$4529 [7] $memory\mem$rdmux[0][6][34]$b$4529 [9] $memory\mem$rdmux[0][6][34]$b$4529 [7] $memory\mem$rdmux[0][6][34]$b$4529 [7] 1'0 }, Y={ $memory\mem$rdmux[0][5][17]$a$4381 [27] $memory\mem$rdmux[0][5][17]$a$4381 [20:19] $memory\mem$rdmux[0][5][17]$a$4381 [17] $memory\mem$rdmux[0][5][17]$a$4381 [14:12] $memory\mem$rdmux[0][5][17]$a$4381 [10:7] $memory\mem$rdmux[0][5][17]$a$4381 [3] }
      New connections: { $memory\mem$rdmux[0][5][17]$a$4381 [29:28] $memory\mem$rdmux[0][5][17]$a$4381 [26:21] $memory\mem$rdmux[0][5][17]$a$4381 [18] $memory\mem$rdmux[0][5][17]$a$4381 [16:15] $memory\mem$rdmux[0][5][17]$a$4381 [11] $memory\mem$rdmux[0][5][17]$a$4381 [6:4] $memory\mem$rdmux[0][5][17]$a$4381 [2:0] } = { $memory\mem$rdmux[0][5][17]$a$4381 [9] 1'0 $memory\mem$rdmux[0][5][17]$a$4381 [14] 1'0 $memory\mem$rdmux[0][5][17]$a$4381 [14] 2'01 $memory\mem$rdmux[0][5][17]$a$4381 [19] $memory\mem$rdmux[0][5][17]$a$4381 [8] $memory\mem$rdmux[0][5][17]$a$4381 [8] 3'010 $memory\mem$rdmux[0][5][17]$a$4381 [3] 4'0100 }
    Consolidated identical input bits for $mux cell $memory\mem$rdmux[0][6][33]$4524:
      Old ports: A=$memory\mem$rdmux[0][6][33]$a$4525, B=$memory\mem$rdmux[0][6][33]$b$4526, Y=$memory\mem$rdmux[0][5][16]$b$4379
      New ports: A={ $memory\mem$rdmux[0][6][33]$a$4525 [5] 1'0 $memory\mem$rdmux[0][6][33]$a$4525 [5] $memory\mem$rdmux[0][6][33]$a$4525 [6] 1'0 $memory\mem$rdmux[0][6][33]$a$4525 [6:5] 1'1 }, B={ $memory\mem$rdmux[0][6][33]$b$4526 [9] $memory\mem$rdmux[0][6][33]$b$4526 [9] 1'0 $memory\mem$rdmux[0][6][33]$b$4526 [9] $memory\mem$rdmux[0][6][33]$b$4526 [3] 1'0 $memory\mem$rdmux[0][6][33]$b$4526 [3] $memory\mem$rdmux[0][6][33]$b$4526 [3] }, Y={ $memory\mem$rdmux[0][5][16]$b$4379 [18] $memory\mem$rdmux[0][5][16]$b$4379 [11:8] $memory\mem$rdmux[0][5][16]$b$4379 [6:5] $memory\mem$rdmux[0][5][16]$b$4379 [3] }
      New connections: { $memory\mem$rdmux[0][5][16]$b$4379 [29:19] $memory\mem$rdmux[0][5][16]$b$4379 [17:12] $memory\mem$rdmux[0][5][16]$b$4379 [7] $memory\mem$rdmux[0][5][16]$b$4379 [4] $memory\mem$rdmux[0][5][16]$b$4379 [2:0] } = { $memory\mem$rdmux[0][5][16]$b$4379 [11] 1'0 $memory\mem$rdmux[0][5][16]$b$4379 [11] $memory\mem$rdmux[0][5][16]$b$4379 [11] 2'00 $memory\mem$rdmux[0][5][16]$b$4379 [11] $memory\mem$rdmux[0][5][16]$b$4379 [18] $memory\mem$rdmux[0][5][16]$b$4379 [11:10] $memory\mem$rdmux[0][5][16]$b$4379 [3] $memory\mem$rdmux[0][5][16]$b$4379 [3] $memory\mem$rdmux[0][5][16]$b$4379 [9] 1'0 $memory\mem$rdmux[0][5][16]$b$4379 [3] $memory\mem$rdmux[0][5][16]$b$4379 [5] 1'0 $memory\mem$rdmux[0][5][16]$b$4379 [3] 4'0100 }
    Consolidated identical input bits for $mux cell $memory\mem$rdmux[0][6][32]$4521:
      Old ports: A=$memory\mem$rdmux[0][6][32]$a$4522, B=$memory\mem$rdmux[0][6][32]$b$4523, Y=$memory\mem$rdmux[0][5][16]$a$4378
      New ports: A={ $memory\mem$rdmux[0][6][32]$a$4522 [6] 2'01 $memory\mem$rdmux[0][6][32]$a$4522 [6] 4'0110 $memory\mem$rdmux[0][6][32]$a$4522 [6] $memory\mem$rdmux[0][6][32]$a$4522 [6] $memory\mem$rdmux[0][6][32]$a$4522 [3] $memory\mem$rdmux[0][6][32]$a$4522 [3] }, B={ 1'0 $memory\mem$rdmux[0][6][32]$b$4523 [3] $memory\mem$rdmux[0][6][32]$b$4523 [7] $memory\mem$rdmux[0][6][32]$b$4523 [3] $memory\mem$rdmux[0][6][32]$b$4523 [7] 1'0 $memory\mem$rdmux[0][6][32]$b$4523 [3] 1'1 $memory\mem$rdmux[0][6][32]$b$4523 [7] 2'10 $memory\mem$rdmux[0][6][32]$b$4523 [3] }, Y={ $memory\mem$rdmux[0][5][16]$a$4378 [23:22] $memory\mem$rdmux[0][5][16]$a$4378 [17:16] $memory\mem$rdmux[0][5][16]$a$4378 [14] $memory\mem$rdmux[0][5][16]$a$4378 [12] $memory\mem$rdmux[0][5][16]$a$4378 [10] $memory\mem$rdmux[0][5][16]$a$4378 [8:5] $memory\mem$rdmux[0][5][16]$a$4378 [3] }
      New connections: { $memory\mem$rdmux[0][5][16]$a$4378 [29:24] $memory\mem$rdmux[0][5][16]$a$4378 [21:18] $memory\mem$rdmux[0][5][16]$a$4378 [15] $memory\mem$rdmux[0][5][16]$a$4378 [13] $memory\mem$rdmux[0][5][16]$a$4378 [11] $memory\mem$rdmux[0][5][16]$a$4378 [9] $memory\mem$rdmux[0][5][16]$a$4378 [4] $memory\mem$rdmux[0][5][16]$a$4378 [2:0] } = { $memory\mem$rdmux[0][5][16]$a$4378 [14] $memory\mem$rdmux[0][5][16]$a$4378 [17] $memory\mem$rdmux[0][5][16]$a$4378 [7] 1'0 $memory\mem$rdmux[0][5][16]$a$4378 [23] 1'0 $memory\mem$rdmux[0][5][16]$a$4378 [3] $memory\mem$rdmux[0][5][16]$a$4378 [10] $memory\mem$rdmux[0][5][16]$a$4378 [8] $memory\mem$rdmux[0][5][16]$a$4378 [8] $memory\mem$rdmux[0][5][16]$a$4378 [12] 1'1 $memory\mem$rdmux[0][5][16]$a$4378 [7] 5'10100 }
    Consolidated identical input bits for $mux cell $memory\mem$rdmux[0][6][31]$4518:
      Old ports: A=$memory\mem$rdmux[0][6][31]$a$4519, B=$memory\mem$rdmux[0][6][31]$b$4520, Y=$memory\mem$rdmux[0][5][15]$b$4376
      New ports: A={ $memory\mem$rdmux[0][6][31]$a$4519 [6] $memory\mem$rdmux[0][6][31]$a$4519 [6] $memory\mem$rdmux[0][6][31]$a$4519 [6] $memory\mem$rdmux[0][6][31]$a$4519 [7] 1'0 $memory\mem$rdmux[0][6][31]$a$4519 [7:6] 2'00 }, B={ 1'1 $memory\mem$rdmux[0][6][31]$b$4520 [5] 3'011 $memory\mem$rdmux[0][6][31]$b$4520 [3] $memory\mem$rdmux[0][6][31]$b$4520 [3] $memory\mem$rdmux[0][6][31]$b$4520 [5] $memory\mem$rdmux[0][6][31]$b$4520 [3] }, Y={ $memory\mem$rdmux[0][5][15]$b$4376 [19] $memory\mem$rdmux[0][5][15]$b$4376 [17] $memory\mem$rdmux[0][5][15]$b$4376 [11:10] $memory\mem$rdmux[0][5][15]$b$4376 [8:5] $memory\mem$rdmux[0][5][15]$b$4376 [3] }
      New connections: { $memory\mem$rdmux[0][5][15]$b$4376 [29:20] $memory\mem$rdmux[0][5][15]$b$4376 [18] $memory\mem$rdmux[0][5][15]$b$4376 [16:12] $memory\mem$rdmux[0][5][15]$b$4376 [9] $memory\mem$rdmux[0][5][15]$b$4376 [4] $memory\mem$rdmux[0][5][15]$b$4376 [2:0] } = { 1'0 $memory\mem$rdmux[0][5][15]$b$4376 [10] $memory\mem$rdmux[0][5][15]$b$4376 [11] 1'0 $memory\mem$rdmux[0][5][15]$b$4376 [11] $memory\mem$rdmux[0][5][15]$b$4376 [11] $memory\mem$rdmux[0][5][15]$b$4376 [11] $memory\mem$rdmux[0][5][15]$b$4376 [5] $memory\mem$rdmux[0][5][15]$b$4376 [3] $memory\mem$rdmux[0][5][15]$b$4376 [19] $memory\mem$rdmux[0][5][15]$b$4376 [17] $memory\mem$rdmux[0][5][15]$b$4376 [5] 1'0 $memory\mem$rdmux[0][5][15]$b$4376 [7] $memory\mem$rdmux[0][5][15]$b$4376 [10] $memory\mem$rdmux[0][5][15]$b$4376 [10] $memory\mem$rdmux[0][5][15]$b$4376 [7] 4'0100 }
    Consolidated identical input bits for $mux cell $memory\mem$rdmux[0][6][30]$4515:
      Old ports: A=$memory\mem$rdmux[0][6][30]$a$4516, B=$memory\mem$rdmux[0][6][30]$b$4517, Y=$memory\mem$rdmux[0][5][15]$a$4375
      New ports: A={ 1'0 $memory\mem$rdmux[0][6][30]$a$4516 [5] 2'01 $memory\mem$rdmux[0][6][30]$a$4516 [3] $memory\mem$rdmux[0][6][30]$a$4516 [5] 1'0 $memory\mem$rdmux[0][6][30]$a$4516 [3] $memory\mem$rdmux[0][6][30]$a$4516 [5] $memory\mem$rdmux[0][6][30]$a$4516 [3] }, B={ 1'1 $memory\mem$rdmux[0][6][30]$b$4517 [13] $memory\mem$rdmux[0][6][30]$b$4517 [13] $memory\mem$rdmux[0][6][30]$b$4517 [13] 1'0 $memory\mem$rdmux[0][6][30]$b$4517 [3] $memory\mem$rdmux[0][6][30]$b$4517 [3] 2'10 $memory\mem$rdmux[0][6][30]$b$4517 [3] }, Y={ $memory\mem$rdmux[0][5][15]$a$4375 [22:21] $memory\mem$rdmux[0][5][15]$a$4375 [15] $memory\mem$rdmux[0][5][15]$a$4375 [13:11] $memory\mem$rdmux[0][5][15]$a$4375 [9:8] $memory\mem$rdmux[0][5][15]$a$4375 [5] $memory\mem$rdmux[0][5][15]$a$4375 [3] }
      New connections: { $memory\mem$rdmux[0][5][15]$a$4375 [29:23] $memory\mem$rdmux[0][5][15]$a$4375 [20:16] $memory\mem$rdmux[0][5][15]$a$4375 [14] $memory\mem$rdmux[0][5][15]$a$4375 [10] $memory\mem$rdmux[0][5][15]$a$4375 [7:6] $memory\mem$rdmux[0][5][15]$a$4375 [4] $memory\mem$rdmux[0][5][15]$a$4375 [2:0] } = { $memory\mem$rdmux[0][5][15]$a$4375 [15] $memory\mem$rdmux[0][5][15]$a$4375 [15] 1'0 $memory\mem$rdmux[0][5][15]$a$4375 [15] $memory\mem$rdmux[0][5][15]$a$4375 [15] 1'0 $memory\mem$rdmux[0][5][15]$a$4375 [21] $memory\mem$rdmux[0][5][15]$a$4375 [15] 1'0 $memory\mem$rdmux[0][5][15]$a$4375 [12:11] $memory\mem$rdmux[0][5][15]$a$4375 [11] $memory\mem$rdmux[0][5][15]$a$4375 [9] 1'0 $memory\mem$rdmux[0][5][15]$a$4375 [3] $memory\mem$rdmux[0][5][15]$a$4375 [3] 4'0100 }
    Consolidated identical input bits for $mux cell $memory\mem$rdmux[0][6][29]$4512:
      Old ports: A=$memory\mem$rdmux[0][6][29]$a$4513, B=$memory\mem$rdmux[0][6][29]$b$4514, Y=$memory\mem$rdmux[0][5][14]$b$4373
      New ports: A={ $memory\mem$rdmux[0][6][29]$a$4513 [14] 2'01 $memory\mem$rdmux[0][6][29]$a$4513 [14] $memory\mem$rdmux[0][6][29]$a$4513 [5] $memory\mem$rdmux[0][6][29]$a$4513 [14] 1'0 $memory\mem$rdmux[0][6][29]$a$4513 [5] 1'0 $memory\mem$rdmux[0][6][29]$a$4513 [5] $memory\mem$rdmux[0][6][29]$a$4513 [5] 1'1 }, B={ 1'1 $memory\mem$rdmux[0][6][29]$b$4514 [9] $memory\mem$rdmux[0][6][29]$b$4514 [6] $memory\mem$rdmux[0][6][29]$b$4514 [9] 3'101 $memory\mem$rdmux[0][6][29]$b$4514 [9] $memory\mem$rdmux[0][6][29]$b$4514 [6] $memory\mem$rdmux[0][6][29]$b$4514 [6] 2'00 }, Y={ $memory\mem$rdmux[0][5][14]$b$4373 [28] $memory\mem$rdmux[0][5][14]$b$4373 [23] $memory\mem$rdmux[0][5][14]$b$4373 [19] $memory\mem$rdmux[0][5][14]$b$4373 [17:16] $memory\mem$rdmux[0][5][14]$b$4373 [14] $memory\mem$rdmux[0][5][14]$b$4373 [12] $memory\mem$rdmux[0][5][14]$b$4373 [9] $memory\mem$rdmux[0][5][14]$b$4373 [7:5] $memory\mem$rdmux[0][5][14]$b$4373 [3] }
      New connections: { $memory\mem$rdmux[0][5][14]$b$4373 [29] $memory\mem$rdmux[0][5][14]$b$4373 [27:24] $memory\mem$rdmux[0][5][14]$b$4373 [22:20] $memory\mem$rdmux[0][5][14]$b$4373 [18] $memory\mem$rdmux[0][5][14]$b$4373 [15] $memory\mem$rdmux[0][5][14]$b$4373 [13] $memory\mem$rdmux[0][5][14]$b$4373 [11:10] $memory\mem$rdmux[0][5][14]$b$4373 [8] $memory\mem$rdmux[0][5][14]$b$4373 [4] $memory\mem$rdmux[0][5][14]$b$4373 [2:0] } = { $memory\mem$rdmux[0][5][14]$b$4373 [12] $memory\mem$rdmux[0][5][14]$b$4373 [23] $memory\mem$rdmux[0][5][14]$b$4373 [12] $memory\mem$rdmux[0][5][14]$b$4373 [12] $memory\mem$rdmux[0][5][14]$b$4373 [7] $memory\mem$rdmux[0][5][14]$b$4373 [19] $memory\mem$rdmux[0][5][14]$b$4373 [12] $memory\mem$rdmux[0][5][14]$b$4373 [6] $memory\mem$rdmux[0][5][14]$b$4373 [14] $memory\mem$rdmux[0][5][14]$b$4373 [14] 8'00010100 }
    Consolidated identical input bits for $mux cell $memory\mem$rdmux[0][6][28]$4509:
      Old ports: A=$memory\mem$rdmux[0][6][28]$a$4510, B=$memory\mem$rdmux[0][6][28]$b$4511, Y=$memory\mem$rdmux[0][5][14]$a$4372
      New ports: A={ $memory\mem$rdmux[0][6][28]$a$4510 [5] 1'0 $memory\mem$rdmux[0][6][28]$a$4510 [6:5] 3'011 $memory\mem$rdmux[0][6][28]$a$4510 [6:5] 1'1 }, B={ 1'1 $memory\mem$rdmux[0][6][28]$b$4511 [5] 1'1 $memory\mem$rdmux[0][6][28]$b$4511 [3] $memory\mem$rdmux[0][6][28]$b$4511 [3] 1'0 $memory\mem$rdmux[0][6][28]$b$4511 [5] $memory\mem$rdmux[0][6][28]$b$4511 [3] $memory\mem$rdmux[0][6][28]$b$4511 [5] $memory\mem$rdmux[0][6][28]$b$4511 [3] }, Y={ $memory\mem$rdmux[0][5][14]$a$4372 [19] $memory\mem$rdmux[0][5][14]$a$4372 [16:14] $memory\mem$rdmux[0][5][14]$a$4372 [12] $memory\mem$rdmux[0][5][14]$a$4372 [10:9] $memory\mem$rdmux[0][5][14]$a$4372 [6:5] $memory\mem$rdmux[0][5][14]$a$4372 [3] }
      New connections: { $memory\mem$rdmux[0][5][14]$a$4372 [29:20] $memory\mem$rdmux[0][5][14]$a$4372 [18:17] $memory\mem$rdmux[0][5][14]$a$4372 [13] $memory\mem$rdmux[0][5][14]$a$4372 [11] $memory\mem$rdmux[0][5][14]$a$4372 [8:7] $memory\mem$rdmux[0][5][14]$a$4372 [4] $memory\mem$rdmux[0][5][14]$a$4372 [2:0] } = { $memory\mem$rdmux[0][5][14]$a$4372 [16] 2'00 $memory\mem$rdmux[0][5][14]$a$4372 [16] $memory\mem$rdmux[0][5][14]$a$4372 [16] $memory\mem$rdmux[0][5][14]$a$4372 [16] 2'00 $memory\mem$rdmux[0][5][14]$a$4372 [16] $memory\mem$rdmux[0][5][14]$a$4372 [14] 1'1 $memory\mem$rdmux[0][5][14]$a$4372 [10] $memory\mem$rdmux[0][5][14]$a$4372 [12] 1'1 $memory\mem$rdmux[0][5][14]$a$4372 [6:5] 4'0100 }
    Consolidated identical input bits for $mux cell $memory\mem$rdmux[0][6][27]$4506:
      Old ports: A=$memory\mem$rdmux[0][6][27]$a$4507, B=$memory\mem$rdmux[0][6][27]$b$4508, Y=$memory\mem$rdmux[0][5][13]$b$4370
      New ports: A={ 2'00 $memory\mem$rdmux[0][6][27]$a$4507 [6] 2'11 $memory\mem$rdmux[0][6][27]$a$4507 [3] 1'0 $memory\mem$rdmux[0][6][27]$a$4507 [3] $memory\mem$rdmux[0][6][27]$a$4507 [6] $memory\mem$rdmux[0][6][27]$a$4507 [3] $memory\mem$rdmux[0][6][27]$a$4507 [3] }, B={ $memory\mem$rdmux[0][6][27]$b$4508 [9] $memory\mem$rdmux[0][6][27]$b$4508 [5] $memory\mem$rdmux[0][6][27]$b$4508 [9] $memory\mem$rdmux[0][6][27]$b$4508 [9] $memory\mem$rdmux[0][6][27]$b$4508 [5] 2'11 $memory\mem$rdmux[0][6][27]$b$4508 [9] $memory\mem$rdmux[0][6][27]$b$4508 [5] $memory\mem$rdmux[0][6][27]$b$4508 [5] 1'0 }, Y={ $memory\mem$rdmux[0][5][13]$b$4370 [26:25] $memory\mem$rdmux[0][5][13]$b$4370 [22] $memory\mem$rdmux[0][5][13]$b$4370 [20] $memory\mem$rdmux[0][5][13]$b$4370 [13:11] $memory\mem$rdmux[0][5][13]$b$4370 [9] $memory\mem$rdmux[0][5][13]$b$4370 [6:5] $memory\mem$rdmux[0][5][13]$b$4370 [3] }
      New connections: { $memory\mem$rdmux[0][5][13]$b$4370 [29:27] $memory\mem$rdmux[0][5][13]$b$4370 [24:23] $memory\mem$rdmux[0][5][13]$b$4370 [21] $memory\mem$rdmux[0][5][13]$b$4370 [19:14] $memory\mem$rdmux[0][5][13]$b$4370 [10] $memory\mem$rdmux[0][5][13]$b$4370 [8:7] $memory\mem$rdmux[0][5][13]$b$4370 [4] $memory\mem$rdmux[0][5][13]$b$4370 [2:0] } = { $memory\mem$rdmux[0][5][13]$b$4370 [25] 2'00 $memory\mem$rdmux[0][5][13]$b$4370 [11] 2'00 $memory\mem$rdmux[0][5][13]$b$4370 [9] $memory\mem$rdmux[0][5][13]$b$4370 [12] 3'110 $memory\mem$rdmux[0][5][13]$b$4370 [5] 1'1 $memory\mem$rdmux[0][5][13]$b$4370 [3] $memory\mem$rdmux[0][5][13]$b$4370 [3] 4'0100 }
    Consolidated identical input bits for $mux cell $memory\mem$rdmux[0][6][26]$4503:
      Old ports: A=$memory\mem$rdmux[0][6][26]$a$4504, B=$memory\mem$rdmux[0][6][26]$b$4505, Y=$memory\mem$rdmux[0][5][13]$a$4369
      New ports: A={ $memory\mem$rdmux[0][6][26]$a$4504 [7] 3'100 $memory\mem$rdmux[0][6][26]$a$4504 [6] $memory\mem$rdmux[0][6][26]$a$4504 [6] $memory\mem$rdmux[0][6][26]$a$4504 [7:6] 1'0 }, B={ 1'0 $memory\mem$rdmux[0][6][26]$b$4505 [5] $memory\mem$rdmux[0][6][26]$b$4505 [14] 2'10 $memory\mem$rdmux[0][6][26]$b$4505 [5] 2'11 $memory\mem$rdmux[0][6][26]$b$4505 [5] }, Y={ $memory\mem$rdmux[0][5][13]$a$4369 [21] $memory\mem$rdmux[0][5][13]$a$4369 [19] $memory\mem$rdmux[0][5][13]$a$4369 [14] $memory\mem$rdmux[0][5][13]$a$4369 [12] $memory\mem$rdmux[0][5][13]$a$4369 [9:5] }
      New connections: { $memory\mem$rdmux[0][5][13]$a$4369 [29:22] $memory\mem$rdmux[0][5][13]$a$4369 [20] $memory\mem$rdmux[0][5][13]$a$4369 [18:15] $memory\mem$rdmux[0][5][13]$a$4369 [13] $memory\mem$rdmux[0][5][13]$a$4369 [11:10] $memory\mem$rdmux[0][5][13]$a$4369 [4:0] } = { 7'0000000 $memory\mem$rdmux[0][5][13]$a$4369 [7] $memory\mem$rdmux[0][5][13]$a$4369 [14] $memory\mem$rdmux[0][5][13]$a$4369 [8] $memory\mem$rdmux[0][5][13]$a$4369 [14] 1'0 $memory\mem$rdmux[0][5][13]$a$4369 [14] $memory\mem$rdmux[0][5][13]$a$4369 [5] 7'1001100 }
    Consolidated identical input bits for $mux cell $memory\mem$rdmux[0][6][25]$4500:
      Old ports: A=$memory\mem$rdmux[0][6][25]$a$4501, B=$memory\mem$rdmux[0][6][25]$b$4502, Y=$memory\mem$rdmux[0][5][12]$b$4367
      New ports: A={ 2'01 $memory\mem$rdmux[0][6][25]$a$4501 [7] 1'1 $memory\mem$rdmux[0][6][25]$a$4501 [7] $memory\mem$rdmux[0][6][25]$a$4501 [5] 2'00 $memory\mem$rdmux[0][6][25]$a$4501 [7] 1'1 $memory\mem$rdmux[0][6][25]$a$4501 [5] }, B={ $memory\mem$rdmux[0][6][25]$b$4502 [12] $memory\mem$rdmux[0][6][25]$b$4502 [12] $memory\mem$rdmux[0][6][25]$b$4502 [10] $memory\mem$rdmux[0][6][25]$b$4502 [10] $memory\mem$rdmux[0][6][25]$b$4502 [12] $memory\mem$rdmux[0][6][25]$b$4502 [12] $memory\mem$rdmux[0][6][25]$b$4502 [10] 4'1100 }, Y={ $memory\mem$rdmux[0][5][12]$b$4367 [20] $memory\mem$rdmux[0][5][12]$b$4367 [17:16] $memory\mem$rdmux[0][5][12]$b$4367 [14:12] $memory\mem$rdmux[0][5][12]$b$4367 [10:9] $memory\mem$rdmux[0][5][12]$b$4367 [7:5] }
      New connections: { $memory\mem$rdmux[0][5][12]$b$4367 [29:21] $memory\mem$rdmux[0][5][12]$b$4367 [19:18] $memory\mem$rdmux[0][5][12]$b$4367 [15] $memory\mem$rdmux[0][5][12]$b$4367 [11] $memory\mem$rdmux[0][5][12]$b$4367 [8] $memory\mem$rdmux[0][5][12]$b$4367 [4:0] } = { 7'0000000 $memory\mem$rdmux[0][5][12]$b$4367 [10] $memory\mem$rdmux[0][5][12]$b$4367 [6] $memory\mem$rdmux[0][5][12]$b$4367 [6:5] $memory\mem$rdmux[0][5][12]$b$4367 [5] 7'1001100 }
    Consolidated identical input bits for $mux cell $memory\mem$rdmux[0][6][24]$4497:
      Old ports: A=$memory\mem$rdmux[0][6][24]$a$4498, B=$memory\mem$rdmux[0][6][24]$b$4499, Y=$memory\mem$rdmux[0][5][12]$a$4366
      New ports: A={ 2'01 $memory\mem$rdmux[0][6][24]$a$4498 [10:9] $memory\mem$rdmux[0][6][24]$a$4498 [10] $memory\mem$rdmux[0][6][24]$a$4498 [10] $memory\mem$rdmux[0][6][24]$a$4498 [10:9] 3'100 }, B={ $memory\mem$rdmux[0][6][24]$b$4499 [10] $memory\mem$rdmux[0][6][24]$b$4499 [10] 1'0 $memory\mem$rdmux[0][6][24]$b$4499 [3] $memory\mem$rdmux[0][6][24]$b$4499 [3] 1'1 $memory\mem$rdmux[0][6][24]$b$4499 [10] 3'101 $memory\mem$rdmux[0][6][24]$b$4499 [3] }, Y={ $memory\mem$rdmux[0][5][12]$a$4366 [26] $memory\mem$rdmux[0][5][12]$a$4366 [20] $memory\mem$rdmux[0][5][12]$a$4366 [17] $memory\mem$rdmux[0][5][12]$a$4366 [13:9] $memory\mem$rdmux[0][5][12]$a$4366 [6:5] $memory\mem$rdmux[0][5][12]$a$4366 [3] }
      New connections: { $memory\mem$rdmux[0][5][12]$a$4366 [29:27] $memory\mem$rdmux[0][5][12]$a$4366 [25:21] $memory\mem$rdmux[0][5][12]$a$4366 [19:18] $memory\mem$rdmux[0][5][12]$a$4366 [16:14] $memory\mem$rdmux[0][5][12]$a$4366 [8:7] $memory\mem$rdmux[0][5][12]$a$4366 [4] $memory\mem$rdmux[0][5][12]$a$4366 [2:0] } = { $memory\mem$rdmux[0][5][12]$a$4366 [20] $memory\mem$rdmux[0][5][12]$a$4366 [17] $memory\mem$rdmux[0][5][12]$a$4366 [10] $memory\mem$rdmux[0][5][12]$a$4366 [6] $memory\mem$rdmux[0][5][12]$a$4366 [6] $memory\mem$rdmux[0][5][12]$a$4366 [10:9] $memory\mem$rdmux[0][5][12]$a$4366 [20] $memory\mem$rdmux[0][5][12]$a$4366 [9] $memory\mem$rdmux[0][5][12]$a$4366 [10:9] $memory\mem$rdmux[0][5][12]$a$4366 [12] $memory\mem$rdmux[0][5][12]$a$4366 [6] $memory\mem$rdmux[0][5][12]$a$4366 [6] 5'00100 }
    Consolidated identical input bits for $mux cell $memory\mem$rdmux[0][6][23]$4494:
      Old ports: A=$memory\mem$rdmux[0][6][23]$a$4495, B=$memory\mem$rdmux[0][6][23]$b$4496, Y=$memory\mem$rdmux[0][5][11]$b$4364
      New ports: A={ 1'0 $memory\mem$rdmux[0][6][23]$a$4495 [6] $memory\mem$rdmux[0][6][23]$a$4495 [3] 2'11 $memory\mem$rdmux[0][6][23]$a$4495 [6] $memory\mem$rdmux[0][6][23]$a$4495 [3] $memory\mem$rdmux[0][6][23]$a$4495 [3] }, B={ 3'110 $memory\mem$rdmux[0][6][23]$b$4496 [5] 2'00 $memory\mem$rdmux[0][6][23]$b$4496 [5] $memory\mem$rdmux[0][6][23]$b$4496 [3] }, Y={ $memory\mem$rdmux[0][5][11]$b$4364 [21] $memory\mem$rdmux[0][5][11]$b$4364 [12:11] $memory\mem$rdmux[0][5][11]$b$4364 [9] $memory\mem$rdmux[0][5][11]$b$4364 [7:5] $memory\mem$rdmux[0][5][11]$b$4364 [3] }
      New connections: { $memory\mem$rdmux[0][5][11]$b$4364 [29:22] $memory\mem$rdmux[0][5][11]$b$4364 [20:13] $memory\mem$rdmux[0][5][11]$b$4364 [10] $memory\mem$rdmux[0][5][11]$b$4364 [8] $memory\mem$rdmux[0][5][11]$b$4364 [4] $memory\mem$rdmux[0][5][11]$b$4364 [2:0] } = { 1'0 $memory\mem$rdmux[0][5][11]$b$4364 [12] 5'00000 $memory\mem$rdmux[0][5][11]$b$4364 [3] 1'1 $memory\mem$rdmux[0][5][11]$b$4364 [6] $memory\mem$rdmux[0][5][11]$b$4364 [12] $memory\mem$rdmux[0][5][11]$b$4364 [6] $memory\mem$rdmux[0][5][11]$b$4364 [7] $memory\mem$rdmux[0][5][11]$b$4364 [12] $memory\mem$rdmux[0][5][11]$b$4364 [5] $memory\mem$rdmux[0][5][11]$b$4364 [3] 1'1 $memory\mem$rdmux[0][5][11]$b$4364 [7] 4'0100 }
    Consolidated identical input bits for $mux cell $memory\mem$rdmux[0][6][22]$4491:
      Old ports: A=$memory\mem$rdmux[0][6][22]$a$4492, B=$memory\mem$rdmux[0][6][22]$b$4493, Y=$memory\mem$rdmux[0][5][11]$a$4363
      New ports: A={ $memory\mem$rdmux[0][6][22]$a$4492 [6] $memory\mem$rdmux[0][6][22]$a$4492 [3] 1'1 $memory\mem$rdmux[0][6][22]$a$4492 [6] $memory\mem$rdmux[0][6][22]$a$4492 [3] 2'10 $memory\mem$rdmux[0][6][22]$a$4492 [6] 1'0 $memory\mem$rdmux[0][6][22]$a$4492 [3] }, B={ 1'0 $memory\mem$rdmux[0][6][22]$b$4493 [7:6] 1'1 $memory\mem$rdmux[0][6][22]$b$4493 [6] $memory\mem$rdmux[0][6][22]$b$4493 [7] $memory\mem$rdmux[0][6][22]$b$4493 [7:6] 2'11 }, Y={ $memory\mem$rdmux[0][5][11]$a$4363 [24] $memory\mem$rdmux[0][5][11]$a$4363 [22] $memory\mem$rdmux[0][5][11]$a$4363 [18] $memory\mem$rdmux[0][5][11]$a$4363 [11:9] $memory\mem$rdmux[0][5][11]$a$4363 [7:5] $memory\mem$rdmux[0][5][11]$a$4363 [3] }
      New connections: { $memory\mem$rdmux[0][5][11]$a$4363 [29:25] $memory\mem$rdmux[0][5][11]$a$4363 [23] $memory\mem$rdmux[0][5][11]$a$4363 [21:19] $memory\mem$rdmux[0][5][11]$a$4363 [17:12] $memory\mem$rdmux[0][5][11]$a$4363 [8] $memory\mem$rdmux[0][5][11]$a$4363 [4] $memory\mem$rdmux[0][5][11]$a$4363 [2:0] } = { 1'0 $memory\mem$rdmux[0][5][11]$a$4363 [24] 4'0000 $memory\mem$rdmux[0][5][11]$a$4363 [3] 2'01 $memory\mem$rdmux[0][5][11]$a$4363 [3] $memory\mem$rdmux[0][5][11]$a$4363 [7] $memory\mem$rdmux[0][5][11]$a$4363 [11] $memory\mem$rdmux[0][5][11]$a$4363 [5] $memory\mem$rdmux[0][5][11]$a$4363 [9] 6'010100 }
    Consolidated identical input bits for $mux cell $memory\mem$rdmux[0][6][21]$4488:
      Old ports: A=$memory\mem$rdmux[0][6][21]$a$4489, B=$memory\mem$rdmux[0][6][21]$b$4490, Y=$memory\mem$rdmux[0][5][10]$b$4361
      New ports: A={ $memory\mem$rdmux[0][6][21]$a$4489 [6] 2'01 $memory\mem$rdmux[0][6][21]$a$4489 [5] $memory\mem$rdmux[0][6][21]$a$4489 [5] $memory\mem$rdmux[0][6][21]$a$4489 [5] 1'0 $memory\mem$rdmux[0][6][21]$a$4489 [6:5] 1'1 }, B={ 1'0 $memory\mem$rdmux[0][6][21]$b$4490 [5] 2'00 $memory\mem$rdmux[0][6][21]$b$4490 [3] 2'11 $memory\mem$rdmux[0][6][21]$b$4490 [3] $memory\mem$rdmux[0][6][21]$b$4490 [5] $memory\mem$rdmux[0][6][21]$b$4490 [3] }, Y={ $memory\mem$rdmux[0][5][10]$b$4361 [22] $memory\mem$rdmux[0][5][10]$b$4361 [16] $memory\mem$rdmux[0][5][10]$b$4361 [14] $memory\mem$rdmux[0][5][10]$b$4361 [11] $memory\mem$rdmux[0][5][10]$b$4361 [9:5] $memory\mem$rdmux[0][5][10]$b$4361 [3] }
      New connections: { $memory\mem$rdmux[0][5][10]$b$4361 [29:23] $memory\mem$rdmux[0][5][10]$b$4361 [21:17] $memory\mem$rdmux[0][5][10]$b$4361 [15] $memory\mem$rdmux[0][5][10]$b$4361 [13:12] $memory\mem$rdmux[0][5][10]$b$4361 [10] $memory\mem$rdmux[0][5][10]$b$4361 [4] $memory\mem$rdmux[0][5][10]$b$4361 [2:0] } = { 1'0 $memory\mem$rdmux[0][5][10]$b$4361 [16] 6'000001 $memory\mem$rdmux[0][5][10]$b$4361 [14] $memory\mem$rdmux[0][5][10]$b$4361 [16] 3'000 $memory\mem$rdmux[0][5][10]$b$4361 [6] $memory\mem$rdmux[0][5][10]$b$4361 [8] 5'10100 }
    Consolidated identical input bits for $mux cell $memory\mem$rdmux[0][6][20]$4485:
      Old ports: A=$memory\mem$rdmux[0][6][20]$a$4486, B=$memory\mem$rdmux[0][6][20]$b$4487, Y=$memory\mem$rdmux[0][5][10]$a$4360
      New ports: A={ $memory\mem$rdmux[0][6][20]$a$4486 [3] 1'0 $memory\mem$rdmux[0][6][20]$a$4486 [10] $memory\mem$rdmux[0][6][20]$a$4486 [10] $memory\mem$rdmux[0][6][20]$a$4486 [10] 1'1 $memory\mem$rdmux[0][6][20]$a$4486 [3] 1'0 $memory\mem$rdmux[0][6][20]$a$4486 [3] }, B={ $memory\mem$rdmux[0][6][20]$b$4487 [5] 3'101 $memory\mem$rdmux[0][6][20]$b$4487 [6:5] $memory\mem$rdmux[0][6][20]$b$4487 [6:5] 1'0 }, Y={ $memory\mem$rdmux[0][5][10]$a$4360 [17:16] $memory\mem$rdmux[0][5][10]$a$4360 [14:13] $memory\mem$rdmux[0][5][10]$a$4360 [10] $memory\mem$rdmux[0][5][10]$a$4360 [7:5] $memory\mem$rdmux[0][5][10]$a$4360 [3] }
      New connections: { $memory\mem$rdmux[0][5][10]$a$4360 [29:18] $memory\mem$rdmux[0][5][10]$a$4360 [15] $memory\mem$rdmux[0][5][10]$a$4360 [12:11] $memory\mem$rdmux[0][5][10]$a$4360 [9:8] $memory\mem$rdmux[0][5][10]$a$4360 [4] $memory\mem$rdmux[0][5][10]$a$4360 [2:0] } = { $memory\mem$rdmux[0][5][10]$a$4360 [5] $memory\mem$rdmux[0][5][10]$a$4360 [5] $memory\mem$rdmux[0][5][10]$a$4360 [5] $memory\mem$rdmux[0][5][10]$a$4360 [5] 1'0 $memory\mem$rdmux[0][5][10]$a$4360 [5] $memory\mem$rdmux[0][5][10]$a$4360 [5] $memory\mem$rdmux[0][5][10]$a$4360 [7] $memory\mem$rdmux[0][5][10]$a$4360 [10] $memory\mem$rdmux[0][5][10]$a$4360 [13] $memory\mem$rdmux[0][5][10]$a$4360 [7] 1'1 $memory\mem$rdmux[0][5][10]$a$4360 [7] $memory\mem$rdmux[0][5][10]$a$4360 [5] 1'0 $memory\mem$rdmux[0][5][10]$a$4360 [7:6] 4'0100 }
    Consolidated identical input bits for $mux cell $memory\mem$rdmux[0][6][19]$4482:
      Old ports: A=$memory\mem$rdmux[0][6][19]$a$4483, B=$memory\mem$rdmux[0][6][19]$b$4484, Y=$memory\mem$rdmux[0][5][9]$b$4358
      New ports: A={ 1'0 $memory\mem$rdmux[0][6][19]$a$4483 [5] $memory\mem$rdmux[0][6][19]$a$4483 [5] $memory\mem$rdmux[0][6][19]$a$4483 [3] $memory\mem$rdmux[0][6][19]$a$4483 [3] 3'010 $memory\mem$rdmux[0][6][19]$a$4483 [5] $memory\mem$rdmux[0][6][19]$a$4483 [3] }, B={ $memory\mem$rdmux[0][6][19]$b$4484 [16] $memory\mem$rdmux[0][6][19]$b$4484 [16] $memory\mem$rdmux[0][6][19]$b$4484 [9] $memory\mem$rdmux[0][6][19]$b$4484 [9] 1'0 $memory\mem$rdmux[0][6][19]$b$4484 [9] 4'0101 }, Y={ $memory\mem$rdmux[0][5][9]$b$4358 [20] $memory\mem$rdmux[0][5][9]$b$4358 [16:14] $memory\mem$rdmux[0][5][9]$b$4358 [10:8] $memory\mem$rdmux[0][5][9]$b$4358 [6:5] $memory\mem$rdmux[0][5][9]$b$4358 [3] }
      New connections: { $memory\mem$rdmux[0][5][9]$b$4358 [29:21] $memory\mem$rdmux[0][5][9]$b$4358 [19:17] $memory\mem$rdmux[0][5][9]$b$4358 [13:11] $memory\mem$rdmux[0][5][9]$b$4358 [7] $memory\mem$rdmux[0][5][9]$b$4358 [4] $memory\mem$rdmux[0][5][9]$b$4358 [2:0] } = { 1'0 $memory\mem$rdmux[0][5][9]$b$4358 [15] 5'00000 $memory\mem$rdmux[0][5][9]$b$4358 [10] $memory\mem$rdmux[0][5][9]$b$4358 [8] $memory\mem$rdmux[0][5][9]$b$4358 [10:9] $memory\mem$rdmux[0][5][9]$b$4358 [3] $memory\mem$rdmux[0][5][9]$b$4358 [10] $memory\mem$rdmux[0][5][9]$b$4358 [5] $memory\mem$rdmux[0][5][9]$b$4358 [5] $memory\mem$rdmux[0][5][9]$b$4358 [6] 4'0100 }
    Consolidated identical input bits for $mux cell $memory\mem$rdmux[0][6][18]$4479:
      Old ports: A=$memory\mem$rdmux[0][6][18]$a$4480, B=$memory\mem$rdmux[0][6][18]$b$4481, Y=$memory\mem$rdmux[0][5][9]$a$4357
      New ports: A={ 2'11 $memory\mem$rdmux[0][6][18]$a$4480 [15] $memory\mem$rdmux[0][6][18]$a$4480 [15] $memory\mem$rdmux[0][6][18]$a$4480 [6] $memory\mem$rdmux[0][6][18]$a$4480 [6] 2'00 $memory\mem$rdmux[0][6][18]$a$4480 [6] 1'1 }, B={ 1'0 $memory\mem$rdmux[0][6][18]$b$4481 [9] 2'01 $memory\mem$rdmux[0][6][18]$b$4481 [9] 1'0 $memory\mem$rdmux[0][6][18]$b$4481 [9] $memory\mem$rdmux[0][6][18]$b$4481 [3] 1'1 $memory\mem$rdmux[0][6][18]$b$4481 [3] }, Y={ $memory\mem$rdmux[0][5][9]$a$4357 [20:18] $memory\mem$rdmux[0][5][9]$a$4357 [15] $memory\mem$rdmux[0][5][9]$a$4357 [13] $memory\mem$rdmux[0][5][9]$a$4357 [11] $memory\mem$rdmux[0][5][9]$a$4357 [9] $memory\mem$rdmux[0][5][9]$a$4357 [7:6] $memory\mem$rdmux[0][5][9]$a$4357 [3] }
      New connections: { $memory\mem$rdmux[0][5][9]$a$4357 [29:21] $memory\mem$rdmux[0][5][9]$a$4357 [17:16] $memory\mem$rdmux[0][5][9]$a$4357 [14] $memory\mem$rdmux[0][5][9]$a$4357 [12] $memory\mem$rdmux[0][5][9]$a$4357 [10] $memory\mem$rdmux[0][5][9]$a$4357 [8] $memory\mem$rdmux[0][5][9]$a$4357 [5:4] $memory\mem$rdmux[0][5][9]$a$4357 [2:0] } = { 1'0 $memory\mem$rdmux[0][5][9]$a$4357 [9] 5'00000 $memory\mem$rdmux[0][5][9]$a$4357 [19] $memory\mem$rdmux[0][5][9]$a$4357 [15] $memory\mem$rdmux[0][5][9]$a$4357 [3] $memory\mem$rdmux[0][5][9]$a$4357 [7] $memory\mem$rdmux[0][5][9]$a$4357 [7] 1'1 $memory\mem$rdmux[0][5][9]$a$4357 [9] $memory\mem$rdmux[0][5][9]$a$4357 [7] 5'00100 }
    Consolidated identical input bits for $mux cell $memory\mem$rdmux[0][6][17]$4476:
      Old ports: A=$memory\mem$rdmux[0][6][17]$a$4477, B=$memory\mem$rdmux[0][6][17]$b$4478, Y=$memory\mem$rdmux[0][5][8]$b$4355
      New ports: A={ 1'1 $memory\mem$rdmux[0][6][17]$a$4477 [5] $memory\mem$rdmux[0][6][17]$a$4477 [5] $memory\mem$rdmux[0][6][17]$a$4477 [5] $memory\mem$rdmux[0][6][17]$a$4477 [7] $memory\mem$rdmux[0][6][17]$a$4477 [7] $memory\mem$rdmux[0][6][17]$a$4477 [5] 1'1 }, B={ $memory\mem$rdmux[0][6][17]$b$4478 [5] $memory\mem$rdmux[0][6][17]$b$4478 [13] 3'100 $memory\mem$rdmux[0][6][17]$b$4478 [5] $memory\mem$rdmux[0][6][17]$b$4478 [5] 1'0 }, Y={ $memory\mem$rdmux[0][5][8]$b$4355 [16] $memory\mem$rdmux[0][5][8]$b$4355 [13] $memory\mem$rdmux[0][5][8]$b$4355 [10:7] $memory\mem$rdmux[0][5][8]$b$4355 [5] $memory\mem$rdmux[0][5][8]$b$4355 [3] }
      New connections: { $memory\mem$rdmux[0][5][8]$b$4355 [29:17] $memory\mem$rdmux[0][5][8]$b$4355 [15:14] $memory\mem$rdmux[0][5][8]$b$4355 [12:11] $memory\mem$rdmux[0][5][8]$b$4355 [6] $memory\mem$rdmux[0][5][8]$b$4355 [4] $memory\mem$rdmux[0][5][8]$b$4355 [2:0] } = { 7'0000000 $memory\mem$rdmux[0][5][8]$b$4355 [9] $memory\mem$rdmux[0][5][8]$b$4355 [7] $memory\mem$rdmux[0][5][8]$b$4355 [5] $memory\mem$rdmux[0][5][8]$b$4355 [5] $memory\mem$rdmux[0][5][8]$b$4355 [16] $memory\mem$rdmux[0][5][8]$b$4355 [3] $memory\mem$rdmux[0][5][8]$b$4355 [10] $memory\mem$rdmux[0][5][8]$b$4355 [3] $memory\mem$rdmux[0][5][8]$b$4355 [3] $memory\mem$rdmux[0][5][8]$b$4355 [3] 5'00100 }
    Consolidated identical input bits for $mux cell $memory\mem$rdmux[0][6][16]$4473:
      Old ports: A=$memory\mem$rdmux[0][6][16]$a$4474, B=$memory\mem$rdmux[0][6][16]$b$4475, Y=$memory\mem$rdmux[0][5][8]$a$4354
      New ports: A={ 1'1 $memory\mem$rdmux[0][6][16]$a$4474 [3] $memory\mem$rdmux[0][6][16]$a$4474 [12] $memory\mem$rdmux[0][6][16]$a$4474 [12] 1'0 $memory\mem$rdmux[0][6][16]$a$4474 [3] $memory\mem$rdmux[0][6][16]$a$4474 [3] $memory\mem$rdmux[0][6][16]$a$4474 [3] }, B={ $memory\mem$rdmux[0][6][16]$b$4475 [5] 1'1 $memory\mem$rdmux[0][6][16]$b$4475 [5] 2'01 $memory\mem$rdmux[0][6][16]$b$4475 [7] $memory\mem$rdmux[0][6][16]$b$4475 [5] 1'0 }, Y={ $memory\mem$rdmux[0][5][8]$a$4354 [19] $memory\mem$rdmux[0][5][8]$a$4354 [16] $memory\mem$rdmux[0][5][8]$a$4354 [14] $memory\mem$rdmux[0][5][8]$a$4354 [12] $memory\mem$rdmux[0][5][8]$a$4354 [10] $memory\mem$rdmux[0][5][8]$a$4354 [7] $memory\mem$rdmux[0][5][8]$a$4354 [5] $memory\mem$rdmux[0][5][8]$a$4354 [3] }
      New connections: { $memory\mem$rdmux[0][5][8]$a$4354 [29:20] $memory\mem$rdmux[0][5][8]$a$4354 [18:17] $memory\mem$rdmux[0][5][8]$a$4354 [15] $memory\mem$rdmux[0][5][8]$a$4354 [13] $memory\mem$rdmux[0][5][8]$a$4354 [11] $memory\mem$rdmux[0][5][8]$a$4354 [9:8] $memory\mem$rdmux[0][5][8]$a$4354 [6] $memory\mem$rdmux[0][5][8]$a$4354 [4] $memory\mem$rdmux[0][5][8]$a$4354 [2:0] } = { 2'00 $memory\mem$rdmux[0][5][8]$a$4354 [12] 3'000 $memory\mem$rdmux[0][5][8]$a$4354 [12] $memory\mem$rdmux[0][5][8]$a$4354 [16] $memory\mem$rdmux[0][5][8]$a$4354 [5] $memory\mem$rdmux[0][5][8]$a$4354 [5] $memory\mem$rdmux[0][5][8]$a$4354 [3] 1'1 $memory\mem$rdmux[0][5][8]$a$4354 [7] $memory\mem$rdmux[0][5][8]$a$4354 [5] $memory\mem$rdmux[0][5][8]$a$4354 [3] $memory\mem$rdmux[0][5][8]$a$4354 [3] $memory\mem$rdmux[0][5][8]$a$4354 [5] 5'10100 }
    Consolidated identical input bits for $mux cell $memory\mem$rdmux[0][6][15]$4470:
      Old ports: A=$memory\mem$rdmux[0][6][15]$a$4471, B=$memory\mem$rdmux[0][6][15]$b$4472, Y=$memory\mem$rdmux[0][5][7]$b$4352
      New ports: A={ $memory\mem$rdmux[0][6][15]$a$4471 [13] $memory\mem$rdmux[0][6][15]$a$4471 [6] 1'1 $memory\mem$rdmux[0][6][15]$a$4471 [13] $memory\mem$rdmux[0][6][15]$a$4471 [13] $memory\mem$rdmux[0][6][15]$a$4471 [6] 2'10 $memory\mem$rdmux[0][6][15]$a$4471 [6] 2'10 }, B={ 4'0101 $memory\mem$rdmux[0][6][15]$b$4472 [5] 1'0 $memory\mem$rdmux[0][6][15]$b$4472 [3] $memory\mem$rdmux[0][6][15]$b$4472 [5] $memory\mem$rdmux[0][6][15]$b$4472 [5] $memory\mem$rdmux[0][6][15]$b$4472 [5] $memory\mem$rdmux[0][6][15]$b$4472 [3] }, Y={ $memory\mem$rdmux[0][5][7]$b$4352 [22:21] $memory\mem$rdmux[0][5][7]$b$4352 [19] $memory\mem$rdmux[0][5][7]$b$4352 [14:11] $memory\mem$rdmux[0][5][7]$b$4352 [7:5] $memory\mem$rdmux[0][5][7]$b$4352 [3] }
      New connections: { $memory\mem$rdmux[0][5][7]$b$4352 [29:23] $memory\mem$rdmux[0][5][7]$b$4352 [20] $memory\mem$rdmux[0][5][7]$b$4352 [18:15] $memory\mem$rdmux[0][5][7]$b$4352 [10:8] $memory\mem$rdmux[0][5][7]$b$4352 [4] $memory\mem$rdmux[0][5][7]$b$4352 [2:0] } = { 1'0 $memory\mem$rdmux[0][5][7]$b$4352 [22] $memory\mem$rdmux[0][5][7]$b$4352 [22] $memory\mem$rdmux[0][5][7]$b$4352 [19] 1'0 $memory\mem$rdmux[0][5][7]$b$4352 [19] $memory\mem$rdmux[0][5][7]$b$4352 [12] $memory\mem$rdmux[0][5][7]$b$4352 [7] $memory\mem$rdmux[0][5][7]$b$4352 [11] $memory\mem$rdmux[0][5][7]$b$4352 [13:12] $memory\mem$rdmux[0][5][7]$b$4352 [6] $memory\mem$rdmux[0][5][7]$b$4352 [7] $memory\mem$rdmux[0][5][7]$b$4352 [5] $memory\mem$rdmux[0][5][7]$b$4352 [5] 4'0100 }
    Consolidated identical input bits for $mux cell $memory\mem$rdmux[0][6][14]$4467:
      Old ports: A=$memory\mem$rdmux[0][6][14]$a$4468, B=$memory\mem$rdmux[0][6][14]$b$4469, Y=$memory\mem$rdmux[0][5][7]$a$4351
      New ports: A={ $memory\mem$rdmux[0][6][14]$a$4468 [7] 2'10 $memory\mem$rdmux[0][6][14]$a$4468 [7] 2'00 $memory\mem$rdmux[0][6][14]$a$4468 [7] $memory\mem$rdmux[0][6][14]$a$4468 [7] 1'1 $memory\mem$rdmux[0][6][14]$a$4468 [3] $memory\mem$rdmux[0][6][14]$a$4468 [3] }, B={ $memory\mem$rdmux[0][6][14]$b$4469 [10] $memory\mem$rdmux[0][6][14]$b$4469 [10] 2'10 $memory\mem$rdmux[0][6][14]$b$4469 [3] $memory\mem$rdmux[0][6][14]$b$4469 [10] 1'1 $memory\mem$rdmux[0][6][14]$b$4469 [3] 2'01 $memory\mem$rdmux[0][6][14]$b$4469 [3] }, Y={ $memory\mem$rdmux[0][5][7]$a$4351 [20:19] $memory\mem$rdmux[0][5][7]$a$4351 [16] $memory\mem$rdmux[0][5][7]$a$4351 [13] $memory\mem$rdmux[0][5][7]$a$4351 [11:10] $memory\mem$rdmux[0][5][7]$a$4351 [8:5] $memory\mem$rdmux[0][5][7]$a$4351 [3] }
      New connections: { $memory\mem$rdmux[0][5][7]$a$4351 [29:21] $memory\mem$rdmux[0][5][7]$a$4351 [18:17] $memory\mem$rdmux[0][5][7]$a$4351 [15:14] $memory\mem$rdmux[0][5][7]$a$4351 [12] $memory\mem$rdmux[0][5][7]$a$4351 [9] $memory\mem$rdmux[0][5][7]$a$4351 [4] $memory\mem$rdmux[0][5][7]$a$4351 [2:0] } = { $memory\mem$rdmux[0][5][7]$a$4351 [13] $memory\mem$rdmux[0][5][7]$a$4351 [13] $memory\mem$rdmux[0][5][7]$a$4351 [13] $memory\mem$rdmux[0][5][7]$a$4351 [13] 2'00 $memory\mem$rdmux[0][5][7]$a$4351 [13] $memory\mem$rdmux[0][5][7]$a$4351 [3] $memory\mem$rdmux[0][5][7]$a$4351 [19] $memory\mem$rdmux[0][5][7]$a$4351 [6] $memory\mem$rdmux[0][5][7]$a$4351 [16] $memory\mem$rdmux[0][5][7]$a$4351 [5] $memory\mem$rdmux[0][5][7]$a$4351 [5] 1'1 $memory\mem$rdmux[0][5][7]$a$4351 [7] 4'0100 }
    Consolidated identical input bits for $mux cell $memory\mem$rdmux[0][6][13]$4464:
      Old ports: A=$memory\mem$rdmux[0][6][13]$a$4465, B=$memory\mem$rdmux[0][6][13]$b$4466, Y=$memory\mem$rdmux[0][5][6]$b$4349
      New ports: A={ 1'0 $memory\mem$rdmux[0][6][13]$a$4465 [7] 2'11 $memory\mem$rdmux[0][6][13]$a$4465 [3] 1'0 $memory\mem$rdmux[0][6][13]$a$4465 [7] $memory\mem$rdmux[0][6][13]$a$4465 [7] $memory\mem$rdmux[0][6][13]$a$4465 [7] $memory\mem$rdmux[0][6][13]$a$4465 [3] $memory\mem$rdmux[0][6][13]$a$4465 [3] }, B={ 2'10 $memory\mem$rdmux[0][6][13]$b$4466 [11] 1'0 $memory\mem$rdmux[0][6][13]$b$4466 [11] $memory\mem$rdmux[0][6][13]$b$4466 [11] $memory\mem$rdmux[0][6][13]$b$4466 [11:10] 3'110 }, Y={ $memory\mem$rdmux[0][5][6]$b$4349 [28] $memory\mem$rdmux[0][5][6]$b$4349 [23] $memory\mem$rdmux[0][5][6]$b$4349 [20:18] $memory\mem$rdmux[0][5][6]$b$4349 [15] $memory\mem$rdmux[0][5][6]$b$4349 [11:10] $memory\mem$rdmux[0][5][6]$b$4349 [7:6] $memory\mem$rdmux[0][5][6]$b$4349 [3] }
      New connections: { $memory\mem$rdmux[0][5][6]$b$4349 [29] $memory\mem$rdmux[0][5][6]$b$4349 [27:24] $memory\mem$rdmux[0][5][6]$b$4349 [22:21] $memory\mem$rdmux[0][5][6]$b$4349 [17:16] $memory\mem$rdmux[0][5][6]$b$4349 [14:12] $memory\mem$rdmux[0][5][6]$b$4349 [9:8] $memory\mem$rdmux[0][5][6]$b$4349 [5:4] $memory\mem$rdmux[0][5][6]$b$4349 [2:0] } = { $memory\mem$rdmux[0][5][6]$b$4349 [23] $memory\mem$rdmux[0][5][6]$b$4349 [23] $memory\mem$rdmux[0][5][6]$b$4349 [15] $memory\mem$rdmux[0][5][6]$b$4349 [11] $memory\mem$rdmux[0][5][6]$b$4349 [23] $memory\mem$rdmux[0][5][6]$b$4349 [6] $memory\mem$rdmux[0][5][6]$b$4349 [15] $memory\mem$rdmux[0][5][6]$b$4349 [10] $memory\mem$rdmux[0][5][6]$b$4349 [10] $memory\mem$rdmux[0][5][6]$b$4349 [11] 3'111 $memory\mem$rdmux[0][5][6]$b$4349 [7] 5'10100 }
    Consolidated identical input bits for $mux cell $memory\mem$rdmux[0][6][12]$4461:
      Old ports: A=$memory\mem$rdmux[0][6][12]$a$4462, B=$memory\mem$rdmux[0][6][12]$b$4463, Y=$memory\mem$rdmux[0][5][6]$a$4348
      New ports: A={ 4'0100 $memory\mem$rdmux[0][6][12]$a$4462 [10] $memory\mem$rdmux[0][6][12]$a$4462 [3] $memory\mem$rdmux[0][6][12]$a$4462 [10] $memory\mem$rdmux[0][6][12]$a$4462 [10] 2'11 $memory\mem$rdmux[0][6][12]$a$4462 [3] $memory\mem$rdmux[0][6][12]$a$4462 [3] }, B={ 2'10 $memory\mem$rdmux[0][6][12]$b$4463 [7:6] 3'110 $memory\mem$rdmux[0][6][12]$b$4463 [7:6] $memory\mem$rdmux[0][6][12]$b$4463 [7:6] 1'0 }, Y={ $memory\mem$rdmux[0][5][6]$a$4348 [28] $memory\mem$rdmux[0][5][6]$a$4348 [21:16] $memory\mem$rdmux[0][5][6]$a$4348 [10:9] $memory\mem$rdmux[0][5][6]$a$4348 [7:6] $memory\mem$rdmux[0][5][6]$a$4348 [3] }
      New connections: { $memory\mem$rdmux[0][5][6]$a$4348 [29] $memory\mem$rdmux[0][5][6]$a$4348 [27:22] $memory\mem$rdmux[0][5][6]$a$4348 [15:11] $memory\mem$rdmux[0][5][6]$a$4348 [8] $memory\mem$rdmux[0][5][6]$a$4348 [5:4] $memory\mem$rdmux[0][5][6]$a$4348 [2:0] } = { 1'0 $memory\mem$rdmux[0][5][6]$a$4348 [19] 1'0 $memory\mem$rdmux[0][5][6]$a$4348 [19] 1'0 $memory\mem$rdmux[0][5][6]$a$4348 [19] $memory\mem$rdmux[0][5][6]$a$4348 [21] $memory\mem$rdmux[0][5][6]$a$4348 [7:6] $memory\mem$rdmux[0][5][6]$a$4348 [10] $memory\mem$rdmux[0][5][6]$a$4348 [10] $memory\mem$rdmux[0][5][6]$a$4348 [6] 6'000100 }
    Consolidated identical input bits for $mux cell $memory\mem$rdmux[0][6][11]$4458:
      Old ports: A=$memory\mem$rdmux[0][6][11]$a$4459, B=$memory\mem$rdmux[0][6][11]$b$4460, Y=$memory\mem$rdmux[0][5][5]$b$4346
      New ports: A={ 1'1 $memory\mem$rdmux[0][6][11]$a$4459 [6] $memory\mem$rdmux[0][6][11]$a$4459 [3] 3'101 $memory\mem$rdmux[0][6][11]$a$4459 [6] $memory\mem$rdmux[0][6][11]$a$4459 [3] $memory\mem$rdmux[0][6][11]$a$4459 [6] $memory\mem$rdmux[0][6][11]$a$4459 [3] }, B={ $memory\mem$rdmux[0][6][11]$b$4460 [12] $memory\mem$rdmux[0][6][11]$b$4460 [12] $memory\mem$rdmux[0][6][11]$b$4460 [12] $memory\mem$rdmux[0][6][11]$b$4460 [6] 3'100 $memory\mem$rdmux[0][6][11]$b$4460 [6] $memory\mem$rdmux[0][6][11]$b$4460 [6] 1'1 }, Y={ $memory\mem$rdmux[0][5][5]$b$4346 [20] $memory\mem$rdmux[0][5][5]$b$4346 [13:6] $memory\mem$rdmux[0][5][5]$b$4346 [3] }
      New connections: { $memory\mem$rdmux[0][5][5]$b$4346 [29:21] $memory\mem$rdmux[0][5][5]$b$4346 [19:14] $memory\mem$rdmux[0][5][5]$b$4346 [5:4] $memory\mem$rdmux[0][5][5]$b$4346 [2:0] } = { 1'0 $memory\mem$rdmux[0][5][5]$b$4346 [13] $memory\mem$rdmux[0][5][5]$b$4346 [8] 4'0000 $memory\mem$rdmux[0][5][5]$b$4346 [8] $memory\mem$rdmux[0][5][5]$b$4346 [9] $memory\mem$rdmux[0][5][5]$b$4346 [12] $memory\mem$rdmux[0][5][5]$b$4346 [13] $memory\mem$rdmux[0][5][5]$b$4346 [6] $memory\mem$rdmux[0][5][5]$b$4346 [6] 1'1 $memory\mem$rdmux[0][5][5]$b$4346 [9] 5'00100 }
    Consolidated identical input bits for $mux cell $memory\mem$rdmux[0][6][10]$4455:
      Old ports: A=$memory\mem$rdmux[0][6][10]$a$4456, B=$memory\mem$rdmux[0][6][10]$b$4457, Y=$memory\mem$rdmux[0][5][5]$a$4345
      New ports: A={ $memory\mem$rdmux[0][6][10]$a$4456 [0] 1'1 $memory\mem$rdmux[0][6][10]$a$4456 [0] 1'0 $memory\mem$rdmux[0][6][10]$a$4456 [8] 2'10 $memory\mem$rdmux[0][6][10]$a$4456 [0] }, B={ $memory\mem$rdmux[0][6][10]$b$4457 [2] 2'00 $memory\mem$rdmux[0][6][10]$b$4457 [0] $memory\mem$rdmux[0][6][10]$b$4457 [2] $memory\mem$rdmux[0][6][10]$b$4457 [0] $memory\mem$rdmux[0][6][10]$b$4457 [2] $memory\mem$rdmux[0][6][10]$b$4457 [0] }, Y={ $memory\mem$rdmux[0][5][5]$a$4345 [18] $memory\mem$rdmux[0][5][5]$a$4345 [13] $memory\mem$rdmux[0][5][5]$a$4345 [10:8] $memory\mem$rdmux[0][5][5]$a$4345 [3:2] $memory\mem$rdmux[0][5][5]$a$4345 [0] }
      New connections: { $memory\mem$rdmux[0][5][5]$a$4345 [29:19] $memory\mem$rdmux[0][5][5]$a$4345 [17:14] $memory\mem$rdmux[0][5][5]$a$4345 [12:11] $memory\mem$rdmux[0][5][5]$a$4345 [7:4] $memory\mem$rdmux[0][5][5]$a$4345 [1] } = { $memory\mem$rdmux[0][5][5]$a$4345 [10] $memory\mem$rdmux[0][5][5]$a$4345 [10] $memory\mem$rdmux[0][5][5]$a$4345 [10] $memory\mem$rdmux[0][5][5]$a$4345 [10] $memory\mem$rdmux[0][5][5]$a$4345 [10] $memory\mem$rdmux[0][5][5]$a$4345 [18] $memory\mem$rdmux[0][5][5]$a$4345 [18] $memory\mem$rdmux[0][5][5]$a$4345 [10] $memory\mem$rdmux[0][5][5]$a$4345 [0] 1'0 $memory\mem$rdmux[0][5][5]$a$4345 [2] $memory\mem$rdmux[0][5][5]$a$4345 [10] $memory\mem$rdmux[0][5][5]$a$4345 [13] $memory\mem$rdmux[0][5][5]$a$4345 [13] $memory\mem$rdmux[0][5][5]$a$4345 [13] $memory\mem$rdmux[0][5][5]$a$4345 [10] $memory\mem$rdmux[0][5][5]$a$4345 [10] $memory\mem$rdmux[0][5][5]$a$4345 [2] $memory\mem$rdmux[0][5][5]$a$4345 [2] 1'0 $memory\mem$rdmux[0][5][5]$a$4345 [3] $memory\mem$rdmux[0][5][5]$a$4345 [0] }
    Consolidated identical input bits for $mux cell $memory\mem$rdmux[0][6][9]$4452:
      Old ports: A=$memory\mem$rdmux[0][6][9]$a$4453, B=$memory\mem$rdmux[0][6][9]$b$4454, Y=$memory\mem$rdmux[0][5][4]$b$4343
      New ports: A={ $memory\mem$rdmux[0][6][9]$a$4453 [2] 1'0 $memory\mem$rdmux[0][6][9]$a$4453 [3] 1'0 $memory\mem$rdmux[0][6][9]$a$4453 [3:2] }, B={ $memory\mem$rdmux[0][6][9]$b$4454 [13] $memory\mem$rdmux[0][6][9]$b$4454 [13] $memory\mem$rdmux[0][6][9]$b$4454 [13] 3'101 }, Y={ $memory\mem$rdmux[0][5][4]$b$4343 [23] $memory\mem$rdmux[0][5][4]$b$4343 [14:13] $memory\mem$rdmux[0][5][4]$b$4343 [5] $memory\mem$rdmux[0][5][4]$b$4343 [3:2] }
      New connections: { $memory\mem$rdmux[0][5][4]$b$4343 [29:24] $memory\mem$rdmux[0][5][4]$b$4343 [22:15] $memory\mem$rdmux[0][5][4]$b$4343 [12:6] $memory\mem$rdmux[0][5][4]$b$4343 [4] $memory\mem$rdmux[0][5][4]$b$4343 [1:0] } = { $memory\mem$rdmux[0][5][4]$b$4343 [14] $memory\mem$rdmux[0][5][4]$b$4343 [14] $memory\mem$rdmux[0][5][4]$b$4343 [14] $memory\mem$rdmux[0][5][4]$b$4343 [14] $memory\mem$rdmux[0][5][4]$b$4343 [14] $memory\mem$rdmux[0][5][4]$b$4343 [23] $memory\mem$rdmux[0][5][4]$b$4343 [14] $memory\mem$rdmux[0][5][4]$b$4343 [14] $memory\mem$rdmux[0][5][4]$b$4343 [14] $memory\mem$rdmux[0][5][4]$b$4343 [2] 2'10 $memory\mem$rdmux[0][5][4]$b$4343 [14] $memory\mem$rdmux[0][5][4]$b$4343 [14] 5'00001 $memory\mem$rdmux[0][5][4]$b$4343 [2] $memory\mem$rdmux[0][5][4]$b$4343 [2] $memory\mem$rdmux[0][5][4]$b$4343 [3] 2'00 }
    Consolidated identical input bits for $mux cell $memory\mem$rdmux[0][6][8]$4449:
      Old ports: A=$memory\mem$rdmux[0][6][8]$a$4450, B=$memory\mem$rdmux[0][6][8]$b$4451, Y=$memory\mem$rdmux[0][5][4]$a$4342
      New ports: A={ 1'1 $memory\mem$rdmux[0][6][8]$a$4450 [2] $memory\mem$rdmux[0][6][8]$a$4450 [5] $memory\mem$rdmux[0][6][8]$a$4450 [5] 1'0 $memory\mem$rdmux[0][6][8]$a$4450 [5] 1'0 $memory\mem$rdmux[0][6][8]$a$4450 [2] }, B={ 1'0 $memory\mem$rdmux[0][6][8]$b$4451 [3] 1'1 $memory\mem$rdmux[0][6][8]$b$4451 [2] $memory\mem$rdmux[0][6][8]$b$4451 [2] 1'0 $memory\mem$rdmux[0][6][8]$b$4451 [3:2] }, Y={ $memory\mem$rdmux[0][5][4]$a$4342 [23] $memory\mem$rdmux[0][5][4]$a$4342 [19] $memory\mem$rdmux[0][5][4]$a$4342 [8:5] $memory\mem$rdmux[0][5][4]$a$4342 [3:2] }
      New connections: { $memory\mem$rdmux[0][5][4]$a$4342 [29:24] $memory\mem$rdmux[0][5][4]$a$4342 [22:20] $memory\mem$rdmux[0][5][4]$a$4342 [18:9] $memory\mem$rdmux[0][5][4]$a$4342 [4] $memory\mem$rdmux[0][5][4]$a$4342 [1:0] } = { $memory\mem$rdmux[0][5][4]$a$4342 [5] $memory\mem$rdmux[0][5][4]$a$4342 [5] $memory\mem$rdmux[0][5][4]$a$4342 [5] $memory\mem$rdmux[0][5][4]$a$4342 [5] $memory\mem$rdmux[0][5][4]$a$4342 [5] $memory\mem$rdmux[0][5][4]$a$4342 [23] $memory\mem$rdmux[0][5][4]$a$4342 [5] $memory\mem$rdmux[0][5][4]$a$4342 [5] 1'0 $memory\mem$rdmux[0][5][4]$a$4342 [2] 1'0 $memory\mem$rdmux[0][5][4]$a$4342 [5] $memory\mem$rdmux[0][5][4]$a$4342 [5] 1'0 $memory\mem$rdmux[0][5][4]$a$4342 [3] 1'0 $memory\mem$rdmux[0][5][4]$a$4342 [5] 2'00 $memory\mem$rdmux[0][5][4]$a$4342 [3] 2'00 }
    Consolidated identical input bits for $mux cell $memory\mem$rdmux[0][6][7]$4446:
      Old ports: A=$memory\mem$rdmux[0][6][7]$a$4447, B=$memory\mem$rdmux[0][6][7]$b$4448, Y=$memory\mem$rdmux[0][5][3]$b$4340
      New ports: A={ 1'0 $memory\mem$rdmux[0][6][7]$a$4447 [3] 2'01 $memory\mem$rdmux[0][6][7]$a$4447 [3] $memory\mem$rdmux[0][6][7]$a$4447 [5] $memory\mem$rdmux[0][6][7]$a$4447 [3] 1'0 }, B={ 2'10 $memory\mem$rdmux[0][6][7]$b$4448 [3] $memory\mem$rdmux[0][6][7]$b$4448 [3:2] 1'0 $memory\mem$rdmux[0][6][7]$b$4448 [3:2] }, Y={ $memory\mem$rdmux[0][5][3]$b$4340 [26] $memory\mem$rdmux[0][5][3]$b$4340 [18] $memory\mem$rdmux[0][5][3]$b$4340 [15] $memory\mem$rdmux[0][5][3]$b$4340 [11] $memory\mem$rdmux[0][5][3]$b$4340 [7] $memory\mem$rdmux[0][5][3]$b$4340 [5] $memory\mem$rdmux[0][5][3]$b$4340 [3:2] }
      New connections: { $memory\mem$rdmux[0][5][3]$b$4340 [29:27] $memory\mem$rdmux[0][5][3]$b$4340 [25:19] $memory\mem$rdmux[0][5][3]$b$4340 [17:16] $memory\mem$rdmux[0][5][3]$b$4340 [14:12] $memory\mem$rdmux[0][5][3]$b$4340 [10:8] $memory\mem$rdmux[0][5][3]$b$4340 [6] $memory\mem$rdmux[0][5][3]$b$4340 [4] $memory\mem$rdmux[0][5][3]$b$4340 [1:0] } = { $memory\mem$rdmux[0][5][3]$b$4340 [15] $memory\mem$rdmux[0][5][3]$b$4340 [15] $memory\mem$rdmux[0][5][3]$b$4340 [15] $memory\mem$rdmux[0][5][3]$b$4340 [11] $memory\mem$rdmux[0][5][3]$b$4340 [11] $memory\mem$rdmux[0][5][3]$b$4340 [11] $memory\mem$rdmux[0][5][3]$b$4340 [5] $memory\mem$rdmux[0][5][3]$b$4340 [5] $memory\mem$rdmux[0][5][3]$b$4340 [5] $memory\mem$rdmux[0][5][3]$b$4340 [3] 1'0 $memory\mem$rdmux[0][5][3]$b$4340 [15] 4'0000 $memory\mem$rdmux[0][5][3]$b$4340 [3] 1'1 $memory\mem$rdmux[0][5][3]$b$4340 [5] 3'000 }
    Consolidated identical input bits for $mux cell $memory\mem$rdmux[0][6][6]$4443:
      Old ports: A=$memory\mem$rdmux[0][6][6]$a$4444, B=$memory\mem$rdmux[0][6][6]$b$4445, Y=$memory\mem$rdmux[0][5][3]$a$4339
      New ports: A={ 2'10 $memory\mem$rdmux[0][6][6]$a$4444 [5] 2'11 }, B={ $memory\mem$rdmux[0][6][6]$b$4445 [6] $memory\mem$rdmux[0][6][6]$b$4445 [6] 1'0 $memory\mem$rdmux[0][6][6]$b$4445 [3] 1'0 }, Y={ $memory\mem$rdmux[0][5][3]$a$4339 [8] $memory\mem$rdmux[0][5][3]$a$4339 [6:5] $memory\mem$rdmux[0][5][3]$a$4339 [3:2] }
      New connections: { $memory\mem$rdmux[0][5][3]$a$4339 [29:9] $memory\mem$rdmux[0][5][3]$a$4339 [7] $memory\mem$rdmux[0][5][3]$a$4339 [4] $memory\mem$rdmux[0][5][3]$a$4339 [1:0] } = { 11'00000000000 $memory\mem$rdmux[0][5][3]$a$4339 [3] 3'000 $memory\mem$rdmux[0][5][3]$a$4339 [2] $memory\mem$rdmux[0][5][3]$a$4339 [2] 2'01 $memory\mem$rdmux[0][5][3]$a$4339 [5] 5'00000 }
    Consolidated identical input bits for $mux cell $memory\mem$rdmux[0][6][5]$4440:
      Old ports: A=$memory\mem$rdmux[0][6][5]$a$4441, B=$memory\mem$rdmux[0][6][5]$b$4442, Y=$memory\mem$rdmux[0][5][2]$b$4337
      New ports: A={ 2'11 $memory\mem$rdmux[0][6][5]$a$4441 [10] 2'10 }, B={ $memory\mem$rdmux[0][6][5]$b$4442 [28] 2'01 $memory\mem$rdmux[0][6][5]$b$4442 [5] 1'1 }, Y={ $memory\mem$rdmux[0][5][2]$b$4337 [28] $memory\mem$rdmux[0][5][2]$b$4337 [11:10] $memory\mem$rdmux[0][5][2]$b$4337 [5] $memory\mem$rdmux[0][5][2]$b$4337 [3] }
      New connections: { $memory\mem$rdmux[0][5][2]$b$4337 [29] $memory\mem$rdmux[0][5][2]$b$4337 [27:12] $memory\mem$rdmux[0][5][2]$b$4337 [9:6] $memory\mem$rdmux[0][5][2]$b$4337 [4] $memory\mem$rdmux[0][5][2]$b$4337 [2:0] } = { $memory\mem$rdmux[0][5][2]$b$4337 [11] $memory\mem$rdmux[0][5][2]$b$4337 [11] $memory\mem$rdmux[0][5][2]$b$4337 [11] $memory\mem$rdmux[0][5][2]$b$4337 [11] $memory\mem$rdmux[0][5][2]$b$4337 [11] $memory\mem$rdmux[0][5][2]$b$4337 [11] $memory\mem$rdmux[0][5][2]$b$4337 [11] $memory\mem$rdmux[0][5][2]$b$4337 [11] $memory\mem$rdmux[0][5][2]$b$4337 [11] 1'1 $memory\mem$rdmux[0][5][2]$b$4337 [11] 5'00011 $memory\mem$rdmux[0][5][2]$b$4337 [3] 3'001 $memory\mem$rdmux[0][5][2]$b$4337 [3] 4'0100 }
    Consolidated identical input bits for $mux cell $memory\mem$rdmux[0][6][4]$4437:
      Old ports: A=$memory\mem$rdmux[0][6][4]$a$4438, B=$memory\mem$rdmux[0][6][4]$b$4439, Y=$memory\mem$rdmux[0][5][2]$a$4336
      New ports: A={ $memory\mem$rdmux[0][6][4]$a$4438 [12] $memory\mem$rdmux[0][6][4]$a$4438 [12] $memory\mem$rdmux[0][6][4]$a$4438 [12] $memory\mem$rdmux[0][6][4]$a$4438 [10] }, B={ $memory\mem$rdmux[0][6][4]$b$4439 [28] 3'011 }, Y={ $memory\mem$rdmux[0][5][2]$a$4336 [28] $memory\mem$rdmux[0][5][2]$a$4336 [20] $memory\mem$rdmux[0][5][2]$a$4336 [12] $memory\mem$rdmux[0][5][2]$a$4336 [10] }
      New connections: { $memory\mem$rdmux[0][5][2]$a$4336 [29] $memory\mem$rdmux[0][5][2]$a$4336 [27:21] $memory\mem$rdmux[0][5][2]$a$4336 [19:13] $memory\mem$rdmux[0][5][2]$a$4336 [11] $memory\mem$rdmux[0][5][2]$a$4336 [9:0] } = { $memory\mem$rdmux[0][5][2]$a$4336 [20] $memory\mem$rdmux[0][5][2]$a$4336 [20] $memory\mem$rdmux[0][5][2]$a$4336 [20] $memory\mem$rdmux[0][5][2]$a$4336 [20] $memory\mem$rdmux[0][5][2]$a$4336 [20] $memory\mem$rdmux[0][5][2]$a$4336 [20] $memory\mem$rdmux[0][5][2]$a$4336 [20] $memory\mem$rdmux[0][5][2]$a$4336 [20] 18'110001100010100100 }
    Consolidated identical input bits for $mux cell $memory\mem$rdmux[0][6][3]$4434:
      Old ports: A=$memory\mem$rdmux[0][6][3]$a$4435, B=$memory\mem$rdmux[0][6][3]$b$4436, Y=$memory\mem$rdmux[0][5][1]$b$4334
      New ports: A={ 1'0 $memory\mem$rdmux[0][6][3]$a$4435 [3] $memory\mem$rdmux[0][6][3]$a$4435 [3] $memory\mem$rdmux[0][6][3]$a$4435 [5] $memory\mem$rdmux[0][6][3]$a$4435 [3] }, B={ 2'11 $memory\mem$rdmux[0][6][3]$b$4436 [10] 2'10 }, Y={ $memory\mem$rdmux[0][5][1]$b$4334 [12:10] $memory\mem$rdmux[0][5][1]$b$4334 [5] $memory\mem$rdmux[0][5][1]$b$4334 [3] }
      New connections: { $memory\mem$rdmux[0][5][1]$b$4334 [29:13] $memory\mem$rdmux[0][5][1]$b$4334 [9:6] $memory\mem$rdmux[0][5][1]$b$4334 [4] $memory\mem$rdmux[0][5][1]$b$4334 [2:0] } = { $memory\mem$rdmux[0][5][1]$b$4334 [5] $memory\mem$rdmux[0][5][1]$b$4334 [5] $memory\mem$rdmux[0][5][1]$b$4334 [5] $memory\mem$rdmux[0][5][1]$b$4334 [5] $memory\mem$rdmux[0][5][1]$b$4334 [5] $memory\mem$rdmux[0][5][1]$b$4334 [5] $memory\mem$rdmux[0][5][1]$b$4334 [5] $memory\mem$rdmux[0][5][1]$b$4334 [5] $memory\mem$rdmux[0][5][1]$b$4334 [5] $memory\mem$rdmux[0][5][1]$b$4334 [5] 1'1 $memory\mem$rdmux[0][5][1]$b$4334 [5] 3'000 $memory\mem$rdmux[0][5][1]$b$4334 [5] 9'100100100 }
    Consolidated identical input bits for $mux cell $memory\mem$rdmux[0][6][2]$4431:
      Old ports: A=$memory\mem$rdmux[0][6][2]$a$4432, B=$memory\mem$rdmux[0][6][2]$b$4433, Y=$memory\mem$rdmux[0][5][1]$a$4333
      New ports: A={ 1'0 $memory\mem$rdmux[0][6][2]$a$4432 [12] 2'01 }, B={ $memory\mem$rdmux[0][6][2]$b$4433 [10] $memory\mem$rdmux[0][6][2]$b$4433 [10] $memory\mem$rdmux[0][6][2]$b$4433 [11:10] }, Y={ $memory\mem$rdmux[0][5][1]$a$4333 [28] $memory\mem$rdmux[0][5][1]$a$4333 [12:10] }
      New connections: { $memory\mem$rdmux[0][5][1]$a$4333 [29] $memory\mem$rdmux[0][5][1]$a$4333 [27:13] $memory\mem$rdmux[0][5][1]$a$4333 [9:0] } = 26'00000000010000010010001100
    Consolidated identical input bits for $mux cell $memory\mem$rdmux[0][6][1]$4428:
      Old ports: A=$memory\mem$rdmux[0][6][1]$a$4429, B=$memory\mem$rdmux[0][6][1]$b$4430, Y=$memory\mem$rdmux[0][5][0]$b$4331
      New ports: A={ $memory\mem$rdmux[0][6][1]$a$4429 [28] $memory\mem$rdmux[0][6][1]$a$4429 [10] $memory\mem$rdmux[0][6][1]$a$4429 [10] $memory\mem$rdmux[0][6][1]$a$4429 [10] }, B={ 2'01 $memory\mem$rdmux[0][6][1]$b$4430 [11] 1'0 }, Y={ $memory\mem$rdmux[0][5][0]$b$4331 [28] $memory\mem$rdmux[0][5][0]$b$4331 [12:10] }
      New connections: { $memory\mem$rdmux[0][5][0]$b$4331 [29] $memory\mem$rdmux[0][5][0]$b$4331 [27:13] $memory\mem$rdmux[0][5][0]$b$4331 [9:0] } = 26'00000000010000010010001100
    Consolidated identical input bits for $mux cell $memory\mem$rdmux[0][6][0]$4425:
      Old ports: A=$memory\mem$rdmux[0][6][0]$a$4426, B=$memory\mem$rdmux[0][6][0]$b$4427, Y=$memory\mem$rdmux[0][5][0]$a$4330
      New ports: A={ 2'01 $memory\mem$rdmux[0][6][0]$a$4426 [6] $memory\mem$rdmux[0][6][0]$a$4426 [6:5] 1'0 }, B={ $memory\mem$rdmux[0][6][0]$b$4427 [5] 2'00 $memory\mem$rdmux[0][6][0]$b$4427 [5] $memory\mem$rdmux[0][6][0]$b$4427 [5] $memory\mem$rdmux[0][6][0]$b$4427 [3] }, Y={ $memory\mem$rdmux[0][5][0]$a$4330 [22] $memory\mem$rdmux[0][5][0]$a$4330 [20] $memory\mem$rdmux[0][5][0]$a$4330 [18] $memory\mem$rdmux[0][5][0]$a$4330 [6:5] $memory\mem$rdmux[0][5][0]$a$4330 [3] }
      New connections: { $memory\mem$rdmux[0][5][0]$a$4330 [29:23] $memory\mem$rdmux[0][5][0]$a$4330 [21] $memory\mem$rdmux[0][5][0]$a$4330 [19] $memory\mem$rdmux[0][5][0]$a$4330 [17:7] $memory\mem$rdmux[0][5][0]$a$4330 [4] $memory\mem$rdmux[0][5][0]$a$4330 [2:0] } = { $memory\mem$rdmux[0][5][0]$a$4330 [22] $memory\mem$rdmux[0][5][0]$a$4330 [22] $memory\mem$rdmux[0][5][0]$a$4330 [22] $memory\mem$rdmux[0][5][0]$a$4330 [22] $memory\mem$rdmux[0][5][0]$a$4330 [22] $memory\mem$rdmux[0][5][0]$a$4330 [22] $memory\mem$rdmux[0][5][0]$a$4330 [22] $memory\mem$rdmux[0][5][0]$a$4330 [5] $memory\mem$rdmux[0][5][0]$a$4330 [3] 4'0000 $memory\mem$rdmux[0][5][0]$a$4330 [3] 5'00000 $memory\mem$rdmux[0][5][0]$a$4330 [3] 4'0100 }
  Optimizing cells in module $paramod$9e6bc8e233a88c507ee6c1d0d66120fe2d49b2c9\Instruction_Memory.
    Consolidated identical input bits for $mux cell $memory\mem$rdmux[0][5][20]$4389:
      Old ports: A=$memory\mem$rdmux[0][5][20]$a$4390, B=$memory\mem$rdmux[0][5][20]$b$4391, Y=$memory\mem$rdmux[0][4][10]$a$4312
      New ports: A={ $memory\mem$rdmux[0][5][20]$a$4390 [26] $memory\mem$rdmux[0][5][20]$a$4390 [22] 1'1 $memory\mem$rdmux[0][5][20]$a$4390 [11:9] $memory\mem$rdmux[0][5][20]$a$4390 [7:5] $memory\mem$rdmux[0][5][20]$a$4390 [3] 2'10 }, B={ 9'000000000 $memory\mem$rdmux[0][5][20]$b$4391 [0] $memory\mem$rdmux[0][5][20]$b$4391 [2] $memory\mem$rdmux[0][5][20]$b$4391 [0] }, Y={ $memory\mem$rdmux[0][4][10]$a$4312 [26] $memory\mem$rdmux[0][4][10]$a$4312 [22] $memory\mem$rdmux[0][4][10]$a$4312 [13] $memory\mem$rdmux[0][4][10]$a$4312 [11:9] $memory\mem$rdmux[0][4][10]$a$4312 [7:5] $memory\mem$rdmux[0][4][10]$a$4312 [3:2] $memory\mem$rdmux[0][4][10]$a$4312 [0] }
      New connections: { $memory\mem$rdmux[0][4][10]$a$4312 [29:27] $memory\mem$rdmux[0][4][10]$a$4312 [25:23] $memory\mem$rdmux[0][4][10]$a$4312 [21:14] $memory\mem$rdmux[0][4][10]$a$4312 [12] $memory\mem$rdmux[0][4][10]$a$4312 [8] $memory\mem$rdmux[0][4][10]$a$4312 [4] $memory\mem$rdmux[0][4][10]$a$4312 [1] } = { 1'0 $memory\mem$rdmux[0][4][10]$a$4312 [5] 4'0000 $memory\mem$rdmux[0][4][10]$a$4312 [11] $memory\mem$rdmux[0][4][10]$a$4312 [7] $memory\mem$rdmux[0][4][10]$a$4312 [5] $memory\mem$rdmux[0][4][10]$a$4312 [13] $memory\mem$rdmux[0][4][10]$a$4312 [11] $memory\mem$rdmux[0][4][10]$a$4312 [9] $memory\mem$rdmux[0][4][10]$a$4312 [11] 1'0 $memory\mem$rdmux[0][4][10]$a$4312 [5] 1'0 $memory\mem$rdmux[0][4][10]$a$4312 [0] $memory\mem$rdmux[0][4][10]$a$4312 [0] }
    Consolidated identical input bits for $mux cell $memory\mem$rdmux[0][5][19]$4386:
      Old ports: A=$memory\mem$rdmux[0][5][19]$a$4387, B=$memory\mem$rdmux[0][5][19]$b$4388, Y=$memory\mem$rdmux[0][4][9]$b$4310
      New ports: A={ $memory\mem$rdmux[0][5][19]$a$4387 [18] $memory\mem$rdmux[0][5][19]$a$4387 [16] 1'0 $memory\mem$rdmux[0][5][19]$a$4387 [16] 1'0 $memory\mem$rdmux[0][5][19]$a$4387 [10] $memory\mem$rdmux[0][5][19]$a$4387 [18] $memory\mem$rdmux[0][5][19]$a$4387 [20] $memory\mem$rdmux[0][5][19]$a$4387 [15] $memory\mem$rdmux[0][5][19]$a$4387 [18] $memory\mem$rdmux[0][5][19]$a$4387 [10] $memory\mem$rdmux[0][5][19]$a$4387 [16:15] $memory\mem$rdmux[0][5][19]$a$4387 [11] $memory\mem$rdmux[0][5][19]$a$4387 [11] 1'1 $memory\mem$rdmux[0][5][19]$a$4387 [11:10] $memory\mem$rdmux[0][5][19]$a$4387 [7] $memory\mem$rdmux[0][5][19]$a$4387 [3] $memory\mem$rdmux[0][5][19]$a$4387 [7] $memory\mem$rdmux[0][5][19]$a$4387 [3] $memory\mem$rdmux[0][5][19]$a$4387 [5] $memory\mem$rdmux[0][5][19]$a$4387 [3] }, B={ $memory\mem$rdmux[0][5][19]$b$4388 [9] 1'0 $memory\mem$rdmux[0][5][19]$b$4388 [25] $memory\mem$rdmux[0][5][19]$b$4388 [9] $memory\mem$rdmux[0][5][19]$b$4388 [9:8] 1'0 $memory\mem$rdmux[0][5][19]$b$4388 [6] $memory\mem$rdmux[0][5][19]$b$4388 [6] $memory\mem$rdmux[0][5][19]$b$4388 [18:17] $memory\mem$rdmux[0][5][19]$b$4388 [13] $memory\mem$rdmux[0][5][19]$b$4388 [15] $memory\mem$rdmux[0][5][19]$b$4388 [10] $memory\mem$rdmux[0][5][19]$b$4388 [13] $memory\mem$rdmux[0][5][19]$b$4388 [9] 1'0 $memory\mem$rdmux[0][5][19]$b$4388 [10:8] $memory\mem$rdmux[0][5][19]$b$4388 [6] $memory\mem$rdmux[0][5][19]$b$4388 [6:5] 1'0 }, Y={ $memory\mem$rdmux[0][4][9]$b$4310 [28:27] $memory\mem$rdmux[0][4][9]$b$4310 [25:5] $memory\mem$rdmux[0][4][9]$b$4310 [3] }
      New connections: { $memory\mem$rdmux[0][4][9]$b$4310 [29] $memory\mem$rdmux[0][4][9]$b$4310 [26] $memory\mem$rdmux[0][4][9]$b$4310 [4] $memory\mem$rdmux[0][4][9]$b$4310 [2:0] } = { $memory\mem$rdmux[0][4][9]$b$4310 [24] 5'00100 }
    Consolidated identical input bits for $mux cell $memory\mem$rdmux[0][5][18]$4383:
      Old ports: A=$memory\mem$rdmux[0][5][18]$a$4384, B=$memory\mem$rdmux[0][5][18]$b$4385, Y=$memory\mem$rdmux[0][4][9]$a$4309
      New ports: A={ $memory\mem$rdmux[0][5][18]$a$4384 [8] $memory\mem$rdmux[0][5][18]$a$4384 [8] 1'0 $memory\mem$rdmux[0][5][18]$a$4384 [22:21] 1'1 $memory\mem$rdmux[0][5][18]$a$4384 [19] $memory\mem$rdmux[0][5][18]$a$4384 [6] $memory\mem$rdmux[0][5][18]$a$4384 [15] $memory\mem$rdmux[0][5][18]$a$4384 [15] $memory\mem$rdmux[0][5][18]$a$4384 [11] $memory\mem$rdmux[0][5][18]$a$4384 [11] $memory\mem$rdmux[0][5][18]$a$4384 [9] $memory\mem$rdmux[0][5][18]$a$4384 [11:8] $memory\mem$rdmux[0][5][18]$a$4384 [3] $memory\mem$rdmux[0][5][18]$a$4384 [6:5] $memory\mem$rdmux[0][5][18]$a$4384 [3] }, B={ $memory\mem$rdmux[0][5][18]$b$4385 [13] 1'0 $memory\mem$rdmux[0][5][18]$b$4385 [13] 1'1 $memory\mem$rdmux[0][5][18]$b$4385 [14] $memory\mem$rdmux[0][5][18]$b$4385 [6] $memory\mem$rdmux[0][5][18]$b$4385 [19] 1'1 $memory\mem$rdmux[0][5][18]$b$4385 [16] $memory\mem$rdmux[0][5][18]$b$4385 [6] $memory\mem$rdmux[0][5][18]$b$4385 [14:13] $memory\mem$rdmux[0][5][18]$b$4385 [3] 1'1 $memory\mem$rdmux[0][5][18]$b$4385 [10:8] $memory\mem$rdmux[0][5][18]$b$4385 [6] $memory\mem$rdmux[0][5][18]$b$4385 [6:5] $memory\mem$rdmux[0][5][18]$b$4385 [3] }, Y={ $memory\mem$rdmux[0][4][9]$a$4309 [29:28] $memory\mem$rdmux[0][4][9]$a$4309 [23:18] $memory\mem$rdmux[0][4][9]$a$4309 [16:5] $memory\mem$rdmux[0][4][9]$a$4309 [3] }
      New connections: { $memory\mem$rdmux[0][4][9]$a$4309 [27:24] $memory\mem$rdmux[0][4][9]$a$4309 [17] $memory\mem$rdmux[0][4][9]$a$4309 [4] $memory\mem$rdmux[0][4][9]$a$4309 [2:0] } = { $memory\mem$rdmux[0][4][9]$a$4309 [23] 3'000 $memory\mem$rdmux[0][4][9]$a$4309 [12] 4'0100 }
    Consolidated identical input bits for $mux cell $memory\mem$rdmux[0][5][17]$4380:
      Old ports: A=$memory\mem$rdmux[0][5][17]$a$4381, B=$memory\mem$rdmux[0][5][17]$b$4382, Y=$memory\mem$rdmux[0][4][8]$b$4307
      New ports: A={ $memory\mem$rdmux[0][5][17]$a$4381 [9] 1'0 $memory\mem$rdmux[0][5][17]$a$4381 [27] $memory\mem$rdmux[0][5][17]$a$4381 [14] $memory\mem$rdmux[0][5][17]$a$4381 [14] 2'01 $memory\mem$rdmux[0][5][17]$a$4381 [19] $memory\mem$rdmux[0][5][17]$a$4381 [20:19] $memory\mem$rdmux[0][5][17]$a$4381 [8] $memory\mem$rdmux[0][5][17]$a$4381 [17] $memory\mem$rdmux[0][5][17]$a$4381 [8] 1'0 $memory\mem$rdmux[0][5][17]$a$4381 [14:12] 1'1 $memory\mem$rdmux[0][5][17]$a$4381 [10:7] 1'0 $memory\mem$rdmux[0][5][17]$a$4381 [3] $memory\mem$rdmux[0][5][17]$a$4381 [3] }, B={ $memory\mem$rdmux[0][5][17]$b$4382 [18] $memory\mem$rdmux[0][5][17]$b$4382 [8] $memory\mem$rdmux[0][5][17]$b$4382 [8] $memory\mem$rdmux[0][5][17]$b$4382 [8] $memory\mem$rdmux[0][5][17]$b$4382 [12] $memory\mem$rdmux[0][5][17]$b$4382 [18] $memory\mem$rdmux[0][5][17]$b$4382 [12] $memory\mem$rdmux[0][5][17]$b$4382 [21] $memory\mem$rdmux[0][5][17]$b$4382 [8] $memory\mem$rdmux[0][5][17]$b$4382 [13] $memory\mem$rdmux[0][5][17]$b$4382 [18] $memory\mem$rdmux[0][5][17]$b$4382 [15] $memory\mem$rdmux[0][5][17]$b$4382 [16:15] $memory\mem$rdmux[0][5][17]$b$4382 [6] $memory\mem$rdmux[0][5][17]$b$4382 [13:11] $memory\mem$rdmux[0][5][17]$b$4382 [3] $memory\mem$rdmux[0][5][17]$b$4382 [9:6] 1'0 $memory\mem$rdmux[0][5][17]$b$4382 [3] }, Y={ $memory\mem$rdmux[0][4][8]$b$4307 [29:26] $memory\mem$rdmux[0][4][8]$b$4307 [24:5] $memory\mem$rdmux[0][4][8]$b$4307 [3] }
      New connections: { $memory\mem$rdmux[0][4][8]$b$4307 [25] $memory\mem$rdmux[0][4][8]$b$4307 [4] $memory\mem$rdmux[0][4][8]$b$4307 [2:0] } = { $memory\mem$rdmux[0][4][8]$b$4307 [23] 4'0100 }
    Consolidated identical input bits for $mux cell $memory\mem$rdmux[0][5][16]$4377:
      Old ports: A=$memory\mem$rdmux[0][5][16]$a$4378, B=$memory\mem$rdmux[0][5][16]$b$4379, Y=$memory\mem$rdmux[0][4][8]$a$4306
      New ports: A={ $memory\mem$rdmux[0][5][16]$a$4378 [14] $memory\mem$rdmux[0][5][16]$a$4378 [17] 1'0 $memory\mem$rdmux[0][5][16]$a$4378 [23] $memory\mem$rdmux[0][5][16]$a$4378 [23:22] $memory\mem$rdmux[0][5][16]$a$4378 [3] $memory\mem$rdmux[0][5][16]$a$4378 [8] $memory\mem$rdmux[0][5][16]$a$4378 [8] $memory\mem$rdmux[0][5][16]$a$4378 [17:16] $memory\mem$rdmux[0][5][16]$a$4378 [14] 1'1 $memory\mem$rdmux[0][5][16]$a$4378 [12] $memory\mem$rdmux[0][5][16]$a$4378 [7] $memory\mem$rdmux[0][5][16]$a$4378 [10] 1'1 $memory\mem$rdmux[0][5][16]$a$4378 [8:5] $memory\mem$rdmux[0][5][16]$a$4378 [3] }, B={ $memory\mem$rdmux[0][5][16]$b$4379 [11] 1'0 $memory\mem$rdmux[0][5][16]$b$4379 [11] 1'0 $memory\mem$rdmux[0][5][16]$b$4379 [11] $memory\mem$rdmux[0][5][16]$b$4379 [18] $memory\mem$rdmux[0][5][16]$b$4379 [11] $memory\mem$rdmux[0][5][16]$b$4379 [3] $memory\mem$rdmux[0][5][16]$b$4379 [18] $memory\mem$rdmux[0][5][16]$b$4379 [3] $memory\mem$rdmux[0][5][16]$b$4379 [9] $memory\mem$rdmux[0][5][16]$b$4379 [3] $memory\mem$rdmux[0][5][16]$b$4379 [5] 1'0 $memory\mem$rdmux[0][5][16]$b$4379 [11:8] $memory\mem$rdmux[0][5][16]$b$4379 [3] $memory\mem$rdmux[0][5][16]$b$4379 [6:5] $memory\mem$rdmux[0][5][16]$b$4379 [3] }, Y={ $memory\mem$rdmux[0][4][8]$a$4306 [29:28] $memory\mem$rdmux[0][4][8]$a$4306 [26:25] $memory\mem$rdmux[0][4][8]$a$4306 [23:21] $memory\mem$rdmux[0][4][8]$a$4306 [19:16] $memory\mem$rdmux[0][4][8]$a$4306 [14:5] $memory\mem$rdmux[0][4][8]$a$4306 [3] }
      New connections: { $memory\mem$rdmux[0][4][8]$a$4306 [27] $memory\mem$rdmux[0][4][8]$a$4306 [24] $memory\mem$rdmux[0][4][8]$a$4306 [20] $memory\mem$rdmux[0][4][8]$a$4306 [15] $memory\mem$rdmux[0][4][8]$a$4306 [4] $memory\mem$rdmux[0][4][8]$a$4306 [2:0] } = { $memory\mem$rdmux[0][4][8]$a$4306 [11] 1'0 $memory\mem$rdmux[0][4][8]$a$4306 [10] $memory\mem$rdmux[0][4][8]$a$4306 [12] 4'0100 }
    Consolidated identical input bits for $mux cell $memory\mem$rdmux[0][5][15]$4374:
      Old ports: A=$memory\mem$rdmux[0][5][15]$a$4375, B=$memory\mem$rdmux[0][5][15]$b$4376, Y=$memory\mem$rdmux[0][4][7]$b$4304
      New ports: A={ $memory\mem$rdmux[0][5][15]$a$4375 [15] $memory\mem$rdmux[0][5][15]$a$4375 [15] 1'0 $memory\mem$rdmux[0][5][15]$a$4375 [21] $memory\mem$rdmux[0][5][15]$a$4375 [22:21] $memory\mem$rdmux[0][5][15]$a$4375 [15] 1'0 $memory\mem$rdmux[0][5][15]$a$4375 [12:11] $memory\mem$rdmux[0][5][15]$a$4375 [11] $memory\mem$rdmux[0][5][15]$a$4375 [15] $memory\mem$rdmux[0][5][15]$a$4375 [13:11] 1'0 $memory\mem$rdmux[0][5][15]$a$4375 [9:8] $memory\mem$rdmux[0][5][15]$a$4375 [3] $memory\mem$rdmux[0][5][15]$a$4375 [3] $memory\mem$rdmux[0][5][15]$a$4375 [5] $memory\mem$rdmux[0][5][15]$a$4375 [3] }, B={ $memory\mem$rdmux[0][5][15]$b$4376 [10] $memory\mem$rdmux[0][5][15]$b$4376 [11] $memory\mem$rdmux[0][5][15]$b$4376 [11] $memory\mem$rdmux[0][5][15]$b$4376 [11] $memory\mem$rdmux[0][5][15]$b$4376 [5] $memory\mem$rdmux[0][5][15]$b$4376 [3] $memory\mem$rdmux[0][5][15]$b$4376 [19] $memory\mem$rdmux[0][5][15]$b$4376 [19] $memory\mem$rdmux[0][5][15]$b$4376 [17] $memory\mem$rdmux[0][5][15]$b$4376 [17] $memory\mem$rdmux[0][5][15]$b$4376 [5] 1'0 $memory\mem$rdmux[0][5][15]$b$4376 [10] $memory\mem$rdmux[0][5][15]$b$4376 [10] $memory\mem$rdmux[0][5][15]$b$4376 [11:10] $memory\mem$rdmux[0][5][15]$b$4376 [7] $memory\mem$rdmux[0][5][15]$b$4376 [8:5] $memory\mem$rdmux[0][5][15]$b$4376 [3] }, Y={ $memory\mem$rdmux[0][4][7]$b$4304 [28] $memory\mem$rdmux[0][4][7]$b$4304 [25:15] $memory\mem$rdmux[0][4][7]$b$4304 [13:5] $memory\mem$rdmux[0][4][7]$b$4304 [3] }
      New connections: { $memory\mem$rdmux[0][4][7]$b$4304 [29] $memory\mem$rdmux[0][4][7]$b$4304 [27:26] $memory\mem$rdmux[0][4][7]$b$4304 [14] $memory\mem$rdmux[0][4][7]$b$4304 [4] $memory\mem$rdmux[0][4][7]$b$4304 [2:0] } = { $memory\mem$rdmux[0][4][7]$b$4304 [15] $memory\mem$rdmux[0][4][7]$b$4304 [24] $memory\mem$rdmux[0][4][7]$b$4304 [15] $memory\mem$rdmux[0][4][7]$b$4304 [9] 4'0100 }
    Consolidated identical input bits for $mux cell $memory\mem$rdmux[0][5][14]$4371:
      Old ports: A=$memory\mem$rdmux[0][5][14]$a$4372, B=$memory\mem$rdmux[0][5][14]$b$4373, Y=$memory\mem$rdmux[0][4][7]$a$4303
      New ports: A={ 1'0 $memory\mem$rdmux[0][5][14]$a$4372 [16] 2'00 $memory\mem$rdmux[0][5][14]$a$4372 [16] $memory\mem$rdmux[0][5][14]$a$4372 [14] $memory\mem$rdmux[0][5][14]$a$4372 [19] 1'1 $memory\mem$rdmux[0][5][14]$a$4372 [10] $memory\mem$rdmux[0][5][14]$a$4372 [16:14] $memory\mem$rdmux[0][5][14]$a$4372 [12] $memory\mem$rdmux[0][5][14]$a$4372 [12] 1'1 $memory\mem$rdmux[0][5][14]$a$4372 [10:9] $memory\mem$rdmux[0][5][14]$a$4372 [6:5] $memory\mem$rdmux[0][5][14]$a$4372 [6:5] $memory\mem$rdmux[0][5][14]$a$4372 [3] }, B={ $memory\mem$rdmux[0][5][14]$b$4373 [28] $memory\mem$rdmux[0][5][14]$b$4373 [7] $memory\mem$rdmux[0][5][14]$b$4373 [23] $memory\mem$rdmux[0][5][14]$b$4373 [19] $memory\mem$rdmux[0][5][14]$b$4373 [12] $memory\mem$rdmux[0][5][14]$b$4373 [6] $memory\mem$rdmux[0][5][14]$b$4373 [19] $memory\mem$rdmux[0][5][14]$b$4373 [14] $memory\mem$rdmux[0][5][14]$b$4373 [17:16] $memory\mem$rdmux[0][5][14]$b$4373 [14] $memory\mem$rdmux[0][5][14]$b$4373 [14] 1'0 $memory\mem$rdmux[0][5][14]$b$4373 [12] 2'00 $memory\mem$rdmux[0][5][14]$b$4373 [9] 1'1 $memory\mem$rdmux[0][5][14]$b$4373 [7:5] $memory\mem$rdmux[0][5][14]$b$4373 [3] }, Y={ $memory\mem$rdmux[0][4][7]$a$4303 [28] $memory\mem$rdmux[0][4][7]$a$4303 [24:5] $memory\mem$rdmux[0][4][7]$a$4303 [3] }
      New connections: { $memory\mem$rdmux[0][4][7]$a$4303 [29] $memory\mem$rdmux[0][4][7]$a$4303 [27:25] $memory\mem$rdmux[0][4][7]$a$4303 [4] $memory\mem$rdmux[0][4][7]$a$4303 [2:0] } = { $memory\mem$rdmux[0][4][7]$a$4303 [21] $memory\mem$rdmux[0][4][7]$a$4303 [23] $memory\mem$rdmux[0][4][7]$a$4303 [21] $memory\mem$rdmux[0][4][7]$a$4303 [21] 4'0100 }
    Consolidated identical input bits for $mux cell $memory\mem$rdmux[0][5][13]$4368:
      Old ports: A=$memory\mem$rdmux[0][5][13]$a$4369, B=$memory\mem$rdmux[0][5][13]$b$4370, Y=$memory\mem$rdmux[0][4][6]$b$4301
      New ports: A={ 3'000 $memory\mem$rdmux[0][5][13]$a$4369 [7] $memory\mem$rdmux[0][5][13]$a$4369 [21] $memory\mem$rdmux[0][5][13]$a$4369 [14] $memory\mem$rdmux[0][5][13]$a$4369 [19] $memory\mem$rdmux[0][5][13]$a$4369 [8] $memory\mem$rdmux[0][5][13]$a$4369 [14] $memory\mem$rdmux[0][5][13]$a$4369 [14] $memory\mem$rdmux[0][5][13]$a$4369 [14] $memory\mem$rdmux[0][5][13]$a$4369 [5] $memory\mem$rdmux[0][5][13]$a$4369 [12] 2'10 $memory\mem$rdmux[0][5][13]$a$4369 [9:5] 1'1 }, B={ $memory\mem$rdmux[0][5][13]$b$4370 [26:25] $memory\mem$rdmux[0][5][13]$b$4370 [11] $memory\mem$rdmux[0][5][13]$b$4370 [22] 1'0 $memory\mem$rdmux[0][5][13]$b$4370 [20] $memory\mem$rdmux[0][5][13]$b$4370 [9] $memory\mem$rdmux[0][5][13]$b$4370 [12] 2'10 $memory\mem$rdmux[0][5][13]$b$4370 [5] $memory\mem$rdmux[0][5][13]$b$4370 [13:11] 1'1 $memory\mem$rdmux[0][5][13]$b$4370 [9] $memory\mem$rdmux[0][5][13]$b$4370 [3] $memory\mem$rdmux[0][5][13]$b$4370 [3] $memory\mem$rdmux[0][5][13]$b$4370 [6:5] $memory\mem$rdmux[0][5][13]$b$4370 [3] }, Y={ $memory\mem$rdmux[0][4][6]$b$4301 [26:24] $memory\mem$rdmux[0][4][6]$b$4301 [22:17] $memory\mem$rdmux[0][4][6]$b$4301 [15:5] $memory\mem$rdmux[0][4][6]$b$4301 [3] }
      New connections: { $memory\mem$rdmux[0][4][6]$b$4301 [29:27] $memory\mem$rdmux[0][4][6]$b$4301 [23] $memory\mem$rdmux[0][4][6]$b$4301 [16] $memory\mem$rdmux[0][4][6]$b$4301 [4] $memory\mem$rdmux[0][4][6]$b$4301 [2:0] } = { $memory\mem$rdmux[0][4][6]$b$4301 [25] 3'000 $memory\mem$rdmux[0][4][6]$b$4301 [10] 4'0100 }
    Consolidated identical input bits for $mux cell $memory\mem$rdmux[0][5][12]$4365:
      Old ports: A=$memory\mem$rdmux[0][5][12]$a$4366, B=$memory\mem$rdmux[0][5][12]$b$4367, Y=$memory\mem$rdmux[0][4][6]$a$4300
      New ports: A={ $memory\mem$rdmux[0][5][12]$a$4366 [20] $memory\mem$rdmux[0][5][12]$a$4366 [17] $memory\mem$rdmux[0][5][12]$a$4366 [26] $memory\mem$rdmux[0][5][12]$a$4366 [10:9] $memory\mem$rdmux[0][5][12]$a$4366 [20] $memory\mem$rdmux[0][5][12]$a$4366 [20] $memory\mem$rdmux[0][5][12]$a$4366 [9] $memory\mem$rdmux[0][5][12]$a$4366 [10] $memory\mem$rdmux[0][5][12]$a$4366 [17] $memory\mem$rdmux[0][5][12]$a$4366 [9] $memory\mem$rdmux[0][5][12]$a$4366 [12] $memory\mem$rdmux[0][5][12]$a$4366 [6] $memory\mem$rdmux[0][5][12]$a$4366 [13:9] $memory\mem$rdmux[0][5][12]$a$4366 [6] 1'0 $memory\mem$rdmux[0][5][12]$a$4366 [6:5] $memory\mem$rdmux[0][5][12]$a$4366 [3] }, B={ 4'0000 $memory\mem$rdmux[0][5][12]$b$4367 [10] $memory\mem$rdmux[0][5][12]$b$4367 [6] $memory\mem$rdmux[0][5][12]$b$4367 [20] $memory\mem$rdmux[0][5][12]$b$4367 [6:5] $memory\mem$rdmux[0][5][12]$b$4367 [17:16] $memory\mem$rdmux[0][5][12]$b$4367 [5] $memory\mem$rdmux[0][5][12]$b$4367 [14:12] 1'1 $memory\mem$rdmux[0][5][12]$b$4367 [10:9] 1'0 $memory\mem$rdmux[0][5][12]$b$4367 [7:5] 1'1 }, Y={ $memory\mem$rdmux[0][4][6]$a$4300 [29:28] $memory\mem$rdmux[0][4][6]$a$4300 [26] $memory\mem$rdmux[0][4][6]$a$4300 [23:5] $memory\mem$rdmux[0][4][6]$a$4300 [3] }
      New connections: { $memory\mem$rdmux[0][4][6]$a$4300 [27] $memory\mem$rdmux[0][4][6]$a$4300 [25:24] $memory\mem$rdmux[0][4][6]$a$4300 [4] $memory\mem$rdmux[0][4][6]$a$4300 [2:0] } = { $memory\mem$rdmux[0][4][6]$a$4300 [23] $memory\mem$rdmux[0][4][6]$a$4300 [8] $memory\mem$rdmux[0][4][6]$a$4300 [8] 4'0100 }
    Consolidated identical input bits for $mux cell $memory\mem$rdmux[0][5][11]$4362:
      Old ports: A=$memory\mem$rdmux[0][5][11]$a$4363, B=$memory\mem$rdmux[0][5][11]$b$4364, Y=$memory\mem$rdmux[0][4][5]$b$4298
      New ports: A={ $memory\mem$rdmux[0][5][11]$a$4363 [24] $memory\mem$rdmux[0][5][11]$a$4363 [24] $memory\mem$rdmux[0][5][11]$a$4363 [22] $memory\mem$rdmux[0][5][11]$a$4363 [3] 2'01 $memory\mem$rdmux[0][5][11]$a$4363 [18] $memory\mem$rdmux[0][5][11]$a$4363 [3] $memory\mem$rdmux[0][5][11]$a$4363 [11] $memory\mem$rdmux[0][5][11]$a$4363 [9] 1'0 $memory\mem$rdmux[0][5][11]$a$4363 [11:9] 1'1 $memory\mem$rdmux[0][5][11]$a$4363 [7:5] $memory\mem$rdmux[0][5][11]$a$4363 [3] }, B={ $memory\mem$rdmux[0][5][11]$b$4364 [12] 1'0 $memory\mem$rdmux[0][5][11]$b$4364 [3] $memory\mem$rdmux[0][5][11]$b$4364 [21] 1'1 $memory\mem$rdmux[0][5][11]$b$4364 [6] $memory\mem$rdmux[0][5][11]$b$4364 [12] $memory\mem$rdmux[0][5][11]$b$4364 [6] $memory\mem$rdmux[0][5][11]$b$4364 [12] $memory\mem$rdmux[0][5][11]$b$4364 [3] $memory\mem$rdmux[0][5][11]$b$4364 [12:11] 1'1 $memory\mem$rdmux[0][5][11]$b$4364 [9] $memory\mem$rdmux[0][5][11]$b$4364 [7] $memory\mem$rdmux[0][5][11]$b$4364 [7:5] $memory\mem$rdmux[0][5][11]$b$4364 [3] }, Y={ $memory\mem$rdmux[0][4][5]$b$4298 [28] $memory\mem$rdmux[0][4][5]$b$4298 [24] $memory\mem$rdmux[0][4][5]$b$4298 [22:17] $memory\mem$rdmux[0][4][5]$b$4298 [15] $memory\mem$rdmux[0][4][5]$b$4298 [13:5] $memory\mem$rdmux[0][4][5]$b$4298 [3] }
      New connections: { $memory\mem$rdmux[0][4][5]$b$4298 [29] $memory\mem$rdmux[0][4][5]$b$4298 [27:25] $memory\mem$rdmux[0][4][5]$b$4298 [23] $memory\mem$rdmux[0][4][5]$b$4298 [16] $memory\mem$rdmux[0][4][5]$b$4298 [14] $memory\mem$rdmux[0][4][5]$b$4298 [4] $memory\mem$rdmux[0][4][5]$b$4298 [2:0] } = { 5'00000 $memory\mem$rdmux[0][4][5]$b$4298 [7] $memory\mem$rdmux[0][4][5]$b$4298 [5] 4'0100 }
    Consolidated identical input bits for $mux cell $memory\mem$rdmux[0][5][10]$4359:
      Old ports: A=$memory\mem$rdmux[0][5][10]$a$4360, B=$memory\mem$rdmux[0][5][10]$b$4361, Y=$memory\mem$rdmux[0][4][5]$a$4297
      New ports: A={ $memory\mem$rdmux[0][5][10]$a$4360 [5] $memory\mem$rdmux[0][5][10]$a$4360 [5] $memory\mem$rdmux[0][5][10]$a$4360 [7] $memory\mem$rdmux[0][5][10]$a$4360 [13] $memory\mem$rdmux[0][5][10]$a$4360 [7] 1'1 $memory\mem$rdmux[0][5][10]$a$4360 [17:16] $memory\mem$rdmux[0][5][10]$a$4360 [7] $memory\mem$rdmux[0][5][10]$a$4360 [14:13] $memory\mem$rdmux[0][5][10]$a$4360 [5] 1'0 $memory\mem$rdmux[0][5][10]$a$4360 [10] $memory\mem$rdmux[0][5][10]$a$4360 [7:6] $memory\mem$rdmux[0][5][10]$a$4360 [7:5] $memory\mem$rdmux[0][5][10]$a$4360 [3] }, B={ $memory\mem$rdmux[0][5][10]$b$4361 [16] 1'0 $memory\mem$rdmux[0][5][10]$b$4361 [22] $memory\mem$rdmux[0][5][10]$b$4361 [14] $memory\mem$rdmux[0][5][10]$b$4361 [16] 2'00 $memory\mem$rdmux[0][5][10]$b$4361 [16] 1'0 $memory\mem$rdmux[0][5][10]$b$4361 [14] $memory\mem$rdmux[0][5][10]$b$4361 [6] $memory\mem$rdmux[0][5][10]$b$4361 [8] $memory\mem$rdmux[0][5][10]$b$4361 [11] 1'1 $memory\mem$rdmux[0][5][10]$b$4361 [9:5] $memory\mem$rdmux[0][5][10]$b$4361 [3] }, Y={ $memory\mem$rdmux[0][4][5]$a$4297 [28] $memory\mem$rdmux[0][4][5]$a$4297 [23:22] $memory\mem$rdmux[0][4][5]$a$4297 [20:5] $memory\mem$rdmux[0][4][5]$a$4297 [3] }
      New connections: { $memory\mem$rdmux[0][4][5]$a$4297 [29] $memory\mem$rdmux[0][4][5]$a$4297 [27:24] $memory\mem$rdmux[0][4][5]$a$4297 [21] $memory\mem$rdmux[0][4][5]$a$4297 [4] $memory\mem$rdmux[0][4][5]$a$4297 [2:0] } = { $memory\mem$rdmux[0][4][5]$a$4297 [23] $memory\mem$rdmux[0][4][5]$a$4297 [23] $memory\mem$rdmux[0][4][5]$a$4297 [23] 1'0 $memory\mem$rdmux[0][4][5]$a$4297 [23] $memory\mem$rdmux[0][4][5]$a$4297 [10] 4'0100 }
    Consolidated identical input bits for $mux cell $memory\mem$rdmux[0][5][9]$4356:
      Old ports: A=$memory\mem$rdmux[0][5][9]$a$4357, B=$memory\mem$rdmux[0][5][9]$b$4358, Y=$memory\mem$rdmux[0][4][4]$b$4295
      New ports: A={ $memory\mem$rdmux[0][5][9]$a$4357 [9] $memory\mem$rdmux[0][5][9]$a$4357 [15] $memory\mem$rdmux[0][5][9]$a$4357 [20:18] $memory\mem$rdmux[0][5][9]$a$4357 [7] $memory\mem$rdmux[0][5][9]$a$4357 [15] $memory\mem$rdmux[0][5][9]$a$4357 [7] $memory\mem$rdmux[0][5][9]$a$4357 [13] 1'1 $memory\mem$rdmux[0][5][9]$a$4357 [11] $memory\mem$rdmux[0][5][9]$a$4357 [9] $memory\mem$rdmux[0][5][9]$a$4357 [9] $memory\mem$rdmux[0][5][9]$a$4357 [7] $memory\mem$rdmux[0][5][9]$a$4357 [7:6] 1'0 $memory\mem$rdmux[0][5][9]$a$4357 [3] }, B={ $memory\mem$rdmux[0][5][9]$b$4358 [15] $memory\mem$rdmux[0][5][9]$b$4358 [8] $memory\mem$rdmux[0][5][9]$b$4358 [20] $memory\mem$rdmux[0][5][9]$b$4358 [10:9] $memory\mem$rdmux[0][5][9]$b$4358 [16:14] $memory\mem$rdmux[0][5][9]$b$4358 [10] $memory\mem$rdmux[0][5][9]$b$4358 [5] $memory\mem$rdmux[0][5][9]$b$4358 [5] $memory\mem$rdmux[0][5][9]$b$4358 [10:8] $memory\mem$rdmux[0][5][9]$b$4358 [6] $memory\mem$rdmux[0][5][9]$b$4358 [6:5] $memory\mem$rdmux[0][5][9]$b$4358 [3] }, Y={ $memory\mem$rdmux[0][4][4]$b$4295 [28] $memory\mem$rdmux[0][4][4]$b$4295 [21:18] $memory\mem$rdmux[0][4][4]$b$4295 [16:5] $memory\mem$rdmux[0][4][4]$b$4295 [3] }
      New connections: { $memory\mem$rdmux[0][4][4]$b$4295 [29] $memory\mem$rdmux[0][4][4]$b$4295 [27:22] $memory\mem$rdmux[0][4][4]$b$4295 [17] $memory\mem$rdmux[0][4][4]$b$4295 [4] $memory\mem$rdmux[0][4][4]$b$4295 [2:0] } = { 6'000000 $memory\mem$rdmux[0][4][4]$b$4295 [19] $memory\mem$rdmux[0][4][4]$b$4295 [3] 4'0100 }
    Consolidated identical input bits for $mux cell $memory\mem$rdmux[0][5][8]$4353:
      Old ports: A=$memory\mem$rdmux[0][5][8]$a$4354, B=$memory\mem$rdmux[0][5][8]$b$4355, Y=$memory\mem$rdmux[0][4][4]$a$4294
      New ports: A={ $memory\mem$rdmux[0][5][8]$a$4354 [12] $memory\mem$rdmux[0][5][8]$a$4354 [16] $memory\mem$rdmux[0][5][8]$a$4354 [5] $memory\mem$rdmux[0][5][8]$a$4354 [19] $memory\mem$rdmux[0][5][8]$a$4354 [3] 1'1 $memory\mem$rdmux[0][5][8]$a$4354 [16] $memory\mem$rdmux[0][5][8]$a$4354 [7] $memory\mem$rdmux[0][5][8]$a$4354 [14] $memory\mem$rdmux[0][5][8]$a$4354 [5] $memory\mem$rdmux[0][5][8]$a$4354 [12] $memory\mem$rdmux[0][5][8]$a$4354 [10] $memory\mem$rdmux[0][5][8]$a$4354 [3] $memory\mem$rdmux[0][5][8]$a$4354 [5] $memory\mem$rdmux[0][5][8]$a$4354 [7] 1'1 $memory\mem$rdmux[0][5][8]$a$4354 [5] $memory\mem$rdmux[0][5][8]$a$4354 [3] }, B={ 1'0 $memory\mem$rdmux[0][5][8]$b$4355 [9] $memory\mem$rdmux[0][5][8]$b$4355 [7] $memory\mem$rdmux[0][5][8]$b$4355 [5] $memory\mem$rdmux[0][5][8]$b$4355 [16] $memory\mem$rdmux[0][5][8]$b$4355 [3] $memory\mem$rdmux[0][5][8]$b$4355 [16] $memory\mem$rdmux[0][5][8]$b$4355 [10] $memory\mem$rdmux[0][5][8]$b$4355 [3] $memory\mem$rdmux[0][5][8]$b$4355 [13] $memory\mem$rdmux[0][5][8]$b$4355 [3] $memory\mem$rdmux[0][5][8]$b$4355 [10:7] 1'0 $memory\mem$rdmux[0][5][8]$b$4355 [5] $memory\mem$rdmux[0][5][8]$b$4355 [3] }, Y={ $memory\mem$rdmux[0][4][4]$a$4294 [23:21] $memory\mem$rdmux[0][4][4]$a$4294 [19:12] $memory\mem$rdmux[0][4][4]$a$4294 [10:5] $memory\mem$rdmux[0][4][4]$a$4294 [3] }
      New connections: { $memory\mem$rdmux[0][4][4]$a$4294 [29:24] $memory\mem$rdmux[0][4][4]$a$4294 [20] $memory\mem$rdmux[0][4][4]$a$4294 [11] $memory\mem$rdmux[0][4][4]$a$4294 [4] $memory\mem$rdmux[0][4][4]$a$4294 [2:0] } = { 2'00 $memory\mem$rdmux[0][4][4]$a$4294 [23] 3'000 $memory\mem$rdmux[0][4][4]$a$4294 [5] $memory\mem$rdmux[0][4][4]$a$4294 [3] 4'0100 }
    Consolidated identical input bits for $mux cell $memory\mem$rdmux[0][5][7]$4350:
      Old ports: A=$memory\mem$rdmux[0][5][7]$a$4351, B=$memory\mem$rdmux[0][5][7]$b$4352, Y=$memory\mem$rdmux[0][4][3]$b$4292
      New ports: A={ $memory\mem$rdmux[0][5][7]$a$4351 [13] $memory\mem$rdmux[0][5][7]$a$4351 [13] $memory\mem$rdmux[0][5][7]$a$4351 [13] 1'0 $memory\mem$rdmux[0][5][7]$a$4351 [13] $memory\mem$rdmux[0][5][7]$a$4351 [3] $memory\mem$rdmux[0][5][7]$a$4351 [19] $memory\mem$rdmux[0][5][7]$a$4351 [20:19] $memory\mem$rdmux[0][5][7]$a$4351 [6] $memory\mem$rdmux[0][5][7]$a$4351 [16] $memory\mem$rdmux[0][5][7]$a$4351 [16] $memory\mem$rdmux[0][5][7]$a$4351 [5] $memory\mem$rdmux[0][5][7]$a$4351 [5] $memory\mem$rdmux[0][5][7]$a$4351 [13] 1'1 $memory\mem$rdmux[0][5][7]$a$4351 [11:10] $memory\mem$rdmux[0][5][7]$a$4351 [7] $memory\mem$rdmux[0][5][7]$a$4351 [8:5] $memory\mem$rdmux[0][5][7]$a$4351 [3] }, B={ 1'0 $memory\mem$rdmux[0][5][7]$b$4352 [22] $memory\mem$rdmux[0][5][7]$b$4352 [19] $memory\mem$rdmux[0][5][7]$b$4352 [19] $memory\mem$rdmux[0][5][7]$b$4352 [12] $memory\mem$rdmux[0][5][7]$b$4352 [22:21] $memory\mem$rdmux[0][5][7]$b$4352 [7] $memory\mem$rdmux[0][5][7]$b$4352 [19] $memory\mem$rdmux[0][5][7]$b$4352 [11] $memory\mem$rdmux[0][5][7]$b$4352 [13:12] $memory\mem$rdmux[0][5][7]$b$4352 [6] $memory\mem$rdmux[0][5][7]$b$4352 [14:11] $memory\mem$rdmux[0][5][7]$b$4352 [7] $memory\mem$rdmux[0][5][7]$b$4352 [5] $memory\mem$rdmux[0][5][7]$b$4352 [5] $memory\mem$rdmux[0][5][7]$b$4352 [7:5] $memory\mem$rdmux[0][5][7]$b$4352 [3] }, Y={ $memory\mem$rdmux[0][4][3]$b$4292 [29] $memory\mem$rdmux[0][4][3]$b$4292 [27:26] $memory\mem$rdmux[0][4][3]$b$4292 [24:5] $memory\mem$rdmux[0][4][3]$b$4292 [3] }
      New connections: { $memory\mem$rdmux[0][4][3]$b$4292 [28] $memory\mem$rdmux[0][4][3]$b$4292 [25] $memory\mem$rdmux[0][4][3]$b$4292 [4] $memory\mem$rdmux[0][4][3]$b$4292 [2:0] } = { $memory\mem$rdmux[0][4][3]$b$4292 [27] 5'00100 }
    Consolidated identical input bits for $mux cell $memory\mem$rdmux[0][5][6]$4347:
      Old ports: A=$memory\mem$rdmux[0][5][6]$a$4348, B=$memory\mem$rdmux[0][5][6]$b$4349, Y=$memory\mem$rdmux[0][4][3]$a$4291
      New ports: A={ $memory\mem$rdmux[0][5][6]$a$4348 [28] 1'0 $memory\mem$rdmux[0][5][6]$a$4348 [19] 1'0 $memory\mem$rdmux[0][5][6]$a$4348 [19] $memory\mem$rdmux[0][5][6]$a$4348 [21] $memory\mem$rdmux[0][5][6]$a$4348 [21:16] $memory\mem$rdmux[0][5][6]$a$4348 [7] $memory\mem$rdmux[0][5][6]$a$4348 [10] $memory\mem$rdmux[0][5][6]$a$4348 [6] $memory\mem$rdmux[0][5][6]$a$4348 [10:9] 1'0 $memory\mem$rdmux[0][5][6]$a$4348 [7:6] 1'0 $memory\mem$rdmux[0][5][6]$a$4348 [3] }, B={ $memory\mem$rdmux[0][5][6]$b$4349 [28] $memory\mem$rdmux[0][5][6]$b$4349 [15] $memory\mem$rdmux[0][5][6]$b$4349 [11] $memory\mem$rdmux[0][5][6]$b$4349 [23] $memory\mem$rdmux[0][5][6]$b$4349 [23] $memory\mem$rdmux[0][5][6]$b$4349 [6] $memory\mem$rdmux[0][5][6]$b$4349 [15] $memory\mem$rdmux[0][5][6]$b$4349 [20:18] $memory\mem$rdmux[0][5][6]$b$4349 [10] $memory\mem$rdmux[0][5][6]$b$4349 [10] $memory\mem$rdmux[0][5][6]$b$4349 [15] 1'1 $memory\mem$rdmux[0][5][6]$b$4349 [11:10] 1'1 $memory\mem$rdmux[0][5][6]$b$4349 [7] $memory\mem$rdmux[0][5][6]$b$4349 [7:6] 1'1 $memory\mem$rdmux[0][5][6]$b$4349 [3] }, Y={ $memory\mem$rdmux[0][4][3]$a$4291 [28] $memory\mem$rdmux[0][4][3]$a$4291 [26:15] $memory\mem$rdmux[0][4][3]$a$4291 [12:5] $memory\mem$rdmux[0][4][3]$a$4291 [3] }
      New connections: { $memory\mem$rdmux[0][4][3]$a$4291 [29] $memory\mem$rdmux[0][4][3]$a$4291 [27] $memory\mem$rdmux[0][4][3]$a$4291 [14:13] $memory\mem$rdmux[0][4][3]$a$4291 [4] $memory\mem$rdmux[0][4][3]$a$4291 [2:0] } = { $memory\mem$rdmux[0][4][3]$a$4291 [24:23] $memory\mem$rdmux[0][4][3]$a$4291 [11] $memory\mem$rdmux[0][4][3]$a$4291 [12] 4'0100 }
    Consolidated identical input bits for $mux cell $memory\mem$rdmux[0][5][5]$4344:
      Old ports: A=$memory\mem$rdmux[0][5][5]$a$4345, B=$memory\mem$rdmux[0][5][5]$b$4346, Y=$memory\mem$rdmux[0][4][2]$b$4289
      New ports: A={ $memory\mem$rdmux[0][5][5]$a$4345 [10] $memory\mem$rdmux[0][5][5]$a$4345 [10] $memory\mem$rdmux[0][5][5]$a$4345 [18] $memory\mem$rdmux[0][5][5]$a$4345 [10] $memory\mem$rdmux[0][5][5]$a$4345 [0] 1'0 $memory\mem$rdmux[0][5][5]$a$4345 [2] $memory\mem$rdmux[0][5][5]$a$4345 [18] $memory\mem$rdmux[0][5][5]$a$4345 [10] $memory\mem$rdmux[0][5][5]$a$4345 [13] $memory\mem$rdmux[0][5][5]$a$4345 [13] $memory\mem$rdmux[0][5][5]$a$4345 [13] $memory\mem$rdmux[0][5][5]$a$4345 [13] $memory\mem$rdmux[0][5][5]$a$4345 [10] $memory\mem$rdmux[0][5][5]$a$4345 [10] $memory\mem$rdmux[0][5][5]$a$4345 [10:8] $memory\mem$rdmux[0][5][5]$a$4345 [2] $memory\mem$rdmux[0][5][5]$a$4345 [2] $memory\mem$rdmux[0][5][5]$a$4345 [3] $memory\mem$rdmux[0][5][5]$a$4345 [3:2] $memory\mem$rdmux[0][5][5]$a$4345 [0] }, B={ $memory\mem$rdmux[0][5][5]$b$4346 [13] 2'00 $memory\mem$rdmux[0][5][5]$b$4346 [8] $memory\mem$rdmux[0][5][5]$b$4346 [9] $memory\mem$rdmux[0][5][5]$b$4346 [20] $memory\mem$rdmux[0][5][5]$b$4346 [12] $memory\mem$rdmux[0][5][5]$b$4346 [13] $memory\mem$rdmux[0][5][5]$b$4346 [6] $memory\mem$rdmux[0][5][5]$b$4346 [6] 1'1 $memory\mem$rdmux[0][5][5]$b$4346 [9] $memory\mem$rdmux[0][5][5]$b$4346 [13:6] 1'0 $memory\mem$rdmux[0][5][5]$b$4346 [3] 2'10 }, Y={ $memory\mem$rdmux[0][4][2]$b$4289 [28] $memory\mem$rdmux[0][4][2]$b$4289 [25] $memory\mem$rdmux[0][4][2]$b$4289 [23:6] $memory\mem$rdmux[0][4][2]$b$4289 [4:2] $memory\mem$rdmux[0][4][2]$b$4289 [0] }
      New connections: { $memory\mem$rdmux[0][4][2]$b$4289 [29] $memory\mem$rdmux[0][4][2]$b$4289 [27:26] $memory\mem$rdmux[0][4][2]$b$4289 [24] $memory\mem$rdmux[0][4][2]$b$4289 [5] $memory\mem$rdmux[0][4][2]$b$4289 [1] } = { $memory\mem$rdmux[0][4][2]$b$4289 [25] $memory\mem$rdmux[0][4][2]$b$4289 [22] $memory\mem$rdmux[0][4][2]$b$4289 [25] $memory\mem$rdmux[0][4][2]$b$4289 [23] 1'0 $memory\mem$rdmux[0][4][2]$b$4289 [0] }
    Consolidated identical input bits for $mux cell $memory\mem$rdmux[0][5][4]$4341:
      Old ports: A=$memory\mem$rdmux[0][5][4]$a$4342, B=$memory\mem$rdmux[0][5][4]$b$4343, Y=$memory\mem$rdmux[0][4][2]$a$4288
      New ports: A={ $memory\mem$rdmux[0][5][4]$a$4342 [23] $memory\mem$rdmux[0][5][4]$a$4342 [19] $memory\mem$rdmux[0][5][4]$a$4342 [2] $memory\mem$rdmux[0][5][4]$a$4342 [5] 1'0 $memory\mem$rdmux[0][5][4]$a$4342 [3] $memory\mem$rdmux[0][5][4]$a$4342 [5] $memory\mem$rdmux[0][5][4]$a$4342 [8:5] $memory\mem$rdmux[0][5][4]$a$4342 [3:2] }, B={ $memory\mem$rdmux[0][5][4]$b$4343 [23] $memory\mem$rdmux[0][5][4]$b$4343 [2] 1'1 $memory\mem$rdmux[0][5][4]$b$4343 [14] $memory\mem$rdmux[0][5][4]$b$4343 [14:13] 2'01 $memory\mem$rdmux[0][5][4]$b$4343 [2] $memory\mem$rdmux[0][5][4]$b$4343 [2] $memory\mem$rdmux[0][5][4]$b$4343 [5] $memory\mem$rdmux[0][5][4]$b$4343 [3:2] }, Y={ $memory\mem$rdmux[0][4][2]$a$4288 [23] $memory\mem$rdmux[0][4][2]$a$4288 [19:18] $memory\mem$rdmux[0][4][2]$a$4288 [15:13] $memory\mem$rdmux[0][4][2]$a$4288 [11] $memory\mem$rdmux[0][4][2]$a$4288 [8:5] $memory\mem$rdmux[0][4][2]$a$4288 [3:2] }
      New connections: { $memory\mem$rdmux[0][4][2]$a$4288 [29:24] $memory\mem$rdmux[0][4][2]$a$4288 [22:20] $memory\mem$rdmux[0][4][2]$a$4288 [17:16] $memory\mem$rdmux[0][4][2]$a$4288 [12] $memory\mem$rdmux[0][4][2]$a$4288 [10:9] $memory\mem$rdmux[0][4][2]$a$4288 [4] $memory\mem$rdmux[0][4][2]$a$4288 [1:0] } = { $memory\mem$rdmux[0][4][2]$a$4288 [15] $memory\mem$rdmux[0][4][2]$a$4288 [15] $memory\mem$rdmux[0][4][2]$a$4288 [15] $memory\mem$rdmux[0][4][2]$a$4288 [15] $memory\mem$rdmux[0][4][2]$a$4288 [15] $memory\mem$rdmux[0][4][2]$a$4288 [23] $memory\mem$rdmux[0][4][2]$a$4288 [15] $memory\mem$rdmux[0][4][2]$a$4288 [15:14] 1'0 $memory\mem$rdmux[0][4][2]$a$4288 [15] 3'000 $memory\mem$rdmux[0][4][2]$a$4288 [3] 2'00 }
    Consolidated identical input bits for $mux cell $memory\mem$rdmux[0][5][3]$4338:
      Old ports: A=$memory\mem$rdmux[0][5][3]$a$4339, B=$memory\mem$rdmux[0][5][3]$b$4340, Y=$memory\mem$rdmux[0][4][1]$b$4286
      New ports: A={ 3'000 $memory\mem$rdmux[0][5][3]$a$4339 [3] 1'0 $memory\mem$rdmux[0][5][3]$a$4339 [2] 1'1 $memory\mem$rdmux[0][5][3]$a$4339 [5] 1'0 $memory\mem$rdmux[0][5][3]$a$4339 [8] 1'0 $memory\mem$rdmux[0][5][3]$a$4339 [6:5] $memory\mem$rdmux[0][5][3]$a$4339 [3:2] }, B={ $memory\mem$rdmux[0][5][3]$b$4340 [26] $memory\mem$rdmux[0][5][3]$b$4340 [11] $memory\mem$rdmux[0][5][3]$b$4340 [5] $memory\mem$rdmux[0][5][3]$b$4340 [18] $memory\mem$rdmux[0][5][3]$b$4340 [15] 1'0 $memory\mem$rdmux[0][5][3]$b$4340 [11] 1'0 $memory\mem$rdmux[0][5][3]$b$4340 [3] 1'1 $memory\mem$rdmux[0][5][3]$b$4340 [7] $memory\mem$rdmux[0][5][3]$b$4340 [5] $memory\mem$rdmux[0][5][3]$b$4340 [5] $memory\mem$rdmux[0][5][3]$b$4340 [3:2] }, Y={ $memory\mem$rdmux[0][4][1]$b$4286 [26] $memory\mem$rdmux[0][4][1]$b$4286 [23] $memory\mem$rdmux[0][4][1]$b$4286 [20] $memory\mem$rdmux[0][4][1]$b$4286 [18] $memory\mem$rdmux[0][4][1]$b$4286 [15] $memory\mem$rdmux[0][4][1]$b$4286 [13] $memory\mem$rdmux[0][4][1]$b$4286 [11:5] $memory\mem$rdmux[0][4][1]$b$4286 [3:2] }
      New connections: { $memory\mem$rdmux[0][4][1]$b$4286 [29:27] $memory\mem$rdmux[0][4][1]$b$4286 [25:24] $memory\mem$rdmux[0][4][1]$b$4286 [22:21] $memory\mem$rdmux[0][4][1]$b$4286 [19] $memory\mem$rdmux[0][4][1]$b$4286 [17:16] $memory\mem$rdmux[0][4][1]$b$4286 [14] $memory\mem$rdmux[0][4][1]$b$4286 [12] $memory\mem$rdmux[0][4][1]$b$4286 [4] $memory\mem$rdmux[0][4][1]$b$4286 [1:0] } = { $memory\mem$rdmux[0][4][1]$b$4286 [15] $memory\mem$rdmux[0][4][1]$b$4286 [15] $memory\mem$rdmux[0][4][1]$b$4286 [15] $memory\mem$rdmux[0][4][1]$b$4286 [23] $memory\mem$rdmux[0][4][1]$b$4286 [23] $memory\mem$rdmux[0][4][1]$b$4286 [20] $memory\mem$rdmux[0][4][1]$b$4286 [20] $memory\mem$rdmux[0][4][1]$b$4286 [9] 1'0 $memory\mem$rdmux[0][4][1]$b$4286 [15] $memory\mem$rdmux[0][4][1]$b$4286 [13] 4'0000 }
    Consolidated identical input bits for $mux cell $memory\mem$rdmux[0][5][2]$4335:
      Old ports: A=$memory\mem$rdmux[0][5][2]$a$4336, B=$memory\mem$rdmux[0][5][2]$b$4337, Y=$memory\mem$rdmux[0][4][1]$a$4285
      New ports: A={ $memory\mem$rdmux[0][5][2]$a$4336 [28] $memory\mem$rdmux[0][5][2]$a$4336 [20] 1'1 $memory\mem$rdmux[0][5][2]$a$4336 [12] 1'0 $memory\mem$rdmux[0][5][2]$a$4336 [10] 2'10 }, B={ $memory\mem$rdmux[0][5][2]$b$4337 [28] $memory\mem$rdmux[0][5][2]$b$4337 [11] $memory\mem$rdmux[0][5][2]$b$4337 [11] $memory\mem$rdmux[0][5][2]$b$4337 [3] $memory\mem$rdmux[0][5][2]$b$4337 [11:10] $memory\mem$rdmux[0][5][2]$b$4337 [5] $memory\mem$rdmux[0][5][2]$b$4337 [3] }, Y={ $memory\mem$rdmux[0][4][1]$a$4285 [28] $memory\mem$rdmux[0][4][1]$a$4285 [20] $memory\mem$rdmux[0][4][1]$a$4285 [18] $memory\mem$rdmux[0][4][1]$a$4285 [12:10] $memory\mem$rdmux[0][4][1]$a$4285 [5] $memory\mem$rdmux[0][4][1]$a$4285 [3] }
      New connections: { $memory\mem$rdmux[0][4][1]$a$4285 [29] $memory\mem$rdmux[0][4][1]$a$4285 [27:21] $memory\mem$rdmux[0][4][1]$a$4285 [19] $memory\mem$rdmux[0][4][1]$a$4285 [17:13] $memory\mem$rdmux[0][4][1]$a$4285 [9:6] $memory\mem$rdmux[0][4][1]$a$4285 [4] $memory\mem$rdmux[0][4][1]$a$4285 [2:0] } = { $memory\mem$rdmux[0][4][1]$a$4285 [20] $memory\mem$rdmux[0][4][1]$a$4285 [20] $memory\mem$rdmux[0][4][1]$a$4285 [20] $memory\mem$rdmux[0][4][1]$a$4285 [20] $memory\mem$rdmux[0][4][1]$a$4285 [20] $memory\mem$rdmux[0][4][1]$a$4285 [20] $memory\mem$rdmux[0][4][1]$a$4285 [20] $memory\mem$rdmux[0][4][1]$a$4285 [20] 9'100011001 $memory\mem$rdmux[0][4][1]$a$4285 [3] 4'0100 }
    Consolidated identical input bits for $mux cell $memory\mem$rdmux[0][5][1]$4332:
      Old ports: A=$memory\mem$rdmux[0][5][1]$a$4333, B=$memory\mem$rdmux[0][5][1]$b$4334, Y=$memory\mem$rdmux[0][4][0]$b$4283
      New ports: A={ $memory\mem$rdmux[0][5][1]$a$4333 [28] $memory\mem$rdmux[0][5][1]$a$4333 [12:10] 2'01 }, B={ $memory\mem$rdmux[0][5][1]$b$4334 [5] $memory\mem$rdmux[0][5][1]$b$4334 [12:10] $memory\mem$rdmux[0][5][1]$b$4334 [5] $memory\mem$rdmux[0][5][1]$b$4334 [3] }, Y={ $memory\mem$rdmux[0][4][0]$b$4283 [28] $memory\mem$rdmux[0][4][0]$b$4283 [12:10] $memory\mem$rdmux[0][4][0]$b$4283 [5] $memory\mem$rdmux[0][4][0]$b$4283 [3] }
      New connections: { $memory\mem$rdmux[0][4][0]$b$4283 [29] $memory\mem$rdmux[0][4][0]$b$4283 [27:13] $memory\mem$rdmux[0][4][0]$b$4283 [9:6] $memory\mem$rdmux[0][4][0]$b$4283 [4] $memory\mem$rdmux[0][4][0]$b$4283 [2:0] } = { $memory\mem$rdmux[0][4][0]$b$4283 [5] $memory\mem$rdmux[0][4][0]$b$4283 [5] $memory\mem$rdmux[0][4][0]$b$4283 [5] $memory\mem$rdmux[0][4][0]$b$4283 [5] $memory\mem$rdmux[0][4][0]$b$4283 [5] $memory\mem$rdmux[0][4][0]$b$4283 [5] $memory\mem$rdmux[0][4][0]$b$4283 [5] $memory\mem$rdmux[0][4][0]$b$4283 [5] $memory\mem$rdmux[0][4][0]$b$4283 [5] 1'1 $memory\mem$rdmux[0][4][0]$b$4283 [5] 3'000 $memory\mem$rdmux[0][4][0]$b$4283 [5] 9'100100100 }
    Consolidated identical input bits for $mux cell $memory\mem$rdmux[0][5][0]$4329:
      Old ports: A=$memory\mem$rdmux[0][5][0]$a$4330, B=$memory\mem$rdmux[0][5][0]$b$4331, Y=$memory\mem$rdmux[0][4][0]$a$4282
      New ports: A={ $memory\mem$rdmux[0][5][0]$a$4330 [22] $memory\mem$rdmux[0][5][0]$a$4330 [22] $memory\mem$rdmux[0][5][0]$a$4330 [20] $memory\mem$rdmux[0][5][0]$a$4330 [18] 3'000 $memory\mem$rdmux[0][5][0]$a$4330 [6:5] $memory\mem$rdmux[0][5][0]$a$4330 [3] }, B={ $memory\mem$rdmux[0][5][0]$b$4331 [28] 3'000 $memory\mem$rdmux[0][5][0]$b$4331 [12:10] 3'001 }, Y={ $memory\mem$rdmux[0][4][0]$a$4282 [28] $memory\mem$rdmux[0][4][0]$a$4282 [22] $memory\mem$rdmux[0][4][0]$a$4282 [20] $memory\mem$rdmux[0][4][0]$a$4282 [18] $memory\mem$rdmux[0][4][0]$a$4282 [12:10] $memory\mem$rdmux[0][4][0]$a$4282 [6:5] $memory\mem$rdmux[0][4][0]$a$4282 [3] }
      New connections: { $memory\mem$rdmux[0][4][0]$a$4282 [29] $memory\mem$rdmux[0][4][0]$a$4282 [27:23] $memory\mem$rdmux[0][4][0]$a$4282 [21] $memory\mem$rdmux[0][4][0]$a$4282 [19] $memory\mem$rdmux[0][4][0]$a$4282 [17:13] $memory\mem$rdmux[0][4][0]$a$4282 [9:7] $memory\mem$rdmux[0][4][0]$a$4282 [4] $memory\mem$rdmux[0][4][0]$a$4282 [2:0] } = { $memory\mem$rdmux[0][4][0]$a$4282 [22] $memory\mem$rdmux[0][4][0]$a$4282 [22] $memory\mem$rdmux[0][4][0]$a$4282 [22] $memory\mem$rdmux[0][4][0]$a$4282 [22] $memory\mem$rdmux[0][4][0]$a$4282 [22] $memory\mem$rdmux[0][4][0]$a$4282 [22] $memory\mem$rdmux[0][4][0]$a$4282 [5] $memory\mem$rdmux[0][4][0]$a$4282 [3] 4'0000 $memory\mem$rdmux[0][4][0]$a$4282 [3] 2'00 $memory\mem$rdmux[0][4][0]$a$4282 [3] 4'0100 }
  Optimizing cells in module $paramod$9e6bc8e233a88c507ee6c1d0d66120fe2d49b2c9\Instruction_Memory.
    Consolidated identical input bits for $mux cell $memory\mem$rdmux[0][4][10]$4311:
      Old ports: A=$memory\mem$rdmux[0][4][10]$a$4312, B=30'000000000000000000000000000100, Y=$memory\mem$rdmux[0][3][5]$a$4273
      New ports: A={ $memory\mem$rdmux[0][4][10]$a$4312 [26] $memory\mem$rdmux[0][4][10]$a$4312 [22] $memory\mem$rdmux[0][4][10]$a$4312 [13] $memory\mem$rdmux[0][4][10]$a$4312 [11:9] $memory\mem$rdmux[0][4][10]$a$4312 [7:5] $memory\mem$rdmux[0][4][10]$a$4312 [3:2] $memory\mem$rdmux[0][4][10]$a$4312 [0] }, B=12'000000000010, Y={ $memory\mem$rdmux[0][3][5]$a$4273 [26] $memory\mem$rdmux[0][3][5]$a$4273 [22] $memory\mem$rdmux[0][3][5]$a$4273 [13] $memory\mem$rdmux[0][3][5]$a$4273 [11:9] $memory\mem$rdmux[0][3][5]$a$4273 [7:5] $memory\mem$rdmux[0][3][5]$a$4273 [3:2] $memory\mem$rdmux[0][3][5]$a$4273 [0] }
      New connections: { $memory\mem$rdmux[0][3][5]$a$4273 [29:27] $memory\mem$rdmux[0][3][5]$a$4273 [25:23] $memory\mem$rdmux[0][3][5]$a$4273 [21:14] $memory\mem$rdmux[0][3][5]$a$4273 [12] $memory\mem$rdmux[0][3][5]$a$4273 [8] $memory\mem$rdmux[0][3][5]$a$4273 [4] $memory\mem$rdmux[0][3][5]$a$4273 [1] } = { 1'0 $memory\mem$rdmux[0][3][5]$a$4273 [5] 4'0000 $memory\mem$rdmux[0][3][5]$a$4273 [11] $memory\mem$rdmux[0][3][5]$a$4273 [7] $memory\mem$rdmux[0][3][5]$a$4273 [5] $memory\mem$rdmux[0][3][5]$a$4273 [13] $memory\mem$rdmux[0][3][5]$a$4273 [11] $memory\mem$rdmux[0][3][5]$a$4273 [9] $memory\mem$rdmux[0][3][5]$a$4273 [11] 1'0 $memory\mem$rdmux[0][3][5]$a$4273 [5] 1'0 $memory\mem$rdmux[0][3][5]$a$4273 [0] $memory\mem$rdmux[0][3][5]$a$4273 [0] }
    Consolidated identical input bits for $mux cell $memory\mem$rdmux[0][4][9]$4308:
      Old ports: A=$memory\mem$rdmux[0][4][9]$a$4309, B=$memory\mem$rdmux[0][4][9]$b$4310, Y=$memory\mem$rdmux[0][3][4]$b$4271
      New ports: A={ $memory\mem$rdmux[0][4][9]$a$4309 [29:28] $memory\mem$rdmux[0][4][9]$a$4309 [23] 2'00 $memory\mem$rdmux[0][4][9]$a$4309 [23:18] $memory\mem$rdmux[0][4][9]$a$4309 [12] $memory\mem$rdmux[0][4][9]$a$4309 [16:5] $memory\mem$rdmux[0][4][9]$a$4309 [3] }, B={ $memory\mem$rdmux[0][4][9]$b$4310 [24] $memory\mem$rdmux[0][4][9]$b$4310 [28:27] $memory\mem$rdmux[0][4][9]$b$4310 [25:5] $memory\mem$rdmux[0][4][9]$b$4310 [3] }, Y={ $memory\mem$rdmux[0][3][4]$b$4271 [29:27] $memory\mem$rdmux[0][3][4]$b$4271 [25:5] $memory\mem$rdmux[0][3][4]$b$4271 [3] }
      New connections: { $memory\mem$rdmux[0][3][4]$b$4271 [26] $memory\mem$rdmux[0][3][4]$b$4271 [4] $memory\mem$rdmux[0][3][4]$b$4271 [2:0] } = 5'00100
    Consolidated identical input bits for $mux cell $memory\mem$rdmux[0][4][8]$4305:
      Old ports: A=$memory\mem$rdmux[0][4][8]$a$4306, B=$memory\mem$rdmux[0][4][8]$b$4307, Y=$memory\mem$rdmux[0][3][4]$a$4270
      New ports: A={ $memory\mem$rdmux[0][4][8]$a$4306 [29:28] $memory\mem$rdmux[0][4][8]$a$4306 [11] $memory\mem$rdmux[0][4][8]$a$4306 [26:25] 1'0 $memory\mem$rdmux[0][4][8]$a$4306 [23:21] $memory\mem$rdmux[0][4][8]$a$4306 [10] $memory\mem$rdmux[0][4][8]$a$4306 [19:16] $memory\mem$rdmux[0][4][8]$a$4306 [12] $memory\mem$rdmux[0][4][8]$a$4306 [14:5] $memory\mem$rdmux[0][4][8]$a$4306 [3] }, B={ $memory\mem$rdmux[0][4][8]$b$4307 [29:26] $memory\mem$rdmux[0][4][8]$b$4307 [23] $memory\mem$rdmux[0][4][8]$b$4307 [24:5] $memory\mem$rdmux[0][4][8]$b$4307 [3] }, Y={ $memory\mem$rdmux[0][3][4]$a$4270 [29:5] $memory\mem$rdmux[0][3][4]$a$4270 [3] }
      New connections: { $memory\mem$rdmux[0][3][4]$a$4270 [4] $memory\mem$rdmux[0][3][4]$a$4270 [2:0] } = 4'0100
    Consolidated identical input bits for $mux cell $memory\mem$rdmux[0][4][7]$4302:
      Old ports: A=$memory\mem$rdmux[0][4][7]$a$4303, B=$memory\mem$rdmux[0][4][7]$b$4304, Y=$memory\mem$rdmux[0][3][3]$b$4268
      New ports: A={ $memory\mem$rdmux[0][4][7]$a$4303 [28] $memory\mem$rdmux[0][4][7]$a$4303 [23] $memory\mem$rdmux[0][4][7]$a$4303 [21] $memory\mem$rdmux[0][4][7]$a$4303 [21] $memory\mem$rdmux[0][4][7]$a$4303 [24:5] $memory\mem$rdmux[0][4][7]$a$4303 [3] }, B={ $memory\mem$rdmux[0][4][7]$b$4304 [28] $memory\mem$rdmux[0][4][7]$b$4304 [24] $memory\mem$rdmux[0][4][7]$b$4304 [15] $memory\mem$rdmux[0][4][7]$b$4304 [25:15] $memory\mem$rdmux[0][4][7]$b$4304 [9] $memory\mem$rdmux[0][4][7]$b$4304 [13:5] $memory\mem$rdmux[0][4][7]$b$4304 [3] }, Y={ $memory\mem$rdmux[0][3][3]$b$4268 [28:5] $memory\mem$rdmux[0][3][3]$b$4268 [3] }
      New connections: { $memory\mem$rdmux[0][3][3]$b$4268 [29] $memory\mem$rdmux[0][3][3]$b$4268 [4] $memory\mem$rdmux[0][3][3]$b$4268 [2:0] } = { $memory\mem$rdmux[0][3][3]$b$4268 [26] 4'0100 }
    Consolidated identical input bits for $mux cell $memory\mem$rdmux[0][4][6]$4299:
      Old ports: A=$memory\mem$rdmux[0][4][6]$a$4300, B=$memory\mem$rdmux[0][4][6]$b$4301, Y=$memory\mem$rdmux[0][3][3]$a$4267
      New ports: A={ $memory\mem$rdmux[0][4][6]$a$4300 [29:28] $memory\mem$rdmux[0][4][6]$a$4300 [26] $memory\mem$rdmux[0][4][6]$a$4300 [8] $memory\mem$rdmux[0][4][6]$a$4300 [8] $memory\mem$rdmux[0][4][6]$a$4300 [23:5] $memory\mem$rdmux[0][4][6]$a$4300 [3] }, B={ $memory\mem$rdmux[0][4][6]$b$4301 [25] 1'0 $memory\mem$rdmux[0][4][6]$b$4301 [26:24] 1'0 $memory\mem$rdmux[0][4][6]$b$4301 [22:17] $memory\mem$rdmux[0][4][6]$b$4301 [10] $memory\mem$rdmux[0][4][6]$b$4301 [15:5] $memory\mem$rdmux[0][4][6]$b$4301 [3] }, Y={ $memory\mem$rdmux[0][3][3]$a$4267 [29:28] $memory\mem$rdmux[0][3][3]$a$4267 [26:5] $memory\mem$rdmux[0][3][3]$a$4267 [3] }
      New connections: { $memory\mem$rdmux[0][3][3]$a$4267 [27] $memory\mem$rdmux[0][3][3]$a$4267 [4] $memory\mem$rdmux[0][3][3]$a$4267 [2:0] } = { $memory\mem$rdmux[0][3][3]$a$4267 [23] 4'0100 }
    Consolidated identical input bits for $mux cell $memory\mem$rdmux[0][4][5]$4296:
      Old ports: A=$memory\mem$rdmux[0][4][5]$a$4297, B=$memory\mem$rdmux[0][4][5]$b$4298, Y=$memory\mem$rdmux[0][3][2]$b$4265
      New ports: A={ $memory\mem$rdmux[0][4][5]$a$4297 [28] $memory\mem$rdmux[0][4][5]$a$4297 [23] $memory\mem$rdmux[0][4][5]$a$4297 [23:22] $memory\mem$rdmux[0][4][5]$a$4297 [10] $memory\mem$rdmux[0][4][5]$a$4297 [20:5] $memory\mem$rdmux[0][4][5]$a$4297 [3] }, B={ $memory\mem$rdmux[0][4][5]$b$4298 [28] $memory\mem$rdmux[0][4][5]$b$4298 [24] 1'0 $memory\mem$rdmux[0][4][5]$b$4298 [22:17] $memory\mem$rdmux[0][4][5]$b$4298 [7] $memory\mem$rdmux[0][4][5]$b$4298 [15] $memory\mem$rdmux[0][4][5]$b$4298 [5] $memory\mem$rdmux[0][4][5]$b$4298 [13:5] $memory\mem$rdmux[0][4][5]$b$4298 [3] }, Y={ $memory\mem$rdmux[0][3][2]$b$4265 [28] $memory\mem$rdmux[0][3][2]$b$4265 [24:5] $memory\mem$rdmux[0][3][2]$b$4265 [3] }
      New connections: { $memory\mem$rdmux[0][3][2]$b$4265 [29] $memory\mem$rdmux[0][3][2]$b$4265 [27:25] $memory\mem$rdmux[0][3][2]$b$4265 [4] $memory\mem$rdmux[0][3][2]$b$4265 [2:0] } = { $memory\mem$rdmux[0][3][2]$b$4265 [23] $memory\mem$rdmux[0][3][2]$b$4265 [23] $memory\mem$rdmux[0][3][2]$b$4265 [23] 5'00100 }
    Consolidated identical input bits for $mux cell $memory\mem$rdmux[0][4][4]$4293:
      Old ports: A=$memory\mem$rdmux[0][4][4]$a$4294, B=$memory\mem$rdmux[0][4][4]$b$4295, Y=$memory\mem$rdmux[0][3][2]$a$4264
      New ports: A={ 1'0 $memory\mem$rdmux[0][4][4]$a$4294 [23:21] $memory\mem$rdmux[0][4][4]$a$4294 [5] $memory\mem$rdmux[0][4][4]$a$4294 [19:12] $memory\mem$rdmux[0][4][4]$a$4294 [3] $memory\mem$rdmux[0][4][4]$a$4294 [10:5] $memory\mem$rdmux[0][4][4]$a$4294 [3] }, B={ $memory\mem$rdmux[0][4][4]$b$4295 [28] 1'0 $memory\mem$rdmux[0][4][4]$b$4295 [19] $memory\mem$rdmux[0][4][4]$b$4295 [21:18] $memory\mem$rdmux[0][4][4]$b$4295 [3] $memory\mem$rdmux[0][4][4]$b$4295 [16:5] $memory\mem$rdmux[0][4][4]$b$4295 [3] }, Y={ $memory\mem$rdmux[0][3][2]$a$4264 [28] $memory\mem$rdmux[0][3][2]$a$4264 [23:5] $memory\mem$rdmux[0][3][2]$a$4264 [3] }
      New connections: { $memory\mem$rdmux[0][3][2]$a$4264 [29] $memory\mem$rdmux[0][3][2]$a$4264 [27:24] $memory\mem$rdmux[0][3][2]$a$4264 [4] $memory\mem$rdmux[0][3][2]$a$4264 [2:0] } = { 1'0 $memory\mem$rdmux[0][3][2]$a$4264 [23] 7'0000100 }
    Consolidated identical input bits for $mux cell $memory\mem$rdmux[0][4][3]$4290:
      Old ports: A=$memory\mem$rdmux[0][4][3]$a$4291, B=$memory\mem$rdmux[0][4][3]$b$4292, Y=$memory\mem$rdmux[0][3][1]$b$4262
      New ports: A={ $memory\mem$rdmux[0][4][3]$a$4291 [24] $memory\mem$rdmux[0][4][3]$a$4291 [28] $memory\mem$rdmux[0][4][3]$a$4291 [23] $memory\mem$rdmux[0][4][3]$a$4291 [26:15] $memory\mem$rdmux[0][4][3]$a$4291 [11] $memory\mem$rdmux[0][4][3]$a$4291 [12] $memory\mem$rdmux[0][4][3]$a$4291 [12:5] $memory\mem$rdmux[0][4][3]$a$4291 [3] }, B={ $memory\mem$rdmux[0][4][3]$b$4292 [29] $memory\mem$rdmux[0][4][3]$b$4292 [27] $memory\mem$rdmux[0][4][3]$b$4292 [27:26] 1'0 $memory\mem$rdmux[0][4][3]$b$4292 [24:5] $memory\mem$rdmux[0][4][3]$b$4292 [3] }, Y={ $memory\mem$rdmux[0][3][1]$b$4262 [29:5] $memory\mem$rdmux[0][3][1]$b$4262 [3] }
      New connections: { $memory\mem$rdmux[0][3][1]$b$4262 [4] $memory\mem$rdmux[0][3][1]$b$4262 [2:0] } = 4'0100
    Consolidated identical input bits for $mux cell $memory\mem$rdmux[0][4][2]$4287:
      Old ports: A=$memory\mem$rdmux[0][4][2]$a$4288, B=$memory\mem$rdmux[0][4][2]$b$4289, Y=$memory\mem$rdmux[0][3][1]$a$4261
      New ports: A={ $memory\mem$rdmux[0][4][2]$a$4288 [15] $memory\mem$rdmux[0][4][2]$a$4288 [15] $memory\mem$rdmux[0][4][2]$a$4288 [23] $memory\mem$rdmux[0][4][2]$a$4288 [15] $memory\mem$rdmux[0][4][2]$a$4288 [15:14] $memory\mem$rdmux[0][4][2]$a$4288 [19:18] 1'0 $memory\mem$rdmux[0][4][2]$a$4288 [15] $memory\mem$rdmux[0][4][2]$a$4288 [15:13] 1'0 $memory\mem$rdmux[0][4][2]$a$4288 [11] 2'00 $memory\mem$rdmux[0][4][2]$a$4288 [8:5] $memory\mem$rdmux[0][4][2]$a$4288 [3] $memory\mem$rdmux[0][4][2]$a$4288 [3:2] 1'0 }, B={ $memory\mem$rdmux[0][4][2]$b$4289 [28] $memory\mem$rdmux[0][4][2]$b$4289 [25] $memory\mem$rdmux[0][4][2]$b$4289 [23:6] 1'0 $memory\mem$rdmux[0][4][2]$b$4289 [4:2] $memory\mem$rdmux[0][4][2]$b$4289 [0] }, Y={ $memory\mem$rdmux[0][3][1]$a$4261 [28] $memory\mem$rdmux[0][3][1]$a$4261 [25] $memory\mem$rdmux[0][3][1]$a$4261 [23:2] $memory\mem$rdmux[0][3][1]$a$4261 [0] }
      New connections: { $memory\mem$rdmux[0][3][1]$a$4261 [29] $memory\mem$rdmux[0][3][1]$a$4261 [27:26] $memory\mem$rdmux[0][3][1]$a$4261 [24] $memory\mem$rdmux[0][3][1]$a$4261 [1] } = { $memory\mem$rdmux[0][3][1]$a$4261 [25] $memory\mem$rdmux[0][3][1]$a$4261 [22] $memory\mem$rdmux[0][3][1]$a$4261 [25] $memory\mem$rdmux[0][3][1]$a$4261 [23] $memory\mem$rdmux[0][3][1]$a$4261 [0] }
    Consolidated identical input bits for $mux cell $memory\mem$rdmux[0][4][1]$4284:
      Old ports: A=$memory\mem$rdmux[0][4][1]$a$4285, B=$memory\mem$rdmux[0][4][1]$b$4286, Y=$memory\mem$rdmux[0][3][0]$b$4259
      New ports: A={ $memory\mem$rdmux[0][4][1]$a$4285 [28] $memory\mem$rdmux[0][4][1]$a$4285 [20] $memory\mem$rdmux[0][4][1]$a$4285 [20] $memory\mem$rdmux[0][4][1]$a$4285 [20] $memory\mem$rdmux[0][4][1]$a$4285 [20] 1'1 $memory\mem$rdmux[0][4][1]$a$4285 [18] 2'01 $memory\mem$rdmux[0][4][1]$a$4285 [12:10] 3'001 $memory\mem$rdmux[0][4][1]$a$4285 [3] $memory\mem$rdmux[0][4][1]$a$4285 [5] $memory\mem$rdmux[0][4][1]$a$4285 [3] 1'1 }, B={ $memory\mem$rdmux[0][4][1]$b$4286 [15] $memory\mem$rdmux[0][4][1]$b$4286 [15] $memory\mem$rdmux[0][4][1]$b$4286 [26] $memory\mem$rdmux[0][4][1]$b$4286 [23] $memory\mem$rdmux[0][4][1]$b$4286 [20] $memory\mem$rdmux[0][4][1]$b$4286 [9] $memory\mem$rdmux[0][4][1]$b$4286 [18] $memory\mem$rdmux[0][4][1]$b$4286 [15] $memory\mem$rdmux[0][4][1]$b$4286 [13] 1'0 $memory\mem$rdmux[0][4][1]$b$4286 [11:5] $memory\mem$rdmux[0][4][1]$b$4286 [3:2] }, Y={ $memory\mem$rdmux[0][3][0]$b$4259 [28:26] $memory\mem$rdmux[0][3][0]$b$4259 [23] $memory\mem$rdmux[0][3][0]$b$4259 [20:18] $memory\mem$rdmux[0][3][0]$b$4259 [15] $memory\mem$rdmux[0][3][0]$b$4259 [13:5] $memory\mem$rdmux[0][3][0]$b$4259 [3:2] }
      New connections: { $memory\mem$rdmux[0][3][0]$b$4259 [29] $memory\mem$rdmux[0][3][0]$b$4259 [25:24] $memory\mem$rdmux[0][3][0]$b$4259 [22:21] $memory\mem$rdmux[0][3][0]$b$4259 [17:16] $memory\mem$rdmux[0][3][0]$b$4259 [14] $memory\mem$rdmux[0][3][0]$b$4259 [4] $memory\mem$rdmux[0][3][0]$b$4259 [1:0] } = { $memory\mem$rdmux[0][3][0]$b$4259 [27] $memory\mem$rdmux[0][3][0]$b$4259 [23] $memory\mem$rdmux[0][3][0]$b$4259 [23] $memory\mem$rdmux[0][3][0]$b$4259 [20] $memory\mem$rdmux[0][3][0]$b$4259 [20] 1'0 $memory\mem$rdmux[0][3][0]$b$4259 [15] $memory\mem$rdmux[0][3][0]$b$4259 [13] 3'000 }
    Consolidated identical input bits for $mux cell $memory\mem$rdmux[0][4][0]$4281:
      Old ports: A=$memory\mem$rdmux[0][4][0]$a$4282, B=$memory\mem$rdmux[0][4][0]$b$4283, Y=$memory\mem$rdmux[0][3][0]$a$4258
      New ports: A={ $memory\mem$rdmux[0][4][0]$a$4282 [28] $memory\mem$rdmux[0][4][0]$a$4282 [22] $memory\mem$rdmux[0][4][0]$a$4282 [20] $memory\mem$rdmux[0][4][0]$a$4282 [18] 1'0 $memory\mem$rdmux[0][4][0]$a$4282 [12:10] $memory\mem$rdmux[0][4][0]$a$4282 [3] $memory\mem$rdmux[0][4][0]$a$4282 [6:5] $memory\mem$rdmux[0][4][0]$a$4282 [3] }, B={ $memory\mem$rdmux[0][4][0]$b$4283 [28] $memory\mem$rdmux[0][4][0]$b$4283 [5] $memory\mem$rdmux[0][4][0]$b$4283 [5] $memory\mem$rdmux[0][4][0]$b$4283 [5] $memory\mem$rdmux[0][4][0]$b$4283 [5] $memory\mem$rdmux[0][4][0]$b$4283 [12:10] 2'10 $memory\mem$rdmux[0][4][0]$b$4283 [5] $memory\mem$rdmux[0][4][0]$b$4283 [3] }, Y={ $memory\mem$rdmux[0][3][0]$a$4258 [28] $memory\mem$rdmux[0][3][0]$a$4258 [22] $memory\mem$rdmux[0][3][0]$a$4258 [20] $memory\mem$rdmux[0][3][0]$a$4258 [18] $memory\mem$rdmux[0][3][0]$a$4258 [14] $memory\mem$rdmux[0][3][0]$a$4258 [12:10] $memory\mem$rdmux[0][3][0]$a$4258 [7:5] $memory\mem$rdmux[0][3][0]$a$4258 [3] }
      New connections: { $memory\mem$rdmux[0][3][0]$a$4258 [29] $memory\mem$rdmux[0][3][0]$a$4258 [27:23] $memory\mem$rdmux[0][3][0]$a$4258 [21] $memory\mem$rdmux[0][3][0]$a$4258 [19] $memory\mem$rdmux[0][3][0]$a$4258 [17:15] $memory\mem$rdmux[0][3][0]$a$4258 [13] $memory\mem$rdmux[0][3][0]$a$4258 [9:8] $memory\mem$rdmux[0][3][0]$a$4258 [4] $memory\mem$rdmux[0][3][0]$a$4258 [2:0] } = { $memory\mem$rdmux[0][3][0]$a$4258 [22] $memory\mem$rdmux[0][3][0]$a$4258 [22] $memory\mem$rdmux[0][3][0]$a$4258 [22] $memory\mem$rdmux[0][3][0]$a$4258 [22] $memory\mem$rdmux[0][3][0]$a$4258 [22] $memory\mem$rdmux[0][3][0]$a$4258 [22] $memory\mem$rdmux[0][3][0]$a$4258 [5] $memory\mem$rdmux[0][3][0]$a$4258 [7] 3'000 $memory\mem$rdmux[0][3][0]$a$4258 [7] 6'000100 }
  Optimizing cells in module $paramod$9e6bc8e233a88c507ee6c1d0d66120fe2d49b2c9\Instruction_Memory.
    Consolidated identical input bits for $mux cell $memory\mem$rdmux[0][3][5]$4272:
      Old ports: A=$memory\mem$rdmux[0][3][5]$a$4273, B=30'000000000000000000000000000100, Y=$memory\mem$rdmux[0][2][2]$b$4253
      New ports: A={ $memory\mem$rdmux[0][3][5]$a$4273 [26] $memory\mem$rdmux[0][3][5]$a$4273 [22] $memory\mem$rdmux[0][3][5]$a$4273 [13] $memory\mem$rdmux[0][3][5]$a$4273 [11:9] $memory\mem$rdmux[0][3][5]$a$4273 [7:5] $memory\mem$rdmux[0][3][5]$a$4273 [3:2] $memory\mem$rdmux[0][3][5]$a$4273 [0] }, B=12'000000000010, Y={ $memory\mem$rdmux[0][2][2]$b$4253 [26] $memory\mem$rdmux[0][2][2]$b$4253 [22] $memory\mem$rdmux[0][2][2]$b$4253 [13] $memory\mem$rdmux[0][2][2]$b$4253 [11:9] $memory\mem$rdmux[0][2][2]$b$4253 [7:5] $memory\mem$rdmux[0][2][2]$b$4253 [3:2] $memory\mem$rdmux[0][2][2]$b$4253 [0] }
      New connections: { $memory\mem$rdmux[0][2][2]$b$4253 [29:27] $memory\mem$rdmux[0][2][2]$b$4253 [25:23] $memory\mem$rdmux[0][2][2]$b$4253 [21:14] $memory\mem$rdmux[0][2][2]$b$4253 [12] $memory\mem$rdmux[0][2][2]$b$4253 [8] $memory\mem$rdmux[0][2][2]$b$4253 [4] $memory\mem$rdmux[0][2][2]$b$4253 [1] } = { 1'0 $memory\mem$rdmux[0][2][2]$b$4253 [5] 4'0000 $memory\mem$rdmux[0][2][2]$b$4253 [11] $memory\mem$rdmux[0][2][2]$b$4253 [7] $memory\mem$rdmux[0][2][2]$b$4253 [5] $memory\mem$rdmux[0][2][2]$b$4253 [13] $memory\mem$rdmux[0][2][2]$b$4253 [11] $memory\mem$rdmux[0][2][2]$b$4253 [9] $memory\mem$rdmux[0][2][2]$b$4253 [11] 1'0 $memory\mem$rdmux[0][2][2]$b$4253 [5] 1'0 $memory\mem$rdmux[0][2][2]$b$4253 [0] $memory\mem$rdmux[0][2][2]$b$4253 [0] }
    Consolidated identical input bits for $mux cell $memory\mem$rdmux[0][3][4]$4269:
      Old ports: A=$memory\mem$rdmux[0][3][4]$a$4270, B=$memory\mem$rdmux[0][3][4]$b$4271, Y=$memory\mem$rdmux[0][2][2]$a$4252
      New ports: A={ $memory\mem$rdmux[0][3][4]$a$4270 [29:5] $memory\mem$rdmux[0][3][4]$a$4270 [3] }, B={ $memory\mem$rdmux[0][3][4]$b$4271 [29:27] 1'0 $memory\mem$rdmux[0][3][4]$b$4271 [25:5] $memory\mem$rdmux[0][3][4]$b$4271 [3] }, Y={ $memory\mem$rdmux[0][2][2]$a$4252 [29:5] $memory\mem$rdmux[0][2][2]$a$4252 [3] }
      New connections: { $memory\mem$rdmux[0][2][2]$a$4252 [4] $memory\mem$rdmux[0][2][2]$a$4252 [2:0] } = 4'0100
    Consolidated identical input bits for $mux cell $memory\mem$rdmux[0][3][3]$4266:
      Old ports: A=$memory\mem$rdmux[0][3][3]$a$4267, B=$memory\mem$rdmux[0][3][3]$b$4268, Y=$memory\mem$rdmux[0][2][1]$b$4250
      New ports: A={ $memory\mem$rdmux[0][3][3]$a$4267 [29:28] $memory\mem$rdmux[0][3][3]$a$4267 [23] $memory\mem$rdmux[0][3][3]$a$4267 [26:5] $memory\mem$rdmux[0][3][3]$a$4267 [3] }, B={ $memory\mem$rdmux[0][3][3]$b$4268 [26] $memory\mem$rdmux[0][3][3]$b$4268 [28:5] $memory\mem$rdmux[0][3][3]$b$4268 [3] }, Y={ $memory\mem$rdmux[0][2][1]$b$4250 [29:5] $memory\mem$rdmux[0][2][1]$b$4250 [3] }
      New connections: { $memory\mem$rdmux[0][2][1]$b$4250 [4] $memory\mem$rdmux[0][2][1]$b$4250 [2:0] } = 4'0100
    Consolidated identical input bits for $mux cell $memory\mem$rdmux[0][3][2]$4263:
      Old ports: A=$memory\mem$rdmux[0][3][2]$a$4264, B=$memory\mem$rdmux[0][3][2]$b$4265, Y=$memory\mem$rdmux[0][2][1]$a$4249
      New ports: A={ $memory\mem$rdmux[0][3][2]$a$4264 [28] 2'00 $memory\mem$rdmux[0][3][2]$a$4264 [23:5] $memory\mem$rdmux[0][3][2]$a$4264 [3] }, B={ $memory\mem$rdmux[0][3][2]$b$4265 [28] $memory\mem$rdmux[0][3][2]$b$4265 [23] $memory\mem$rdmux[0][3][2]$b$4265 [24:5] $memory\mem$rdmux[0][3][2]$b$4265 [3] }, Y={ $memory\mem$rdmux[0][2][1]$a$4249 [28] $memory\mem$rdmux[0][2][1]$a$4249 [26] $memory\mem$rdmux[0][2][1]$a$4249 [24:5] $memory\mem$rdmux[0][2][1]$a$4249 [3] }
      New connections: { $memory\mem$rdmux[0][2][1]$a$4249 [29] $memory\mem$rdmux[0][2][1]$a$4249 [27] $memory\mem$rdmux[0][2][1]$a$4249 [25] $memory\mem$rdmux[0][2][1]$a$4249 [4] $memory\mem$rdmux[0][2][1]$a$4249 [2:0] } = { $memory\mem$rdmux[0][2][1]$a$4249 [26] $memory\mem$rdmux[0][2][1]$a$4249 [23] 5'00100 }
    Consolidated identical input bits for $mux cell $memory\mem$rdmux[0][3][1]$4260:
      Old ports: A=$memory\mem$rdmux[0][3][1]$a$4261, B=$memory\mem$rdmux[0][3][1]$b$4262, Y=$memory\mem$rdmux[0][2][0]$b$4247
      New ports: A={ $memory\mem$rdmux[0][3][1]$a$4261 [25] $memory\mem$rdmux[0][3][1]$a$4261 [28] $memory\mem$rdmux[0][3][1]$a$4261 [22] $memory\mem$rdmux[0][3][1]$a$4261 [25] $memory\mem$rdmux[0][3][1]$a$4261 [25] $memory\mem$rdmux[0][3][1]$a$4261 [23] $memory\mem$rdmux[0][3][1]$a$4261 [23:2] $memory\mem$rdmux[0][3][1]$a$4261 [0] }, B={ $memory\mem$rdmux[0][3][1]$b$4262 [29:5] 1'0 $memory\mem$rdmux[0][3][1]$b$4262 [3] 2'10 }, Y={ $memory\mem$rdmux[0][2][0]$b$4247 [29:2] $memory\mem$rdmux[0][2][0]$b$4247 [0] }
      New connections: $memory\mem$rdmux[0][2][0]$b$4247 [1] = $memory\mem$rdmux[0][2][0]$b$4247 [0]
    Consolidated identical input bits for $mux cell $memory\mem$rdmux[0][3][0]$4257:
      Old ports: A=$memory\mem$rdmux[0][3][0]$a$4258, B=$memory\mem$rdmux[0][3][0]$b$4259, Y=$memory\mem$rdmux[0][2][0]$a$4246
      New ports: A={ $memory\mem$rdmux[0][3][0]$a$4258 [28] $memory\mem$rdmux[0][3][0]$a$4258 [22] $memory\mem$rdmux[0][3][0]$a$4258 [22] $memory\mem$rdmux[0][3][0]$a$4258 [22] $memory\mem$rdmux[0][3][0]$a$4258 [22] $memory\mem$rdmux[0][3][0]$a$4258 [5] $memory\mem$rdmux[0][3][0]$a$4258 [20] $memory\mem$rdmux[0][3][0]$a$4258 [7] $memory\mem$rdmux[0][3][0]$a$4258 [18] 1'0 $memory\mem$rdmux[0][3][0]$a$4258 [14] $memory\mem$rdmux[0][3][0]$a$4258 [7] $memory\mem$rdmux[0][3][0]$a$4258 [12:10] 2'00 $memory\mem$rdmux[0][3][0]$a$4258 [7:5] $memory\mem$rdmux[0][3][0]$a$4258 [3] 1'1 }, B={ $memory\mem$rdmux[0][3][0]$b$4259 [28:26] $memory\mem$rdmux[0][3][0]$b$4259 [23] $memory\mem$rdmux[0][3][0]$b$4259 [20] $memory\mem$rdmux[0][3][0]$b$4259 [20] $memory\mem$rdmux[0][3][0]$b$4259 [20:18] $memory\mem$rdmux[0][3][0]$b$4259 [15] $memory\mem$rdmux[0][3][0]$b$4259 [13] $memory\mem$rdmux[0][3][0]$b$4259 [13:5] $memory\mem$rdmux[0][3][0]$b$4259 [3:2] }, Y={ $memory\mem$rdmux[0][2][0]$a$4246 [28:26] $memory\mem$rdmux[0][2][0]$a$4246 [23:18] $memory\mem$rdmux[0][2][0]$a$4246 [15:5] $memory\mem$rdmux[0][2][0]$a$4246 [3:2] }
      New connections: { $memory\mem$rdmux[0][2][0]$a$4246 [29] $memory\mem$rdmux[0][2][0]$a$4246 [25:24] $memory\mem$rdmux[0][2][0]$a$4246 [17:16] $memory\mem$rdmux[0][2][0]$a$4246 [4] $memory\mem$rdmux[0][2][0]$a$4246 [1:0] } = { $memory\mem$rdmux[0][2][0]$a$4246 [27] $memory\mem$rdmux[0][2][0]$a$4246 [23] $memory\mem$rdmux[0][2][0]$a$4246 [23] 1'0 $memory\mem$rdmux[0][2][0]$a$4246 [15] 3'000 }
  Optimizing cells in module $paramod$9e6bc8e233a88c507ee6c1d0d66120fe2d49b2c9\Instruction_Memory.
    Consolidated identical input bits for $mux cell $memory\mem$rdmux[0][2][2]$4251:
      Old ports: A=$memory\mem$rdmux[0][2][2]$a$4252, B=$memory\mem$rdmux[0][2][2]$b$4253, Y=$memory\mem$rdmux[0][1][1]$a$4243
      New ports: A={ $memory\mem$rdmux[0][2][2]$a$4252 [29:5] $memory\mem$rdmux[0][2][2]$a$4252 [3] 2'10 }, B={ 1'0 $memory\mem$rdmux[0][2][2]$b$4253 [5] 1'0 $memory\mem$rdmux[0][2][2]$b$4253 [26] 3'000 $memory\mem$rdmux[0][2][2]$b$4253 [22] $memory\mem$rdmux[0][2][2]$b$4253 [11] $memory\mem$rdmux[0][2][2]$b$4253 [7] $memory\mem$rdmux[0][2][2]$b$4253 [5] $memory\mem$rdmux[0][2][2]$b$4253 [13] $memory\mem$rdmux[0][2][2]$b$4253 [11] $memory\mem$rdmux[0][2][2]$b$4253 [9] $memory\mem$rdmux[0][2][2]$b$4253 [11] 1'0 $memory\mem$rdmux[0][2][2]$b$4253 [13] $memory\mem$rdmux[0][2][2]$b$4253 [5] $memory\mem$rdmux[0][2][2]$b$4253 [11:9] 1'0 $memory\mem$rdmux[0][2][2]$b$4253 [7:5] $memory\mem$rdmux[0][2][2]$b$4253 [3:2] $memory\mem$rdmux[0][2][2]$b$4253 [0] }, Y={ $memory\mem$rdmux[0][1][1]$a$4243 [29:5] $memory\mem$rdmux[0][1][1]$a$4243 [3:2] $memory\mem$rdmux[0][1][1]$a$4243 [0] }
      New connections: { $memory\mem$rdmux[0][1][1]$a$4243 [4] $memory\mem$rdmux[0][1][1]$a$4243 [1] } = { $memory\mem$rdmux[0][1][1]$a$4243 [0] $memory\mem$rdmux[0][1][1]$a$4243 [0] }
    Consolidated identical input bits for $mux cell $memory\mem$rdmux[0][2][1]$4248:
      Old ports: A=$memory\mem$rdmux[0][2][1]$a$4249, B=$memory\mem$rdmux[0][2][1]$b$4250, Y=$memory\mem$rdmux[0][1][0]$b$4241
      New ports: A={ $memory\mem$rdmux[0][2][1]$a$4249 [26] $memory\mem$rdmux[0][2][1]$a$4249 [28] $memory\mem$rdmux[0][2][1]$a$4249 [23] $memory\mem$rdmux[0][2][1]$a$4249 [26] 1'0 $memory\mem$rdmux[0][2][1]$a$4249 [24:5] $memory\mem$rdmux[0][2][1]$a$4249 [3] }, B={ $memory\mem$rdmux[0][2][1]$b$4250 [29:5] $memory\mem$rdmux[0][2][1]$b$4250 [3] }, Y={ $memory\mem$rdmux[0][1][0]$b$4241 [29:5] $memory\mem$rdmux[0][1][0]$b$4241 [3] }
      New connections: { $memory\mem$rdmux[0][1][0]$b$4241 [4] $memory\mem$rdmux[0][1][0]$b$4241 [2:0] } = 4'0100
    Consolidated identical input bits for $mux cell $memory\mem$rdmux[0][2][0]$4245:
      Old ports: A=$memory\mem$rdmux[0][2][0]$a$4246, B=$memory\mem$rdmux[0][2][0]$b$4247, Y=$memory\mem$rdmux[0][1][0]$a$4240
      New ports: A={ $memory\mem$rdmux[0][2][0]$a$4246 [27] $memory\mem$rdmux[0][2][0]$a$4246 [28:26] $memory\mem$rdmux[0][2][0]$a$4246 [23] $memory\mem$rdmux[0][2][0]$a$4246 [23] $memory\mem$rdmux[0][2][0]$a$4246 [23:18] 1'0 $memory\mem$rdmux[0][2][0]$a$4246 [15] $memory\mem$rdmux[0][2][0]$a$4246 [15:5] 1'0 $memory\mem$rdmux[0][2][0]$a$4246 [3:2] 1'0 }, B={ $memory\mem$rdmux[0][2][0]$b$4247 [29:2] $memory\mem$rdmux[0][2][0]$b$4247 [0] }, Y={ $memory\mem$rdmux[0][1][0]$a$4240 [29:2] $memory\mem$rdmux[0][1][0]$a$4240 [0] }
      New connections: $memory\mem$rdmux[0][1][0]$a$4240 [1] = $memory\mem$rdmux[0][1][0]$a$4240 [0]
  Optimizing cells in module $paramod$9e6bc8e233a88c507ee6c1d0d66120fe2d49b2c9\Instruction_Memory.
    Consolidated identical input bits for $mux cell $memory\mem$rdmux[0][1][1]$4242:
      Old ports: A=$memory\mem$rdmux[0][1][1]$a$4243, B=30'000000000000000000000000000100, Y=$memory\mem$rdmux[0][0][0]$b$4238
      New ports: A={ $memory\mem$rdmux[0][1][1]$a$4243 [29:5] $memory\mem$rdmux[0][1][1]$a$4243 [3:2] $memory\mem$rdmux[0][1][1]$a$4243 [0] }, B=28'0000000000000000000000000010, Y={ $memory\mem$rdmux[0][0][0]$b$4238 [29:5] $memory\mem$rdmux[0][0][0]$b$4238 [3:2] $memory\mem$rdmux[0][0][0]$b$4238 [0] }
      New connections: { $memory\mem$rdmux[0][0][0]$b$4238 [4] $memory\mem$rdmux[0][0][0]$b$4238 [1] } = { $memory\mem$rdmux[0][0][0]$b$4238 [0] $memory\mem$rdmux[0][0][0]$b$4238 [0] }
    Consolidated identical input bits for $mux cell $memory\mem$rdmux[0][1][0]$4239:
      Old ports: A=$memory\mem$rdmux[0][1][0]$a$4240, B=$memory\mem$rdmux[0][1][0]$b$4241, Y=$memory\mem$rdmux[0][0][0]$a$4237
      New ports: A={ $memory\mem$rdmux[0][1][0]$a$4240 [29:2] $memory\mem$rdmux[0][1][0]$a$4240 [0] }, B={ $memory\mem$rdmux[0][1][0]$b$4241 [29:5] 1'0 $memory\mem$rdmux[0][1][0]$b$4241 [3] 2'10 }, Y={ $memory\mem$rdmux[0][0][0]$a$4237 [29:2] $memory\mem$rdmux[0][0][0]$a$4237 [0] }
      New connections: $memory\mem$rdmux[0][0][0]$a$4237 [1] = $memory\mem$rdmux[0][0][0]$a$4237 [0]
  Optimizing cells in module $paramod$9e6bc8e233a88c507ee6c1d0d66120fe2d49b2c9\Instruction_Memory.
    Consolidated identical input bits for $mux cell $memory\mem$rdmux[0][0][0]$4236:
      Old ports: A=$memory\mem$rdmux[0][0][0]$a$4237, B=$memory\mem$rdmux[0][0][0]$b$4238, Y=$memrd$\mem$rtl/Single_Cycle.v:40$128_DATA [31:2]
      New ports: A={ $memory\mem$rdmux[0][0][0]$a$4237 [29:2] $memory\mem$rdmux[0][0][0]$a$4237 [0] }, B={ $memory\mem$rdmux[0][0][0]$b$4238 [29:5] $memory\mem$rdmux[0][0][0]$b$4238 [0] $memory\mem$rdmux[0][0][0]$b$4238 [3:2] $memory\mem$rdmux[0][0][0]$b$4238 [0] }, Y={ $memrd$\mem$rtl/Single_Cycle.v:40$128_DATA [31:4] $memrd$\mem$rtl/Single_Cycle.v:40$128_DATA [2] }
      New connections: $memrd$\mem$rtl/Single_Cycle.v:40$128_DATA [3] = $memrd$\mem$rtl/Single_Cycle.v:40$128_DATA [2]
  Optimizing cells in module $paramod$9e6bc8e233a88c507ee6c1d0d66120fe2d49b2c9\Instruction_Memory.
    Consolidated identical input bits for $mux cell $ternary$rtl/Single_Cycle.v:40$129:
      Old ports: A=31'0000000000000000000000000000000, B={ $memrd$\mem$rtl/Single_Cycle.v:40$128_DATA [31:2] 1'1 }, Y={ \instruction [31:2] \instruction [0] }
      New ports: A=30'000000000000000000000000000000, B={ $memrd$\mem$rtl/Single_Cycle.v:40$128_DATA [31:4] $memrd$\mem$rtl/Single_Cycle.v:40$128_DATA [2] 1'1 }, Y={ \instruction [31:4] \instruction [2] \instruction [0] }
      New connections: \instruction [3] = \instruction [2]
  Optimizing cells in module $paramod$9e6bc8e233a88c507ee6c1d0d66120fe2d49b2c9\Instruction_Memory.
  Optimizing cells in module \ALU.
  Optimizing cells in module \Control_Unit.
    Consolidated identical input bits for $mux cell $procmux$162:
      Old ports: A=3'000, B=3'111, Y=$6\op[3:0]
      New ports: A=1'0, B=1'1, Y=$6\op[3:0] [0]
      New connections: $6\op[3:0] [2:1] = { $6\op[3:0] [0] $6\op[3:0] [0] }
  Optimizing cells in module \Control_Unit.
    Consolidated identical input bits for $mux cell $procmux$196:
      Old ports: A=$6\op[3:0], B=3'110, Y=$5\op[3:0]
      New ports: A={ $6\op[3:0] [0] $6\op[3:0] [0] }, B=2'10, Y=$5\op[3:0] [1:0]
      New connections: $5\op[3:0] [2] = $5\op[3:0] [1]
  Optimizing cells in module \Control_Unit.
  Optimizing cells in module \Immediate_Generator.
    Consolidated identical input bits for $pmux cell $procmux$419:
      Old ports: A=0, B={ \ins [31] \ins [31] \ins [31] \ins [31] \ins [31] \ins [31] \ins [31] \ins [31] \ins [31] \ins [31] \ins [31] \ins [31] \ins [31] \ins [31] \ins [31] \ins [31] \ins [31] \ins [31] \ins [31] \ins [31] \ins [31:20] \ins [31] \ins [31] \ins [31] \ins [31] \ins [31] \ins [31] \ins [31] \ins [31] \ins [31] \ins [31] \ins [31] \ins [31] \ins [31] \ins [31] \ins [31] \ins [31] \ins [31] \ins [31] \ins [31] \ins [31] \ins [31:25] \ins [11:7] \ins [31] \ins [31] \ins [31] \ins [31] \ins [31] \ins [31] \ins [31] \ins [31] \ins [31] \ins [31] \ins [31] \ins [31] \ins [31] \ins [31] \ins [31] \ins [31] \ins [31] \ins [31] \ins [31] \ins [31] \ins [7] \ins [30:25] \ins [11:8] 1'0 \ins [31] \ins [31] \ins [31] \ins [31] \ins [31] \ins [31] \ins [31] \ins [31] \ins [31] \ins [31] \ins [31] \ins [31] \ins [19:12] \ins [20] \ins [30:21] 1'0 }, Y=\imm
      New ports: A=21'000000000000000000000, B={ \ins [31] \ins [31] \ins [31] \ins [31] \ins [31] \ins [31] \ins [31] \ins [31] \ins [31] \ins [31:20] \ins [31] \ins [31] \ins [31] \ins [31] \ins [31] \ins [31] \ins [31] \ins [31] \ins [31] \ins [31:25] \ins [11:7] \ins [31] \ins [31] \ins [31] \ins [31] \ins [31] \ins [31] \ins [31] \ins [31] \ins [31] \ins [7] \ins [30:25] \ins [11:8] 1'0 \ins [31] \ins [19:12] \ins [20] \ins [30:21] 1'0 }, Y=\imm [20:0]
      New connections: \imm [31:21] = { \imm [20] \imm [20] \imm [20] \imm [20] \imm [20] \imm [20] \imm [20] \imm [20] \imm [20] \imm [20] \imm [20] }
  Optimizing cells in module \Immediate_Generator.
  Optimizing cells in module \Register_File.
  Optimizing cells in module $paramod\Data_Memory\WORDS=s32'00000000000000000000000001000000.
  Optimizing cells in module \Single_Cycle.
Performed a total of 174 changes.

3.19.5. Executing OPT_MERGE pass (detect identical cells).
Finding identical cells in module `$paramod$9e6bc8e233a88c507ee6c1d0d66120fe2d49b2c9\Instruction_Memory'.
Computing hashes of 174 cells of `$paramod$9e6bc8e233a88c507ee6c1d0d66120fe2d49b2c9\Instruction_Memory'.
Finding duplicate cells in `$paramod$9e6bc8e233a88c507ee6c1d0d66120fe2d49b2c9\Instruction_Memory'.
Computing hashes of 95 cells of `$paramod$9e6bc8e233a88c507ee6c1d0d66120fe2d49b2c9\Instruction_Memory'.
Finding duplicate cells in `$paramod$9e6bc8e233a88c507ee6c1d0d66120fe2d49b2c9\Instruction_Memory'.
<suppressed ~237 debug messages>
Finding identical cells in module `\ALU'.
Computing hashes of 23 cells of `\ALU'.
Finding duplicate cells in `\ALU'.
Finding identical cells in module `\Control_Unit'.
Computing hashes of 39 cells of `\Control_Unit'.
Finding duplicate cells in `\Control_Unit'.
Finding identical cells in module `\Immediate_Generator'.
Computing hashes of 7 cells of `\Immediate_Generator'.
Finding duplicate cells in `\Immediate_Generator'.
Finding identical cells in module `\Register_File'.
Computing hashes of 161 cells of `\Register_File'.
Finding duplicate cells in `\Register_File'.
Finding identical cells in module `$paramod\Data_Memory\WORDS=s32'00000000000000000000000001000000'.
Computing hashes of 200 cells of `$paramod\Data_Memory\WORDS=s32'00000000000000000000000001000000'.
Finding duplicate cells in `$paramod\Data_Memory\WORDS=s32'00000000000000000000000001000000'.
Finding identical cells in module `\Single_Cycle'.
Computing hashes of 31 cells of `\Single_Cycle'.
Finding duplicate cells in `\Single_Cycle'.
Removed a total of 79 cells.

3.19.6. Executing OPT_SHARE pass.

3.19.7. Executing OPT_DFF pass (perform DFF optimizations).

3.19.8. Executing OPT_CLEAN pass (remove unused cells and wires).
Finding unused cells or wires in module $paramod$9e6bc8e233a88c507ee6c1d0d66120fe2d49b2c9\Instruction_Memory..
Finding unused cells or wires in module \ALU..
Finding unused cells or wires in module \Control_Unit..
Finding unused cells or wires in module \Immediate_Generator..
Finding unused cells or wires in module \Register_File..
Finding unused cells or wires in module $paramod\Data_Memory\WORDS=s32'00000000000000000000000001000000..
Finding unused cells or wires in module \Single_Cycle..
Removed 0 unused cells and 421 unused wires.
<suppressed ~1 debug messages>

3.19.9. Executing OPT_EXPR pass (perform const folding).
Optimizing module $paramod$9e6bc8e233a88c507ee6c1d0d66120fe2d49b2c9\Instruction_Memory.
<suppressed ~2 debug messages>
Optimizing module ALU.
Optimizing module Control_Unit.
<suppressed ~1 debug messages>
Optimizing module Immediate_Generator.
Optimizing module Register_File.
Optimizing module $paramod\Data_Memory\WORDS=s32'00000000000000000000000001000000.
Optimizing module Single_Cycle.

3.19.10. Rerunning OPT passes. (Maybe there is more to do..)

3.19.11. Executing OPT_MUXTREE pass (detect dead branches in mux trees).
Running muxtree optimizer on module $paramod$9e6bc8e233a88c507ee6c1d0d66120fe2d49b2c9\Instruction_Memory..
  Creating internal representation of mux trees.
  Evaluating internal representation of mux trees.
  Analyzing evaluation results.
Running muxtree optimizer on module \ALU..
  Creating internal representation of mux trees.
  Evaluating internal representation of mux trees.
  Analyzing evaluation results.
Running muxtree optimizer on module \Control_Unit..
  Creating internal representation of mux trees.
  Evaluating internal representation of mux trees.
  Analyzing evaluation results.
Running muxtree optimizer on module \Immediate_Generator..
  Creating internal representation of mux trees.
  Evaluating internal representation of mux trees.
  Analyzing evaluation results.
Running muxtree optimizer on module \Register_File..
  Creating internal representation of mux trees.
  Evaluating internal representation of mux trees.
  Analyzing evaluation results.
Running muxtree optimizer on module $paramod\Data_Memory\WORDS=s32'00000000000000000000000001000000..
  Creating internal representation of mux trees.
  Evaluating internal representation of mux trees.
  Analyzing evaluation results.
Running muxtree optimizer on module \Single_Cycle..
  Creating internal representation of mux trees.
  Evaluating internal representation of mux trees.
  Analyzing evaluation results.
Removed 0 multiplexer ports.
<suppressed ~199 debug messages>

3.19.12. Executing OPT_REDUCE pass (consolidate $*mux and $reduce_* inputs).
  Optimizing cells in module $paramod$9e6bc8e233a88c507ee6c1d0d66120fe2d49b2c9\Instruction_Memory.
    Consolidated identical input bits for $mux cell $memory\mem$rdmux[0][6][24]$4497:
      Old ports: A={ 2'01 $memory\mem$rdmux[0][6][0]$a$4426 [6:5] $memory\mem$rdmux[0][6][0]$a$4426 [6] $memory\mem$rdmux[0][6][0]$a$4426 [6] $memory\mem$rdmux[0][6][0]$a$4426 [6:5] 3'100 }, B={ $memory\mem$rdmux[0][6][0]$a$4426 [6] $memory\mem$rdmux[0][6][0]$a$4426 [6] 1'0 $memory\mem$rdmux[0][6][0]$a$4426 [5] $memory\mem$rdmux[0][6][0]$a$4426 [5] 1'1 $memory\mem$rdmux[0][6][0]$a$4426 [6] 3'101 $memory\mem$rdmux[0][6][0]$a$4426 [5] }, Y={ $memory\mem$rdmux[0][5][12]$a$4366 [26] $memory\mem$rdmux[0][5][12]$a$4366 [20] $memory\mem$rdmux[0][5][12]$a$4366 [17] $memory\mem$rdmux[0][5][12]$a$4366 [13:9] $memory\mem$rdmux[0][5][12]$a$4366 [6:5] $memory\mem$rdmux[0][5][12]$a$4366 [3] }
      New ports: A={ 2'01 $memory\mem$rdmux[0][6][0]$a$4426 [6] $memory\mem$rdmux[0][6][0]$a$4426 [6] $memory\mem$rdmux[0][6][0]$a$4426 [6:5] 3'100 }, B={ $memory\mem$rdmux[0][6][0]$a$4426 [6] $memory\mem$rdmux[0][6][0]$a$4426 [6] 1'0 $memory\mem$rdmux[0][6][0]$a$4426 [5] 4'1101 $memory\mem$rdmux[0][6][0]$a$4426 [5] }, Y={ $memory\mem$rdmux[0][5][12]$a$4366 [26] $memory\mem$rdmux[0][5][12]$a$4366 [20] $memory\mem$rdmux[0][5][12]$a$4366 [17] $memory\mem$rdmux[0][5][12]$a$4366 [12:11] $memory\mem$rdmux[0][5][12]$a$4366 [9] $memory\mem$rdmux[0][5][12]$a$4366 [6:5] $memory\mem$rdmux[0][5][12]$a$4366 [3] }
      New connections: { $memory\mem$rdmux[0][5][12]$a$4366 [13] $memory\mem$rdmux[0][5][12]$a$4366 [10] } = { $memory\mem$rdmux[0][6][0]$a$4426 [5] $memory\mem$rdmux[0][6][0]$a$4426 [6] }
    Consolidated identical input bits for $mux cell $memory\mem$rdmux[0][6][22]$4491:
      Old ports: A={ $memory\mem$rdmux[0][6][0]$a$4426 [6:5] 1'1 $memory\mem$rdmux[0][6][0]$a$4426 [6:5] 2'10 $memory\mem$rdmux[0][6][0]$a$4426 [6] 1'0 $memory\mem$rdmux[0][6][0]$a$4426 [5] }, B={ 1'0 $memory\mem$rdmux[0][6][0]$a$4426 [6:5] 1'1 $memory\mem$rdmux[0][6][0]$a$4426 [5] $memory\mem$rdmux[0][6][0]$a$4426 [6] $memory\mem$rdmux[0][6][0]$a$4426 [6:5] 2'11 }, Y={ $memory\mem$rdmux[0][5][11]$a$4363 [24] $memory\mem$rdmux[0][5][11]$a$4363 [22] $memory\mem$rdmux[0][5][11]$a$4363 [18] $memory\mem$rdmux[0][5][11]$a$4363 [11:9] $memory\mem$rdmux[0][5][11]$a$4363 [7:5] $memory\mem$rdmux[0][5][11]$a$4363 [3] }
      New ports: A={ $memory\mem$rdmux[0][6][0]$a$4426 [6:5] 1'1 $memory\mem$rdmux[0][6][0]$a$4426 [6] 2'10 $memory\mem$rdmux[0][6][0]$a$4426 [6] 1'0 $memory\mem$rdmux[0][6][0]$a$4426 [5] }, B={ 1'0 $memory\mem$rdmux[0][6][0]$a$4426 [6:5] 1'1 $memory\mem$rdmux[0][6][0]$a$4426 [6] $memory\mem$rdmux[0][6][0]$a$4426 [6:5] 2'11 }, Y={ $memory\mem$rdmux[0][5][11]$a$4363 [24] $memory\mem$rdmux[0][5][11]$a$4363 [22] $memory\mem$rdmux[0][5][11]$a$4363 [18] $memory\mem$rdmux[0][5][11]$a$4363 [11] $memory\mem$rdmux[0][5][11]$a$4363 [9] $memory\mem$rdmux[0][5][11]$a$4363 [7:5] $memory\mem$rdmux[0][5][11]$a$4363 [3] }
      New connections: $memory\mem$rdmux[0][5][11]$a$4363 [10] = $memory\mem$rdmux[0][6][0]$a$4426 [5]
    Consolidated identical input bits for $mux cell $memory\mem$rdmux[0][6][21]$4488:
      Old ports: A={ $memory\mem$rdmux[0][6][0]$a$4426 [6] 2'01 $memory\mem$rdmux[0][6][0]$a$4426 [5] $memory\mem$rdmux[0][6][0]$a$4426 [5] $memory\mem$rdmux[0][6][0]$a$4426 [5] 1'0 $memory\mem$rdmux[0][6][0]$a$4426 [6:5] 1'1 }, B={ 1'0 $memory\mem$rdmux[0][6][0]$a$4426 [6] 2'00 $memory\mem$rdmux[0][6][0]$a$4426 [5] 2'11 $memory\mem$rdmux[0][6][0]$a$4426 [5] $memory\mem$rdmux[0][6][0]$a$4426 [6:5] }, Y={ $memory\mem$rdmux[0][5][10]$b$4361 [22] $memory\mem$rdmux[0][5][10]$b$4361 [16] $memory\mem$rdmux[0][5][10]$b$4361 [14] $memory\mem$rdmux[0][5][10]$b$4361 [11] $memory\mem$rdmux[0][5][10]$b$4361 [9:5] $memory\mem$rdmux[0][5][10]$b$4361 [3] }
      New ports: A={ $memory\mem$rdmux[0][6][0]$a$4426 [6] 2'01 $memory\mem$rdmux[0][6][0]$a$4426 [5] $memory\mem$rdmux[0][6][0]$a$4426 [5] 1'0 $memory\mem$rdmux[0][6][0]$a$4426 [6:5] 1'1 }, B={ 1'0 $memory\mem$rdmux[0][6][0]$a$4426 [6] 4'0011 $memory\mem$rdmux[0][6][0]$a$4426 [5] $memory\mem$rdmux[0][6][0]$a$4426 [6:5] }, Y={ $memory\mem$rdmux[0][5][10]$b$4361 [22] $memory\mem$rdmux[0][5][10]$b$4361 [16] $memory\mem$rdmux[0][5][10]$b$4361 [14] $memory\mem$rdmux[0][5][10]$b$4361 [11] $memory\mem$rdmux[0][5][10]$b$4361 [8:5] $memory\mem$rdmux[0][5][10]$b$4361 [3] }
      New connections: $memory\mem$rdmux[0][5][10]$b$4361 [9] = $memory\mem$rdmux[0][6][0]$a$4426 [5]
    Consolidated identical input bits for $mux cell $memory\mem$rdmux[0][6][14]$4467:
      Old ports: A={ $memory\mem$rdmux[0][6][0]$b$4427 [5] 2'10 $memory\mem$rdmux[0][6][0]$b$4427 [5] 2'00 $memory\mem$rdmux[0][6][0]$b$4427 [5] $memory\mem$rdmux[0][6][0]$b$4427 [5] 1'1 $memory\mem$rdmux[0][6][0]$b$4427 [3] $memory\mem$rdmux[0][6][0]$b$4427 [3] }, B={ $memory\mem$rdmux[0][6][0]$b$4427 [5] $memory\mem$rdmux[0][6][0]$b$4427 [5] 2'10 $memory\mem$rdmux[0][6][0]$b$4427 [3] $memory\mem$rdmux[0][6][0]$b$4427 [5] 1'1 $memory\mem$rdmux[0][6][0]$b$4427 [3] 2'01 $memory\mem$rdmux[0][6][0]$b$4427 [3] }, Y={ $memory\mem$rdmux[0][5][7]$a$4351 [20:19] $memory\mem$rdmux[0][5][7]$a$4351 [16] $memory\mem$rdmux[0][5][7]$a$4351 [13] $memory\mem$rdmux[0][5][7]$a$4351 [11:10] $memory\mem$rdmux[0][5][7]$a$4351 [8:5] $memory\mem$rdmux[0][5][7]$a$4351 [3] }
      New ports: A={ 2'10 $memory\mem$rdmux[0][6][0]$b$4427 [5] 2'00 $memory\mem$rdmux[0][6][0]$b$4427 [5] $memory\mem$rdmux[0][6][0]$b$4427 [5] 1'1 $memory\mem$rdmux[0][6][0]$b$4427 [3] }, B={ $memory\mem$rdmux[0][6][0]$b$4427 [5] 2'10 $memory\mem$rdmux[0][6][0]$b$4427 [3] $memory\mem$rdmux[0][6][0]$b$4427 [5] 1'1 $memory\mem$rdmux[0][6][0]$b$4427 [3] 2'01 }, Y={ $memory\mem$rdmux[0][5][7]$a$4351 [19] $memory\mem$rdmux[0][5][7]$a$4351 [16] $memory\mem$rdmux[0][5][7]$a$4351 [13] $memory\mem$rdmux[0][5][7]$a$4351 [11:10] $memory\mem$rdmux[0][5][7]$a$4351 [8:5] }
      New connections: { $memory\mem$rdmux[0][5][7]$a$4351 [20] $memory\mem$rdmux[0][5][7]$a$4351 [3] } = { $memory\mem$rdmux[0][6][0]$b$4427 [5] $memory\mem$rdmux[0][6][0]$b$4427 [3] }
    Consolidated identical input bits for $mux cell $memory\mem$rdmux[0][6][12]$4461:
      Old ports: A={ 4'0100 $memory\mem$rdmux[0][6][0]$b$4427 [5] $memory\mem$rdmux[0][6][0]$b$4427 [3] $memory\mem$rdmux[0][6][0]$b$4427 [5] $memory\mem$rdmux[0][6][0]$b$4427 [5] 2'11 $memory\mem$rdmux[0][6][0]$b$4427 [3] $memory\mem$rdmux[0][6][0]$b$4427 [3] }, B={ 2'10 $memory\mem$rdmux[0][6][0]$b$4427 [5] $memory\mem$rdmux[0][6][0]$b$4427 [3] 3'110 $memory\mem$rdmux[0][6][0]$b$4427 [5] $memory\mem$rdmux[0][6][0]$b$4427 [3] $memory\mem$rdmux[0][6][0]$b$4427 [5] $memory\mem$rdmux[0][6][0]$b$4427 [3] 1'0 }, Y={ $memory\mem$rdmux[0][5][6]$a$4348 [28] $memory\mem$rdmux[0][5][6]$a$4348 [21:16] $memory\mem$rdmux[0][5][6]$a$4348 [10:9] $memory\mem$rdmux[0][5][6]$a$4348 [7:6] $memory\mem$rdmux[0][5][6]$a$4348 [3] }
      New ports: A={ 4'0100 $memory\mem$rdmux[0][6][0]$b$4427 [5] $memory\mem$rdmux[0][6][0]$b$4427 [3] $memory\mem$rdmux[0][6][0]$b$4427 [5] 2'11 $memory\mem$rdmux[0][6][0]$b$4427 [3] }, B={ 2'10 $memory\mem$rdmux[0][6][0]$b$4427 [5] $memory\mem$rdmux[0][6][0]$b$4427 [3] 3'110 $memory\mem$rdmux[0][6][0]$b$4427 [3] $memory\mem$rdmux[0][6][0]$b$4427 [5] 1'0 }, Y={ $memory\mem$rdmux[0][5][6]$a$4348 [28] $memory\mem$rdmux[0][5][6]$a$4348 [21:16] $memory\mem$rdmux[0][5][6]$a$4348 [9] $memory\mem$rdmux[0][5][6]$a$4348 [7] $memory\mem$rdmux[0][5][6]$a$4348 [3] }
      New connections: { $memory\mem$rdmux[0][5][6]$a$4348 [10] $memory\mem$rdmux[0][5][6]$a$4348 [6] } = { $memory\mem$rdmux[0][6][0]$b$4427 [5] $memory\mem$rdmux[0][6][0]$b$4427 [3] }
    Consolidated identical input bits for $mux cell $memory\mem$rdmux[0][6][8]$4449:
      Old ports: A={ 1'1 $memory\mem$rdmux[0][6][0]$b$4427 [3] $memory\mem$rdmux[0][6][0]$b$4427 [5] $memory\mem$rdmux[0][6][0]$b$4427 [5] 1'0 $memory\mem$rdmux[0][6][0]$b$4427 [5] 1'0 $memory\mem$rdmux[0][6][0]$b$4427 [3] }, B={ 1'0 $memory\mem$rdmux[0][6][0]$b$4427 [5] 1'1 $memory\mem$rdmux[0][6][0]$b$4427 [3] $memory\mem$rdmux[0][6][0]$b$4427 [3] 1'0 $memory\mem$rdmux[0][6][0]$b$4427 [5] $memory\mem$rdmux[0][6][0]$b$4427 [3] }, Y={ $memory\mem$rdmux[0][5][4]$a$4342 [23] $memory\mem$rdmux[0][5][4]$a$4342 [19] $memory\mem$rdmux[0][5][4]$a$4342 [8:5] $memory\mem$rdmux[0][5][4]$a$4342 [3:2] }
      New ports: A={ 1'1 $memory\mem$rdmux[0][6][0]$b$4427 [3] $memory\mem$rdmux[0][6][0]$b$4427 [5] $memory\mem$rdmux[0][6][0]$b$4427 [5] 1'0 $memory\mem$rdmux[0][6][0]$b$4427 [5] 1'0 }, B={ 1'0 $memory\mem$rdmux[0][6][0]$b$4427 [5] 1'1 $memory\mem$rdmux[0][6][0]$b$4427 [3] $memory\mem$rdmux[0][6][0]$b$4427 [3] 1'0 $memory\mem$rdmux[0][6][0]$b$4427 [5] }, Y={ $memory\mem$rdmux[0][5][4]$a$4342 [23] $memory\mem$rdmux[0][5][4]$a$4342 [19] $memory\mem$rdmux[0][5][4]$a$4342 [8:5] $memory\mem$rdmux[0][5][4]$a$4342 [3] }
      New connections: $memory\mem$rdmux[0][5][4]$a$4342 [2] = $memory\mem$rdmux[0][6][0]$b$4427 [3]
    Consolidated identical input bits for $mux cell $memory\mem$rdmux[0][6][7]$4446:
      Old ports: A={ 1'0 $memory\mem$rdmux[0][6][0]$a$4426 [5] 2'01 $memory\mem$rdmux[0][6][0]$a$4426 [5] $memory\mem$rdmux[0][6][0]$a$4426 [6:5] 1'0 }, B={ 2'10 $memory\mem$rdmux[0][6][0]$a$4426 [6] $memory\mem$rdmux[0][6][0]$a$4426 [6:5] 1'0 $memory\mem$rdmux[0][6][0]$a$4426 [6:5] }, Y={ $memory\mem$rdmux[0][5][3]$b$4340 [26] $memory\mem$rdmux[0][5][3]$b$4340 [18] $memory\mem$rdmux[0][5][3]$b$4340 [15] $memory\mem$rdmux[0][5][3]$b$4340 [11] $memory\mem$rdmux[0][5][3]$b$4340 [7] $memory\mem$rdmux[0][5][3]$b$4340 [5] $memory\mem$rdmux[0][5][3]$b$4340 [3:2] }
      New ports: A={ 1'0 $memory\mem$rdmux[0][6][0]$a$4426 [5] 2'01 $memory\mem$rdmux[0][6][0]$a$4426 [6:5] 1'0 }, B={ 2'10 $memory\mem$rdmux[0][6][0]$a$4426 [6] $memory\mem$rdmux[0][6][0]$a$4426 [6] 1'0 $memory\mem$rdmux[0][6][0]$a$4426 [6:5] }, Y={ $memory\mem$rdmux[0][5][3]$b$4340 [26] $memory\mem$rdmux[0][5][3]$b$4340 [18] $memory\mem$rdmux[0][5][3]$b$4340 [15] $memory\mem$rdmux[0][5][3]$b$4340 [11] $memory\mem$rdmux[0][5][3]$b$4340 [5] $memory\mem$rdmux[0][5][3]$b$4340 [3:2] }
      New connections: $memory\mem$rdmux[0][5][3]$b$4340 [7] = $memory\mem$rdmux[0][6][0]$a$4426 [5]
    Consolidated identical input bits for $mux cell $memory\mem$rdmux[0][6][25]$4500:
      Old ports: A={ 2'01 $memory\mem$rdmux[0][6][0]$b$4427 [5] 1'1 $memory\mem$rdmux[0][6][0]$b$4427 [5] $memory\mem$rdmux[0][6][0]$b$4427 [3] 2'00 $memory\mem$rdmux[0][6][0]$b$4427 [5] 1'1 $memory\mem$rdmux[0][6][0]$b$4427 [3] }, B={ $memory\mem$rdmux[0][6][0]$b$4427 [5] $memory\mem$rdmux[0][6][0]$b$4427 [5] $memory\mem$rdmux[0][6][0]$b$4427 [3] $memory\mem$rdmux[0][6][0]$b$4427 [3] $memory\mem$rdmux[0][6][0]$b$4427 [5] $memory\mem$rdmux[0][6][0]$b$4427 [5] $memory\mem$rdmux[0][6][0]$b$4427 [3] 4'1100 }, Y={ $memory\mem$rdmux[0][5][12]$b$4367 [20] $memory\mem$rdmux[0][5][12]$b$4367 [17:16] $memory\mem$rdmux[0][5][12]$b$4367 [14:12] $memory\mem$rdmux[0][5][12]$b$4367 [10:9] $memory\mem$rdmux[0][5][12]$b$4367 [7:5] }
      New ports: A={ 2'01 $memory\mem$rdmux[0][6][0]$b$4427 [5] 1'1 $memory\mem$rdmux[0][6][0]$b$4427 [3] 2'00 $memory\mem$rdmux[0][6][0]$b$4427 [5] 1'1 $memory\mem$rdmux[0][6][0]$b$4427 [3] }, B={ $memory\mem$rdmux[0][6][0]$b$4427 [5] $memory\mem$rdmux[0][6][0]$b$4427 [5] $memory\mem$rdmux[0][6][0]$b$4427 [3] $memory\mem$rdmux[0][6][0]$b$4427 [3] $memory\mem$rdmux[0][6][0]$b$4427 [5] $memory\mem$rdmux[0][6][0]$b$4427 [3] 4'1100 }, Y={ $memory\mem$rdmux[0][5][12]$b$4367 [20] $memory\mem$rdmux[0][5][12]$b$4367 [17:16] $memory\mem$rdmux[0][5][12]$b$4367 [14] $memory\mem$rdmux[0][5][12]$b$4367 [12] $memory\mem$rdmux[0][5][12]$b$4367 [10:9] $memory\mem$rdmux[0][5][12]$b$4367 [7:5] }
      New connections: $memory\mem$rdmux[0][5][12]$b$4367 [13] = $memory\mem$rdmux[0][6][0]$b$4427 [5]
    Consolidated identical input bits for $mux cell $memory\mem$rdmux[0][6][38]$4539:
      Old ports: A={ 1'0 $memory\mem$rdmux[0][6][0]$a$4426 [6] 1'0 $memory\mem$rdmux[0][6][0]$a$4426 [6:5] 1'1 $memory\mem$rdmux[0][6][0]$a$4426 [5] $memory\mem$rdmux[0][6][0]$a$4426 [5] 1'1 }, B={ $memory\mem$rdmux[0][6][0]$a$4426 [5] 1'1 $memory\mem$rdmux[0][6][0]$a$4426 [6:5] $memory\mem$rdmux[0][6][0]$a$4426 [6:5] 1'1 $memory\mem$rdmux[0][6][0]$a$4426 [5] 1'0 }, Y={ $memory\mem$rdmux[0][5][19]$a$4387 [20] $memory\mem$rdmux[0][5][19]$a$4387 [18] $memory\mem$rdmux[0][5][19]$a$4387 [16:15] $memory\mem$rdmux[0][5][19]$a$4387 [11:10] $memory\mem$rdmux[0][5][19]$a$4387 [7] $memory\mem$rdmux[0][5][19]$a$4387 [5] $memory\mem$rdmux[0][5][19]$a$4387 [3] }
      New ports: A={ 1'0 $memory\mem$rdmux[0][6][0]$a$4426 [6] 1'0 $memory\mem$rdmux[0][6][0]$a$4426 [6:5] 1'1 $memory\mem$rdmux[0][6][0]$a$4426 [5] 1'1 }, B={ $memory\mem$rdmux[0][6][0]$a$4426 [5] 1'1 $memory\mem$rdmux[0][6][0]$a$4426 [6:5] $memory\mem$rdmux[0][6][0]$a$4426 [6:5] 2'10 }, Y={ $memory\mem$rdmux[0][5][19]$a$4387 [20] $memory\mem$rdmux[0][5][19]$a$4387 [18] $memory\mem$rdmux[0][5][19]$a$4387 [16:15] $memory\mem$rdmux[0][5][19]$a$4387 [11:10] $memory\mem$rdmux[0][5][19]$a$4387 [7] $memory\mem$rdmux[0][5][19]$a$4387 [3] }
      New connections: $memory\mem$rdmux[0][5][19]$a$4387 [5] = $memory\mem$rdmux[0][6][0]$a$4426 [5]
    Consolidated identical input bits for $mux cell $memory\mem$rdmux[0][6][36]$4533:
      Old ports: A={ $memory\mem$rdmux[0][6][0]$b$4427 [5] $memory\mem$rdmux[0][6][0]$b$4427 [3] $memory\mem$rdmux[0][6][0]$b$4427 [5] 1'0 $memory\mem$rdmux[0][6][0]$b$4427 [3] $memory\mem$rdmux[0][6][0]$b$4427 [3] $memory\mem$rdmux[0][6][0]$b$4427 [3] 4'0111 }, B={ 1'0 $memory\mem$rdmux[0][6][0]$b$4427 [5] $memory\mem$rdmux[0][6][0]$b$4427 [3] 3'110 $memory\mem$rdmux[0][6][0]$b$4427 [3] $memory\mem$rdmux[0][6][0]$b$4427 [5] 1'0 $memory\mem$rdmux[0][6][0]$b$4427 [5] $memory\mem$rdmux[0][6][0]$b$4427 [3] }, Y={ $memory\mem$rdmux[0][5][18]$a$4384 [22:21] $memory\mem$rdmux[0][5][18]$a$4384 [19] $memory\mem$rdmux[0][5][18]$a$4384 [15] $memory\mem$rdmux[0][5][18]$a$4384 [11:8] $memory\mem$rdmux[0][5][18]$a$4384 [6:5] $memory\mem$rdmux[0][5][18]$a$4384 [3] }
      New ports: A={ $memory\mem$rdmux[0][6][0]$b$4427 [5] $memory\mem$rdmux[0][6][0]$b$4427 [3] $memory\mem$rdmux[0][6][0]$b$4427 [5] 1'0 $memory\mem$rdmux[0][6][0]$b$4427 [3] $memory\mem$rdmux[0][6][0]$b$4427 [3] 4'0111 }, B={ 1'0 $memory\mem$rdmux[0][6][0]$b$4427 [5] $memory\mem$rdmux[0][6][0]$b$4427 [3] 3'110 $memory\mem$rdmux[0][6][0]$b$4427 [5] 1'0 $memory\mem$rdmux[0][6][0]$b$4427 [5] $memory\mem$rdmux[0][6][0]$b$4427 [3] }, Y={ $memory\mem$rdmux[0][5][18]$a$4384 [22:21] $memory\mem$rdmux[0][5][18]$a$4384 [19] $memory\mem$rdmux[0][5][18]$a$4384 [15] $memory\mem$rdmux[0][5][18]$a$4384 [11:10] $memory\mem$rdmux[0][5][18]$a$4384 [8] $memory\mem$rdmux[0][5][18]$a$4384 [6:5] $memory\mem$rdmux[0][5][18]$a$4384 [3] }
      New connections: $memory\mem$rdmux[0][5][18]$a$4384 [9] = $memory\mem$rdmux[0][6][0]$b$4427 [3]
    Consolidated identical input bits for $mux cell $memory\mem$rdmux[0][6][34]$4527:
      Old ports: A={ $memory\mem$rdmux[0][6][0]$b$4427 [5] $memory\mem$rdmux[0][6][0]$b$4427 [3] $memory\mem$rdmux[0][6][0]$b$4427 [5] $memory\mem$rdmux[0][6][0]$b$4427 [3] $memory\mem$rdmux[0][6][0]$b$4427 [5] 2'01 $memory\mem$rdmux[0][6][0]$b$4427 [3] $memory\mem$rdmux[0][6][0]$b$4427 [5] 2'10 $memory\mem$rdmux[0][6][0]$b$4427 [3] }, B={ 2'01 $memory\mem$rdmux[0][6][0]$b$4427 [3] $memory\mem$rdmux[0][6][0]$b$4427 [5] 1'1 $memory\mem$rdmux[0][6][0]$b$4427 [5] 1'0 $memory\mem$rdmux[0][6][0]$b$4427 [3] $memory\mem$rdmux[0][6][0]$b$4427 [5] $memory\mem$rdmux[0][6][0]$b$4427 [3] $memory\mem$rdmux[0][6][0]$b$4427 [3] 1'0 }, Y={ $memory\mem$rdmux[0][5][17]$a$4381 [27] $memory\mem$rdmux[0][5][17]$a$4381 [20:19] $memory\mem$rdmux[0][5][17]$a$4381 [17] $memory\mem$rdmux[0][5][17]$a$4381 [14:12] $memory\mem$rdmux[0][5][17]$a$4381 [10:7] $memory\mem$rdmux[0][5][17]$a$4381 [3] }
      New ports: A={ $memory\mem$rdmux[0][6][0]$b$4427 [5] $memory\mem$rdmux[0][6][0]$b$4427 [3] $memory\mem$rdmux[0][6][0]$b$4427 [5] $memory\mem$rdmux[0][6][0]$b$4427 [3] $memory\mem$rdmux[0][6][0]$b$4427 [5] 4'0110 $memory\mem$rdmux[0][6][0]$b$4427 [3] }, B={ 2'01 $memory\mem$rdmux[0][6][0]$b$4427 [3] $memory\mem$rdmux[0][6][0]$b$4427 [5] 1'1 $memory\mem$rdmux[0][6][0]$b$4427 [5] 1'0 $memory\mem$rdmux[0][6][0]$b$4427 [3] $memory\mem$rdmux[0][6][0]$b$4427 [3] 1'0 }, Y={ $memory\mem$rdmux[0][5][17]$a$4381 [27] $memory\mem$rdmux[0][5][17]$a$4381 [20:19] $memory\mem$rdmux[0][5][17]$a$4381 [17] $memory\mem$rdmux[0][5][17]$a$4381 [14:12] $memory\mem$rdmux[0][5][17]$a$4381 [8:7] $memory\mem$rdmux[0][5][17]$a$4381 [3] }
      New connections: $memory\mem$rdmux[0][5][17]$a$4381 [10:9] = { $memory\mem$rdmux[0][6][0]$b$4427 [3] $memory\mem$rdmux[0][6][0]$b$4427 [5] }
    Consolidated identical input bits for $mux cell $memory\mem$rdmux[0][6][33]$4524:
      Old ports: A={ $memory\mem$rdmux[0][6][0]$b$4427 [3] 1'0 $memory\mem$rdmux[0][6][0]$b$4427 [3] $memory\mem$rdmux[0][6][0]$b$4427 [5] 1'0 $memory\mem$rdmux[0][6][0]$b$4427 [5] $memory\mem$rdmux[0][6][0]$b$4427 [3] 1'1 }, B={ $memory\mem$rdmux[0][6][0]$b$4427 [5] $memory\mem$rdmux[0][6][0]$b$4427 [5] 1'0 $memory\mem$rdmux[0][6][0]$b$4427 [5] $memory\mem$rdmux[0][6][0]$b$4427 [3] 1'0 $memory\mem$rdmux[0][6][0]$b$4427 [3] $memory\mem$rdmux[0][6][0]$b$4427 [3] }, Y={ $memory\mem$rdmux[0][5][16]$b$4379 [18] $memory\mem$rdmux[0][5][16]$b$4379 [11:8] $memory\mem$rdmux[0][5][16]$b$4379 [6:5] $memory\mem$rdmux[0][5][16]$b$4379 [3] }
      New ports: A={ $memory\mem$rdmux[0][6][0]$b$4427 [3] 1'0 $memory\mem$rdmux[0][6][0]$b$4427 [3] 1'0 $memory\mem$rdmux[0][6][0]$b$4427 [5] 1'1 }, B={ $memory\mem$rdmux[0][6][0]$b$4427 [5] $memory\mem$rdmux[0][6][0]$b$4427 [5] 1'0 $memory\mem$rdmux[0][6][0]$b$4427 [3] 1'0 $memory\mem$rdmux[0][6][0]$b$4427 [3] }, Y={ $memory\mem$rdmux[0][5][16]$b$4379 [18] $memory\mem$rdmux[0][5][16]$b$4379 [11:10] $memory\mem$rdmux[0][5][16]$b$4379 [8] $memory\mem$rdmux[0][5][16]$b$4379 [6] $memory\mem$rdmux[0][5][16]$b$4379 [3] }
      New connections: { $memory\mem$rdmux[0][5][16]$b$4379 [9] $memory\mem$rdmux[0][5][16]$b$4379 [5] } = { $memory\mem$rdmux[0][6][0]$b$4427 [5] $memory\mem$rdmux[0][6][0]$b$4427 [3] }
    Consolidated identical input bits for $mux cell $memory\mem$rdmux[0][6][31]$4518:
      Old ports: A={ $memory\mem$rdmux[0][6][0]$a$4426 [5] $memory\mem$rdmux[0][6][0]$a$4426 [5] $memory\mem$rdmux[0][6][0]$a$4426 [5] $memory\mem$rdmux[0][6][0]$a$4426 [6] 1'0 $memory\mem$rdmux[0][6][0]$a$4426 [6:5] 2'00 }, B={ 1'1 $memory\mem$rdmux[0][6][0]$a$4426 [6] 3'011 $memory\mem$rdmux[0][6][0]$a$4426 [5] $memory\mem$rdmux[0][6][0]$a$4426 [5] $memory\mem$rdmux[0][6][0]$a$4426 [6:5] }, Y={ $memory\mem$rdmux[0][5][15]$b$4376 [19] $memory\mem$rdmux[0][5][15]$b$4376 [17] $memory\mem$rdmux[0][5][15]$b$4376 [11:10] $memory\mem$rdmux[0][5][15]$b$4376 [8:5] $memory\mem$rdmux[0][5][15]$b$4376 [3] }
      New ports: A={ $memory\mem$rdmux[0][6][0]$a$4426 [5] $memory\mem$rdmux[0][6][0]$a$4426 [5] $memory\mem$rdmux[0][6][0]$a$4426 [5] $memory\mem$rdmux[0][6][0]$a$4426 [6] 1'0 $memory\mem$rdmux[0][6][0]$a$4426 [6] 2'00 }, B={ 1'1 $memory\mem$rdmux[0][6][0]$a$4426 [6] 3'011 $memory\mem$rdmux[0][6][0]$a$4426 [5] $memory\mem$rdmux[0][6][0]$a$4426 [6:5] }, Y={ $memory\mem$rdmux[0][5][15]$b$4376 [19] $memory\mem$rdmux[0][5][15]$b$4376 [17] $memory\mem$rdmux[0][5][15]$b$4376 [11:10] $memory\mem$rdmux[0][5][15]$b$4376 [8:7] $memory\mem$rdmux[0][5][15]$b$4376 [5] $memory\mem$rdmux[0][5][15]$b$4376 [3] }
      New connections: $memory\mem$rdmux[0][5][15]$b$4376 [6] = $memory\mem$rdmux[0][6][0]$a$4426 [5]
    Consolidated identical input bits for $mux cell $memory\mem$rdmux[0][6][29]$4512:
      Old ports: A={ $memory\mem$rdmux[0][6][0]$b$4427 [5] 2'01 $memory\mem$rdmux[0][6][0]$b$4427 [5] $memory\mem$rdmux[0][6][0]$b$4427 [3] $memory\mem$rdmux[0][6][0]$b$4427 [5] 1'0 $memory\mem$rdmux[0][6][0]$b$4427 [3] 1'0 $memory\mem$rdmux[0][6][0]$b$4427 [3] $memory\mem$rdmux[0][6][0]$b$4427 [3] 1'1 }, B={ 1'1 $memory\mem$rdmux[0][6][0]$b$4427 [5] $memory\mem$rdmux[0][6][0]$b$4427 [3] $memory\mem$rdmux[0][6][0]$b$4427 [5] 3'101 $memory\mem$rdmux[0][6][0]$b$4427 [5] $memory\mem$rdmux[0][6][0]$b$4427 [3] $memory\mem$rdmux[0][6][0]$b$4427 [3] 2'00 }, Y={ $memory\mem$rdmux[0][5][14]$b$4373 [28] $memory\mem$rdmux[0][5][14]$b$4373 [23] $memory\mem$rdmux[0][5][14]$b$4373 [19] $memory\mem$rdmux[0][5][14]$b$4373 [17:16] $memory\mem$rdmux[0][5][14]$b$4373 [14] $memory\mem$rdmux[0][5][14]$b$4373 [12] $memory\mem$rdmux[0][5][14]$b$4373 [9] $memory\mem$rdmux[0][5][14]$b$4373 [7:5] $memory\mem$rdmux[0][5][14]$b$4373 [3] }
      New ports: A={ $memory\mem$rdmux[0][6][0]$b$4427 [5] 2'01 $memory\mem$rdmux[0][6][0]$b$4427 [3] $memory\mem$rdmux[0][6][0]$b$4427 [5] 1'0 $memory\mem$rdmux[0][6][0]$b$4427 [3] 1'0 $memory\mem$rdmux[0][6][0]$b$4427 [3] 1'1 }, B={ 1'1 $memory\mem$rdmux[0][6][0]$b$4427 [5] $memory\mem$rdmux[0][6][0]$b$4427 [3] 3'101 $memory\mem$rdmux[0][6][0]$b$4427 [5] $memory\mem$rdmux[0][6][0]$b$4427 [3] 2'00 }, Y={ $memory\mem$rdmux[0][5][14]$b$4373 [28] $memory\mem$rdmux[0][5][14]$b$4373 [23] $memory\mem$rdmux[0][5][14]$b$4373 [19] $memory\mem$rdmux[0][5][14]$b$4373 [16] $memory\mem$rdmux[0][5][14]$b$4373 [14] $memory\mem$rdmux[0][5][14]$b$4373 [12] $memory\mem$rdmux[0][5][14]$b$4373 [9] $memory\mem$rdmux[0][5][14]$b$4373 [7] $memory\mem$rdmux[0][5][14]$b$4373 [5] $memory\mem$rdmux[0][5][14]$b$4373 [3] }
      New connections: { $memory\mem$rdmux[0][5][14]$b$4373 [17] $memory\mem$rdmux[0][5][14]$b$4373 [6] } = { $memory\mem$rdmux[0][6][0]$b$4427 [5] $memory\mem$rdmux[0][6][0]$b$4427 [3] }
    Consolidated identical input bits for $mux cell $memory\mem$rdmux[0][6][27]$4506:
      Old ports: A={ 2'00 $memory\mem$rdmux[0][6][0]$b$4427 [5] 2'11 $memory\mem$rdmux[0][6][0]$b$4427 [3] 1'0 $memory\mem$rdmux[0][6][0]$b$4427 [3] $memory\mem$rdmux[0][6][0]$b$4427 [5] $memory\mem$rdmux[0][6][0]$b$4427 [3] $memory\mem$rdmux[0][6][0]$b$4427 [3] }, B={ $memory\mem$rdmux[0][6][0]$b$4427 [5] $memory\mem$rdmux[0][6][0]$b$4427 [3] $memory\mem$rdmux[0][6][0]$b$4427 [5] $memory\mem$rdmux[0][6][0]$b$4427 [5] $memory\mem$rdmux[0][6][0]$b$4427 [3] 2'11 $memory\mem$rdmux[0][6][0]$b$4427 [5] $memory\mem$rdmux[0][6][0]$b$4427 [3] $memory\mem$rdmux[0][6][0]$b$4427 [3] 1'0 }, Y={ $memory\mem$rdmux[0][5][13]$b$4370 [26:25] $memory\mem$rdmux[0][5][13]$b$4370 [22] $memory\mem$rdmux[0][5][13]$b$4370 [20] $memory\mem$rdmux[0][5][13]$b$4370 [13:11] $memory\mem$rdmux[0][5][13]$b$4370 [9] $memory\mem$rdmux[0][5][13]$b$4370 [6:5] $memory\mem$rdmux[0][5][13]$b$4370 [3] }
      New ports: A={ 4'0011 $memory\mem$rdmux[0][6][0]$b$4427 [3] 1'0 $memory\mem$rdmux[0][6][0]$b$4427 [3] $memory\mem$rdmux[0][6][0]$b$4427 [5] $memory\mem$rdmux[0][6][0]$b$4427 [3] }, B={ $memory\mem$rdmux[0][6][0]$b$4427 [5] $memory\mem$rdmux[0][6][0]$b$4427 [3] $memory\mem$rdmux[0][6][0]$b$4427 [5] $memory\mem$rdmux[0][6][0]$b$4427 [3] 2'11 $memory\mem$rdmux[0][6][0]$b$4427 [5] $memory\mem$rdmux[0][6][0]$b$4427 [3] 1'0 }, Y={ $memory\mem$rdmux[0][5][13]$b$4370 [26:25] $memory\mem$rdmux[0][5][13]$b$4370 [20] $memory\mem$rdmux[0][5][13]$b$4370 [13:11] $memory\mem$rdmux[0][5][13]$b$4370 [9] $memory\mem$rdmux[0][5][13]$b$4370 [6] $memory\mem$rdmux[0][5][13]$b$4370 [3] }
      New connections: { $memory\mem$rdmux[0][5][13]$b$4370 [22] $memory\mem$rdmux[0][5][13]$b$4370 [5] } = { $memory\mem$rdmux[0][6][0]$b$4427 [5] $memory\mem$rdmux[0][6][0]$b$4427 [3] }
  Optimizing cells in module $paramod$9e6bc8e233a88c507ee6c1d0d66120fe2d49b2c9\Instruction_Memory.
  Optimizing cells in module \ALU.
  Optimizing cells in module \Control_Unit.
  Optimizing cells in module \Immediate_Generator.
  Optimizing cells in module \Register_File.
  Optimizing cells in module $paramod\Data_Memory\WORDS=s32'00000000000000000000000001000000.
  Optimizing cells in module \Single_Cycle.
Performed a total of 15 changes.

3.19.13. Executing OPT_MERGE pass (detect identical cells).
Finding identical cells in module `$paramod$9e6bc8e233a88c507ee6c1d0d66120fe2d49b2c9\Instruction_Memory'.
Computing hashes of 94 cells of `$paramod$9e6bc8e233a88c507ee6c1d0d66120fe2d49b2c9\Instruction_Memory'.
Finding duplicate cells in `$paramod$9e6bc8e233a88c507ee6c1d0d66120fe2d49b2c9\Instruction_Memory'.
Finding identical cells in module `\ALU'.
Computing hashes of 23 cells of `\ALU'.
Finding duplicate cells in `\ALU'.
Finding identical cells in module `\Control_Unit'.
Computing hashes of 38 cells of `\Control_Unit'.
Finding duplicate cells in `\Control_Unit'.
Finding identical cells in module `\Immediate_Generator'.
Computing hashes of 7 cells of `\Immediate_Generator'.
Finding duplicate cells in `\Immediate_Generator'.
Finding identical cells in module `\Register_File'.
Computing hashes of 161 cells of `\Register_File'.
Finding duplicate cells in `\Register_File'.
Finding identical cells in module `$paramod\Data_Memory\WORDS=s32'00000000000000000000000001000000'.
Computing hashes of 200 cells of `$paramod\Data_Memory\WORDS=s32'00000000000000000000000001000000'.
Finding duplicate cells in `$paramod\Data_Memory\WORDS=s32'00000000000000000000000001000000'.
Finding identical cells in module `\Single_Cycle'.
Computing hashes of 31 cells of `\Single_Cycle'.
Finding duplicate cells in `\Single_Cycle'.
Removed a total of 0 cells.

3.19.14. Executing OPT_SHARE pass.

3.19.15. Executing OPT_DFF pass (perform DFF optimizations).

3.19.16. Executing OPT_CLEAN pass (remove unused cells and wires).
Finding unused cells or wires in module $paramod$9e6bc8e233a88c507ee6c1d0d66120fe2d49b2c9\Instruction_Memory..
Finding unused cells or wires in module \ALU..
Finding unused cells or wires in module \Control_Unit..
Finding unused cells or wires in module \Immediate_Generator..
Finding unused cells or wires in module \Register_File..
Finding unused cells or wires in module $paramod\Data_Memory\WORDS=s32'00000000000000000000000001000000..
Finding unused cells or wires in module \Single_Cycle..
Removed 0 unused cells and 4 unused wires.
<suppressed ~2 debug messages>

3.19.17. Executing OPT_EXPR pass (perform const folding).
Optimizing module $paramod$9e6bc8e233a88c507ee6c1d0d66120fe2d49b2c9\Instruction_Memory.
Optimizing module ALU.
Optimizing module Control_Unit.
Optimizing module Immediate_Generator.
Optimizing module Register_File.
Optimizing module $paramod\Data_Memory\WORDS=s32'00000000000000000000000001000000.
Optimizing module Single_Cycle.

3.19.18. Rerunning OPT passes. (Maybe there is more to do..)

3.19.19. Executing OPT_MUXTREE pass (detect dead branches in mux trees).
Running muxtree optimizer on module $paramod$9e6bc8e233a88c507ee6c1d0d66120fe2d49b2c9\Instruction_Memory..
  Creating internal representation of mux trees.
  Evaluating internal representation of mux trees.
  Analyzing evaluation results.
Running muxtree optimizer on module \ALU..
  Creating internal representation of mux trees.
  Evaluating internal representation of mux trees.
  Analyzing evaluation results.
Running muxtree optimizer on module \Control_Unit..
  Creating internal representation of mux trees.
  Evaluating internal representation of mux trees.
  Analyzing evaluation results.
Running muxtree optimizer on module \Immediate_Generator..
  Creating internal representation of mux trees.
  Evaluating internal representation of mux trees.
  Analyzing evaluation results.
Running muxtree optimizer on module \Register_File..
  Creating internal representation of mux trees.
  Evaluating internal representation of mux trees.
  Analyzing evaluation results.
Running muxtree optimizer on module $paramod\Data_Memory\WORDS=s32'00000000000000000000000001000000..
  Creating internal representation of mux trees.
  Evaluating internal representation of mux trees.
  Analyzing evaluation results.
Running muxtree optimizer on module \Single_Cycle..
  Creating internal representation of mux trees.
  Evaluating internal representation of mux trees.
  Analyzing evaluation results.
Removed 0 multiplexer ports.
<suppressed ~184 debug messages>

3.19.20. Executing OPT_REDUCE pass (consolidate $*mux and $reduce_* inputs).
  Optimizing cells in module $paramod$9e6bc8e233a88c507ee6c1d0d66120fe2d49b2c9\Instruction_Memory.
  Optimizing cells in module \ALU.
  Optimizing cells in module \Control_Unit.
  Optimizing cells in module \Immediate_Generator.
  Optimizing cells in module \Register_File.
  Optimizing cells in module $paramod\Data_Memory\WORDS=s32'00000000000000000000000001000000.
  Optimizing cells in module \Single_Cycle.
Performed a total of 0 changes.

3.19.21. Executing OPT_MERGE pass (detect identical cells).
Finding identical cells in module `$paramod$9e6bc8e233a88c507ee6c1d0d66120fe2d49b2c9\Instruction_Memory'.
Computing hashes of 94 cells of `$paramod$9e6bc8e233a88c507ee6c1d0d66120fe2d49b2c9\Instruction_Memory'.
Finding duplicate cells in `$paramod$9e6bc8e233a88c507ee6c1d0d66120fe2d49b2c9\Instruction_Memory'.
Finding identical cells in module `\ALU'.
Computing hashes of 23 cells of `\ALU'.
Finding duplicate cells in `\ALU'.
Finding identical cells in module `\Control_Unit'.
Computing hashes of 38 cells of `\Control_Unit'.
Finding duplicate cells in `\Control_Unit'.
Finding identical cells in module `\Immediate_Generator'.
Computing hashes of 7 cells of `\Immediate_Generator'.
Finding duplicate cells in `\Immediate_Generator'.
Finding identical cells in module `\Register_File'.
Computing hashes of 161 cells of `\Register_File'.
Finding duplicate cells in `\Register_File'.
Finding identical cells in module `$paramod\Data_Memory\WORDS=s32'00000000000000000000000001000000'.
Computing hashes of 200 cells of `$paramod\Data_Memory\WORDS=s32'00000000000000000000000001000000'.
Finding duplicate cells in `$paramod\Data_Memory\WORDS=s32'00000000000000000000000001000000'.
Finding identical cells in module `\Single_Cycle'.
Computing hashes of 31 cells of `\Single_Cycle'.
Finding duplicate cells in `\Single_Cycle'.
Removed a total of 0 cells.

3.19.22. Executing OPT_SHARE pass.

3.19.23. Executing OPT_DFF pass (perform DFF optimizations).

3.19.24. Executing OPT_CLEAN pass (remove unused cells and wires).
Finding unused cells or wires in module $paramod$9e6bc8e233a88c507ee6c1d0d66120fe2d49b2c9\Instruction_Memory..
Finding unused cells or wires in module \ALU..
Finding unused cells or wires in module \Control_Unit..
Finding unused cells or wires in module \Immediate_Generator..
Finding unused cells or wires in module \Register_File..
Finding unused cells or wires in module $paramod\Data_Memory\WORDS=s32'00000000000000000000000001000000..
Finding unused cells or wires in module \Single_Cycle..

3.19.25. Executing OPT_EXPR pass (perform const folding).
Optimizing module $paramod$9e6bc8e233a88c507ee6c1d0d66120fe2d49b2c9\Instruction_Memory.
Optimizing module ALU.
Optimizing module Control_Unit.
Optimizing module Immediate_Generator.
Optimizing module Register_File.
Optimizing module $paramod\Data_Memory\WORDS=s32'00000000000000000000000001000000.
Optimizing module Single_Cycle.

3.19.26. Finished fast OPT passes. (There is nothing left to do.)

3.20. Executing TECHMAP pass (map to technology primitives).

3.20.1. Executing Verilog-2005 frontend: /share/techmap.v
Parsing Verilog input from `/share/techmap.v' to AST representation.
Generating RTLIL representation for module `\_90_simplemap_bool_ops'.
Generating RTLIL representation for module `\_90_simplemap_reduce_ops'.
Generating RTLIL representation for module `\_90_simplemap_logic_ops'.
Generating RTLIL representation for module `\_90_simplemap_compare_ops'.
Generating RTLIL representation for module `\_90_simplemap_various'.
Generating RTLIL representation for module `\_90_simplemap_registers'.
Generating RTLIL representation for module `\_90_shift_ops_shr_shl_sshl_sshr'.
Generating RTLIL representation for module `\_90_shift_shiftx'.
Generating RTLIL representation for module `\_90_fa'.
Generating RTLIL representation for module `\_90_lcu_brent_kung'.
Generating RTLIL representation for module `\_90_alu'.
Generating RTLIL representation for module `\_90_macc'.
Generating RTLIL representation for module `\_90_alumacc'.
Generating RTLIL representation for module `$__div_mod_u'.
Generating RTLIL representation for module `$__div_mod_trunc'.
Generating RTLIL representation for module `\_90_div'.
Generating RTLIL representation for module `\_90_mod'.
Generating RTLIL representation for module `$__div_mod_floor'.
Generating RTLIL representation for module `\_90_divfloor'.
Generating RTLIL representation for module `\_90_modfloor'.
Generating RTLIL representation for module `\_90_pow'.
Generating RTLIL representation for module `\_90_demux'.
Generating RTLIL representation for module `\_90_lut'.
Generating RTLIL representation for module `$connect'.
Generating RTLIL representation for module `$input_port'.
Successfully finished Verilog frontend.

3.20.2. Continuing TECHMAP pass.
Using extmapper simplemap for cells of type $adffe.
Using extmapper simplemap for cells of type $reduce_and.
Using extmapper simplemap for cells of type $not.
Using template $paramod$fbc7873bff55778c0b3173955b7e4bce1d9d6834\_90_alu for cells of type $alu.
Using template $paramod$44a13d10af618e7fbe7b9aad2f6151ffcee1e2fa\_90_alu for cells of type $alu.
Using extmapper simplemap for cells of type $mux.
Using extmapper simplemap for cells of type $logic_not.
Using extmapper simplemap for cells of type $logic_or.
Using extmapper simplemap for cells of type $logic_and.
Using extmapper simplemap for cells of type $reduce_bool.
Using extmapper simplemap for cells of type $pos.
Using template $paramod\_90_fa\WIDTH=32'00000000000000000000000000011110 for cells of type $fa.
Using template $paramod\_90_lcu_brent_kung\WIDTH=32'00000000000000000000000000011110 for cells of type $lcu.
Using extmapper simplemap for cells of type $xor.
Using template $paramod\_90_fa\WIDTH=32'00000000000000000000000000100000 for cells of type $fa.
Using template $paramod\_90_lcu_brent_kung\WIDTH=32'00000000000000000000000000100000 for cells of type $lcu.
Using extmapper simplemap for cells of type $and.
Using extmapper simplemap for cells of type $or.
Using template $paramod$c9511eeb847f2aa95252b1013477609463f67ee0\_90_alu for cells of type $alu.
Using extmapper simplemap for cells of type $pmux.
Using extmapper simplemap for cells of type $eq.
Using template $paramod\_90_fa\WIDTH=32'00000000000000000000000000011000 for cells of type $fa.
Using template $paramod\_90_lcu_brent_kung\WIDTH=32'00000000000000000000000000011000 for cells of type $lcu.
Using extmapper simplemap for cells of type $reduce_or.
Using extmapper simplemap for cells of type $ne.
Using template $paramod$constmap:6111415c3ecfd9bb520e2072bfee38e7d8bfb139$paramod$335cfd09f1afa8139c4aafcbbe5f361887b79c5e\_90_shift_ops_shr_shl_sshl_sshr for cells of type $shl.
Using template $paramod$constmap:6111415c3ecfd9bb520e2072bfee38e7d8bfb139$paramod$feecc7a0dbd012970970f2858f15e786e251f677\_90_shift_ops_shr_shl_sshl_sshr for cells of type $shr.
Using template $paramod$constmap:6111415c3ecfd9bb520e2072bfee38e7d8bfb139$paramod$e765c459d3029c22a22a27989e94858fd9ebfa9c\_90_shift_ops_shr_shl_sshl_sshr for cells of type $sshr.
Using template $paramod$336b1fb79b1d6be5a93bb9daed6b253aadd9b6ea\_90_alu for cells of type $alu.
Using template $paramod\_90_fa\WIDTH=32'00000000000000000000000000010110 for cells of type $fa.
Using template $paramod\_90_lcu_brent_kung\WIDTH=32'00000000000000000000000000010110 for cells of type $lcu.
No more expansions possible.
<suppressed ~3160 debug messages>

3.21. Executing OPT pass (performing simple optimizations).

3.21.1. Executing OPT_EXPR pass (perform const folding).
Optimizing module $paramod$9e6bc8e233a88c507ee6c1d0d66120fe2d49b2c9\Instruction_Memory.
<suppressed ~203 debug messages>
Optimizing module ALU.
<suppressed ~423 debug messages>
Optimizing module Control_Unit.
<suppressed ~127 debug messages>
Optimizing module Immediate_Generator.
<suppressed ~39 debug messages>
Optimizing module Register_File.
<suppressed ~519 debug messages>
Optimizing module $paramod\Data_Memory\WORDS=s32'00000000000000000000000001000000.
<suppressed ~550 debug messages>
Optimizing module Single_Cycle.
<suppressed ~389 debug messages>

3.21.2. Executing OPT_MERGE pass (detect identical cells).
Finding identical cells in module `$paramod$9e6bc8e233a88c507ee6c1d0d66120fe2d49b2c9\Instruction_Memory'.
Computing hashes of 1405 cells of `$paramod$9e6bc8e233a88c507ee6c1d0d66120fe2d49b2c9\Instruction_Memory'.
Finding duplicate cells in `$paramod$9e6bc8e233a88c507ee6c1d0d66120fe2d49b2c9\Instruction_Memory'.
Computing hashes of 1106 cells of `$paramod$9e6bc8e233a88c507ee6c1d0d66120fe2d49b2c9\Instruction_Memory'.
Finding duplicate cells in `$paramod$9e6bc8e233a88c507ee6c1d0d66120fe2d49b2c9\Instruction_Memory'.
Computing hashes of 961 cells of `$paramod$9e6bc8e233a88c507ee6c1d0d66120fe2d49b2c9\Instruction_Memory'.
Finding duplicate cells in `$paramod$9e6bc8e233a88c507ee6c1d0d66120fe2d49b2c9\Instruction_Memory'.
Computing hashes of 917 cells of `$paramod$9e6bc8e233a88c507ee6c1d0d66120fe2d49b2c9\Instruction_Memory'.
Finding duplicate cells in `$paramod$9e6bc8e233a88c507ee6c1d0d66120fe2d49b2c9\Instruction_Memory'.
<suppressed ~1464 debug messages>
Finding identical cells in module `\ALU'.
Computing hashes of 1722 cells of `\ALU'.
Finding duplicate cells in `\ALU'.
Computing hashes of 1579 cells of `\ALU'.
Finding duplicate cells in `\ALU'.
Computing hashes of 1542 cells of `\ALU'.
Finding duplicate cells in `\ALU'.
Computing hashes of 1517 cells of `\ALU'.
Finding duplicate cells in `\ALU'.
Computing hashes of 1500 cells of `\ALU'.
Finding duplicate cells in `\ALU'.
Computing hashes of 1499 cells of `\ALU'.
Finding duplicate cells in `\ALU'.
<suppressed ~669 debug messages>
Finding identical cells in module `\Control_Unit'.
Computing hashes of 196 cells of `\Control_Unit'.
Finding duplicate cells in `\Control_Unit'.
Computing hashes of 155 cells of `\Control_Unit'.
Finding duplicate cells in `\Control_Unit'.
Computing hashes of 140 cells of `\Control_Unit'.
Finding duplicate cells in `\Control_Unit'.
Computing hashes of 133 cells of `\Control_Unit'.
Finding duplicate cells in `\Control_Unit'.
Computing hashes of 132 cells of `\Control_Unit'.
Finding duplicate cells in `\Control_Unit'.
Computing hashes of 131 cells of `\Control_Unit'.
Finding duplicate cells in `\Control_Unit'.
<suppressed ~195 debug messages>
Finding identical cells in module `\Immediate_Generator'.
Computing hashes of 221 cells of `\Immediate_Generator'.
Finding duplicate cells in `\Immediate_Generator'.
Computing hashes of 181 cells of `\Immediate_Generator'.
Finding duplicate cells in `\Immediate_Generator'.
Computing hashes of 166 cells of `\Immediate_Generator'.
Finding duplicate cells in `\Immediate_Generator'.
Computing hashes of 162 cells of `\Immediate_Generator'.
Finding duplicate cells in `\Immediate_Generator'.
<suppressed ~177 debug messages>
Finding identical cells in module `\Register_File'.
Computing hashes of 5693 cells of `\Register_File'.
Finding duplicate cells in `\Register_File'.
Computing hashes of 5430 cells of `\Register_File'.
Finding duplicate cells in `\Register_File'.
Computing hashes of 5303 cells of `\Register_File'.
Finding duplicate cells in `\Register_File'.
Computing hashes of 5260 cells of `\Register_File'.
Finding duplicate cells in `\Register_File'.
<suppressed ~1299 debug messages>
Finding identical cells in module `$paramod\Data_Memory\WORDS=s32'00000000000000000000000001000000'.
Computing hashes of 6967 cells of `$paramod\Data_Memory\WORDS=s32'00000000000000000000000001000000'.
Finding duplicate cells in `$paramod\Data_Memory\WORDS=s32'00000000000000000000000001000000'.
Computing hashes of 6736 cells of `$paramod\Data_Memory\WORDS=s32'00000000000000000000000001000000'.
Finding duplicate cells in `$paramod\Data_Memory\WORDS=s32'00000000000000000000000001000000'.
Computing hashes of 6598 cells of `$paramod\Data_Memory\WORDS=s32'00000000000000000000000001000000'.
Finding duplicate cells in `$paramod\Data_Memory\WORDS=s32'00000000000000000000000001000000'.
Computing hashes of 6553 cells of `$paramod\Data_Memory\WORDS=s32'00000000000000000000000001000000'.
Finding duplicate cells in `$paramod\Data_Memory\WORDS=s32'00000000000000000000000001000000'.
<suppressed ~1242 debug messages>
Finding identical cells in module `\Single_Cycle'.
Computing hashes of 561 cells of `\Single_Cycle'.
Finding duplicate cells in `\Single_Cycle'.
Computing hashes of 559 cells of `\Single_Cycle'.
Finding duplicate cells in `\Single_Cycle'.
<suppressed ~6 debug messages>
Removed a total of 1684 cells.

3.21.3. Executing OPT_DFF pass (perform DFF optimizations).

3.21.4. Executing OPT_CLEAN pass (remove unused cells and wires).
Finding unused cells or wires in module $paramod$9e6bc8e233a88c507ee6c1d0d66120fe2d49b2c9\Instruction_Memory..
Finding unused cells or wires in module \ALU..
Finding unused cells or wires in module \Control_Unit..
Finding unused cells or wires in module \Immediate_Generator..
Finding unused cells or wires in module \Register_File..
Finding unused cells or wires in module $paramod\Data_Memory\WORDS=s32'00000000000000000000000001000000..
Finding unused cells or wires in module \Single_Cycle..
Removed 206 unused cells and 1787 unused wires.
<suppressed ~213 debug messages>

3.21.5. Finished fast OPT passes.

3.22. Executing ABC pass (technology mapping using ABC).

3.22.1. Extracting gate netlist of module `$paramod$9e6bc8e233a88c507ee6c1d0d66120fe2d49b2c9\Instruction_Memory' to `<abc-temp-dir>/input.blif'..

3.22.1.1. Executed ABC.
Extracted 865 gates and 899 wires to a netlist network with 32 inputs and 30 outputs.
Running ABC script: <abc-temp-dir>/abc.script

3.22.1.2. Re-integrating ABC results.
ABC RESULTS:               AND cells:      328
ABC RESULTS:            ANDNOT cells:       55
ABC RESULTS:               MUX cells:       34
ABC RESULTS:              NAND cells:      519
ABC RESULTS:               NOR cells:       33
ABC RESULTS:               NOT cells:        5
ABC RESULTS:                OR cells:       87
ABC RESULTS:             ORNOT cells:       52
ABC RESULTS:               XOR cells:        1
ABC RESULTS:        internal signals:      837
ABC RESULTS:           input signals:       32
ABC RESULTS:          output signals:       30
Removing temp directory.

3.22.2. Extracting gate netlist of module `\ALU' to `<abc-temp-dir>/input.blif'..

3.22.2.1. Executed ABC.
Extracted 1485 gates and 1554 wires to a netlist network with 68 inputs and 33 outputs.
Running ABC script: <abc-temp-dir>/abc.script

3.22.2.2. Re-integrating ABC results.
ABC RESULTS:               AND cells:      375
ABC RESULTS:            ANDNOT cells:       24
ABC RESULTS:               MUX cells:      203
ABC RESULTS:              NAND cells:      400
ABC RESULTS:               NOR cells:        6
ABC RESULTS:               NOT cells:        3
ABC RESULTS:                OR cells:      138
ABC RESULTS:             ORNOT cells:       95
ABC RESULTS:              XNOR cells:       16
ABC RESULTS:               XOR cells:       22
ABC RESULTS:        internal signals:     1453
ABC RESULTS:           input signals:       68
ABC RESULTS:          output signals:       33
Removing temp directory.

3.22.3. Extracting gate netlist of module `\Control_Unit' to `<abc-temp-dir>/input.blif'..

3.22.3.1. Executed ABC.
Extracted 131 gates and 150 wires to a netlist network with 17 inputs and 11 outputs.
Running ABC script: <abc-temp-dir>/abc.script

3.22.3.2. Re-integrating ABC results.
ABC RESULTS:               AND cells:       16
ABC RESULTS:            ANDNOT cells:       10
ABC RESULTS:               MUX cells:        2
ABC RESULTS:              NAND cells:       17
ABC RESULTS:               NOR cells:        5
ABC RESULTS:               NOT cells:        1
ABC RESULTS:                OR cells:        6
ABC RESULTS:             ORNOT cells:        4
ABC RESULTS:        internal signals:      122
ABC RESULTS:           input signals:       17
ABC RESULTS:          output signals:       11
Removing temp directory.

3.22.4. Extracting gate netlist of module `\Immediate_Generator' to `<abc-temp-dir>/input.blif'..

3.22.4.1. Executed ABC.
Extracted 162 gates and 195 wires to a netlist network with 32 inputs and 21 outputs.
Running ABC script: <abc-temp-dir>/abc.script

3.22.4.2. Re-integrating ABC results.
ABC RESULTS:               AND cells:       16
ABC RESULTS:            ANDNOT cells:        4
ABC RESULTS:              NAND cells:       34
ABC RESULTS:               NOR cells:        2
ABC RESULTS:                OR cells:        2
ABC RESULTS:             ORNOT cells:        3
ABC RESULTS:        internal signals:      142
ABC RESULTS:           input signals:       32
ABC RESULTS:          output signals:       21
Removing temp directory.

3.22.5. Extracting gate netlist of module `\Register_File' to `<abc-temp-dir>/input.blif'..

3.22.5.1. Executed ABC.
Extracted 4266 gates and 5275 wires to a netlist network with 1008 inputs and 95 outputs.
Running ABC script: <abc-temp-dir>/abc.script

3.22.5.2. Re-integrating ABC results.
ABC RESULTS:               AND cells:     2035
ABC RESULTS:            ANDNOT cells:       42
ABC RESULTS:              NAND cells:     2051
ABC RESULTS:               NOR cells:        6
ABC RESULTS:        internal signals:     4172
ABC RESULTS:           input signals:     1008
ABC RESULTS:          output signals:       95
Removing temp directory.

3.22.6. Extracting gate netlist of module `$paramod\Data_Memory\WORDS=s32'00000000000000000000000001000000' to `<abc-temp-dir>/input.blif'..

3.22.6.1. Executed ABC.
Extracted 4445 gates and 6528 wires to a netlist network with 2082 inputs and 97 outputs.
Running ABC script: <abc-temp-dir>/abc.script

3.22.6.2. Re-integrating ABC results.
ABC RESULTS:               AND cells:     2180
ABC RESULTS:            ANDNOT cells:       10
ABC RESULTS:              NAND cells:     2080
ABC RESULTS:               NOR cells:       20
ABC RESULTS:        internal signals:     4349
ABC RESULTS:           input signals:     2082
ABC RESULTS:          output signals:       97
Removing temp directory.

3.22.7. Extracting gate netlist of module `\Single_Cycle' to `<abc-temp-dir>/input.blif'..
Replacing 2 occurrences of constant undef bits with constant zero bits

3.22.7.1. Executed ABC.
Extracted 443 gates and 615 wires to a netlist network with 171 inputs and 101 outputs.
Running ABC script: <abc-temp-dir>/abc.script

3.22.7.2. Re-integrating ABC results.
ABC RESULTS:               AND cells:       35
ABC RESULTS:            ANDNOT cells:        3
ABC RESULTS:               MUX cells:      126
ABC RESULTS:              NAND cells:      105
ABC RESULTS:               NOR cells:        1
ABC RESULTS:               NOT cells:        2
ABC RESULTS:                OR cells:       16
ABC RESULTS:              XNOR cells:       18
ABC RESULTS:               XOR cells:       60
ABC RESULTS:        internal signals:      343
ABC RESULTS:           input signals:      171
ABC RESULTS:          output signals:      101
Removing temp directory.
Removing global temp directory.

3.23. Executing OPT pass (performing simple optimizations).

3.23.1. Executing OPT_EXPR pass (perform const folding).
Optimizing module $paramod$9e6bc8e233a88c507ee6c1d0d66120fe2d49b2c9\Instruction_Memory.
<suppressed ~4 debug messages>
Optimizing module ALU.
<suppressed ~91 debug messages>
Optimizing module Control_Unit.
Optimizing module Immediate_Generator.
Optimizing module Register_File.
Optimizing module $paramod\Data_Memory\WORDS=s32'00000000000000000000000001000000.
Optimizing module Single_Cycle.

3.23.2. Executing OPT_MERGE pass (detect identical cells).
Finding identical cells in module `$paramod$9e6bc8e233a88c507ee6c1d0d66120fe2d49b2c9\Instruction_Memory'.
Computing hashes of 1114 cells of `$paramod$9e6bc8e233a88c507ee6c1d0d66120fe2d49b2c9\Instruction_Memory'.
Finding duplicate cells in `$paramod$9e6bc8e233a88c507ee6c1d0d66120fe2d49b2c9\Instruction_Memory'.
Finding identical cells in module `\ALU'.
Computing hashes of 1282 cells of `\ALU'.
Finding duplicate cells in `\ALU'.
Finding identical cells in module `\Control_Unit'.
Computing hashes of 61 cells of `\Control_Unit'.
Finding duplicate cells in `\Control_Unit'.
Finding identical cells in module `\Immediate_Generator'.
Computing hashes of 61 cells of `\Immediate_Generator'.
Finding duplicate cells in `\Immediate_Generator'.
Finding identical cells in module `\Register_File'.
Computing hashes of 5126 cells of `\Register_File'.
Finding duplicate cells in `\Register_File'.
Finding identical cells in module `$paramod\Data_Memory\WORDS=s32'00000000000000000000000001000000'.
Computing hashes of 6338 cells of `$paramod\Data_Memory\WORDS=s32'00000000000000000000000001000000'.
Finding duplicate cells in `$paramod\Data_Memory\WORDS=s32'00000000000000000000000001000000'.
Finding identical cells in module `\Single_Cycle'.
Computing hashes of 404 cells of `\Single_Cycle'.
Finding duplicate cells in `\Single_Cycle'.
Removed a total of 0 cells.

3.23.3. Executing OPT_DFF pass (perform DFF optimizations).

3.23.4. Executing OPT_CLEAN pass (remove unused cells and wires).
Finding unused cells or wires in module $paramod$9e6bc8e233a88c507ee6c1d0d66120fe2d49b2c9\Instruction_Memory..
Finding unused cells or wires in module \ALU..
Finding unused cells or wires in module \Control_Unit..
Finding unused cells or wires in module \Immediate_Generator..
Finding unused cells or wires in module \Register_File..
Finding unused cells or wires in module $paramod\Data_Memory\WORDS=s32'00000000000000000000000001000000..
Finding unused cells or wires in module \Single_Cycle..
Removed 0 unused cells and 9883 unused wires.
<suppressed ~8 debug messages>

3.23.5. Finished fast OPT passes.

3.24. Executing HIERARCHY pass (managing design hierarchy).
Attribute `top' found on module `Single_Cycle'. Setting top module to Single_Cycle.

3.24.1. Analyzing design hierarchy..
Top module:  \Single_Cycle
Used module:     \ALU
Used module:     \Control_Unit
Used module:     \Immediate_Generator
Used module:     $paramod\Data_Memory\WORDS=s32'00000000000000000000000001000000
Used module:     \Register_File
Used module:     $paramod$9e6bc8e233a88c507ee6c1d0d66120fe2d49b2c9\Instruction_Memory

3.24.2. Analyzing design hierarchy..
Top module:  \Single_Cycle
Used module:     \ALU
Used module:     \Control_Unit
Used module:     \Immediate_Generator
Used module:     $paramod\Data_Memory\WORDS=s32'00000000000000000000000001000000
Used module:     \Register_File
Used module:     $paramod$9e6bc8e233a88c507ee6c1d0d66120fe2d49b2c9\Instruction_Memory
Removed 0 unused modules.

3.25. Printing statistics.

=== $paramod$9e6bc8e233a88c507ee6c1d0d66120fe2d49b2c9\Instruction_Memory ===

        +----------Local Count, excluding submodules.
        | 
     1087 wires
     1149 wire bits
        3 public wires
       65 public wire bits
        3 ports
       65 port bits
     1114 cells
       55   $_ANDNOT_
      328   $_AND_
       34   $_MUX_
      519   $_NAND_
       33   $_NOR_
        5   $_NOT_
       52   $_ORNOT_
       87   $_OR_
        1   $_XOR_

=== ALU ===

        +----------Local Count, excluding submodules.
        | 
     1254 wires
     1350 wire bits
        5 public wires
      101 public wire bits
        5 ports
      101 port bits
     1282 cells
       24   $_ANDNOT_
      375   $_AND_
      203   $_MUX_
      400   $_NAND_
        6   $_NOR_
        3   $_NOT_
       95   $_ORNOT_
      138   $_OR_
       16   $_XNOR_
       22   $_XOR_

=== Control_Unit ===

        +----------Local Count, excluding submodules.
        | 
       60 wires
       94 wire bits
       10 public wires
       44 public wire bits
       10 ports
       44 port bits
       61 cells
       10   $_ANDNOT_
       16   $_AND_
        2   $_MUX_
       17   $_NAND_
        5   $_NOR_
        1   $_NOT_
        4   $_ORNOT_
        6   $_OR_

=== Immediate_Generator ===

        +----------Local Count, excluding submodules.
        | 
       42 wires
      104 wire bits
        2 public wires
       64 public wire bits
        2 ports
       64 port bits
       61 cells
        4   $_ANDNOT_
       16   $_AND_
       34   $_NAND_
        2   $_NOR_
        3   $_ORNOT_
        2   $_OR_

=== Register_File ===

        +----------Local Count, excluding submodules.
        | 
     4110 wires
     5176 wire bits
       40 public wires
     1106 public wire bits
        9 ports
      114 port bits
     5126 cells
       42   $_ANDNOT_
     2035   $_AND_
      992   $_DFFE_PP0P_
     2051   $_NAND_
        6   $_NOR_

=== $paramod\Data_Memory\WORDS=s32'00000000000000000000000001000000 ===

        +----------Local Count, excluding submodules.
        | 
     4329 wires
     6406 wire bits
       72 public wires
     2149 public wire bits
        8 ports
      101 port bits
     6338 cells
       10   $_ANDNOT_
     2180   $_AND_
     2048   $_DFFE_PP0P_
     2080   $_NAND_
       20   $_NOR_

=== Single_Cycle ===

        +----------Local Count, excluding submodules.
        | 
      294 wires
      607 wire bits
       26 public wires
      339 public wire bits
       10 ports
      134 port bits
      398 cells
        3   $_ANDNOT_
       35   $_AND_
       30   $_DFFE_PP0N_
        2   $_DFFE_PP0P_
      126   $_MUX_
      105   $_NAND_
        1   $_NOR_
        2   $_NOT_
       16   $_OR_
       18   $_XNOR_
       60   $_XOR_
        6 submodules
        1   $paramod$9e6bc8e233a88c507ee6c1d0d66120fe2d49b2c9\Instruction_Memory
        1   $paramod\Data_Memory\WORDS=s32'00000000000000000000000001000000
        1   ALU
        1   Control_Unit
        1   Immediate_Generator
        1   Register_File

=== design hierarchy ===

        +----------Count including submodules.
        | 
    14380 Single_Cycle
     1114 $paramod$9e6bc8e233a88c507ee6c1d0d66120fe2d49b2c9\Instruction_Memory
     6338 $paramod\Data_Memory\WORDS=s32'00000000000000000000000001000000
     1282 ALU
       61 Control_Unit
       61 Immediate_Generator
     5126 Register_File

        +----------Count including submodules.
        | 
    11176 wires
    14886 wire bits
      158 public wires
     3868 public wire bits
       47 ports
      623 port bits
        - memories
        - memory bits
        - processes
    14380 cells
      148   $_ANDNOT_
     4985   $_AND_
       30   $_DFFE_PP0N_
     3042   $_DFFE_PP0P_
      365   $_MUX_
     5206   $_NAND_
       73   $_NOR_
       11   $_NOT_
      154   $_ORNOT_
      249   $_OR_
       34   $_XNOR_
       83   $_XOR_
        6 submodules
        1   $paramod$9e6bc8e233a88c507ee6c1d0d66120fe2d49b2c9\Instruction_Memory
        1   $paramod\Data_Memory\WORDS=s32'00000000000000000000000001000000
        1   ALU
        1   Control_Unit
        1   Immediate_Generator
        1   Register_File

3.26. Executing CHECK pass (checking for obvious problems).
Checking module $paramod$9e6bc8e233a88c507ee6c1d0d66120fe2d49b2c9\Instruction_Memory...
Checking module ALU...
Checking module Control_Unit...
Checking module Immediate_Generator...
Checking module Register_File...
Checking module $paramod\Data_Memory\WORDS=s32'00000000000000000000000001000000...
Checking module Single_Cycle...
Found and reported 0 problems.

4. Executing CHECK pass (checking for obvious problems).
Checking module $paramod$9e6bc8e233a88c507ee6c1d0d66120fe2d49b2c9\Instruction_Memory...
Checking module ALU...
Checking module Control_Unit...
Checking module Immediate_Generator...
Checking module Register_File...
Checking module $paramod\Data_Memory\WORDS=s32'00000000000000000000000001000000...
Checking module Single_Cycle...
Found and reported 0 problems.

5. Printing statistics.

=== $paramod$9e6bc8e233a88c507ee6c1d0d66120fe2d49b2c9\Instruction_Memory ===

        +----------Local Count, excluding submodules.
        | 
     1087 wires
     1149 wire bits
        3 public wires
       65 public wire bits
        3 ports
       65 port bits
     1114 cells
       55   $_ANDNOT_
      328   $_AND_
       34   $_MUX_
      519   $_NAND_
       33   $_NOR_
        5   $_NOT_
       52   $_ORNOT_
       87   $_OR_
        1   $_XOR_

=== ALU ===

        +----------Local Count, excluding submodules.
        | 
     1254 wires
     1350 wire bits
        5 public wires
      101 public wire bits
        5 ports
      101 port bits
     1282 cells
       24   $_ANDNOT_
      375   $_AND_
      203   $_MUX_
      400   $_NAND_
        6   $_NOR_
        3   $_NOT_
       95   $_ORNOT_
      138   $_OR_
       16   $_XNOR_
       22   $_XOR_

=== Control_Unit ===

        +----------Local Count, excluding submodules.
        | 
       60 wires
       94 wire bits
       10 public wires
       44 public wire bits
       10 ports
       44 port bits
       61 cells
       10   $_ANDNOT_
       16   $_AND_
        2   $_MUX_
       17   $_NAND_
        5   $_NOR_
        1   $_NOT_
        4   $_ORNOT_
        6   $_OR_

=== Immediate_Generator ===

        +----------Local Count, excluding submodules.
        | 
       42 wires
      104 wire bits
        2 public wires
       64 public wire bits
        2 ports
       64 port bits
       61 cells
        4   $_ANDNOT_
       16   $_AND_
       34   $_NAND_
        2   $_NOR_
        3   $_ORNOT_
        2   $_OR_

=== Register_File ===

        +----------Local Count, excluding submodules.
        | 
     4110 wires
     5176 wire bits
       40 public wires
     1106 public wire bits
        9 ports
      114 port bits
     5126 cells
       42   $_ANDNOT_
     2035   $_AND_
      992   $_DFFE_PP0P_
     2051   $_NAND_
        6   $_NOR_

=== $paramod\Data_Memory\WORDS=s32'00000000000000000000000001000000 ===

        +----------Local Count, excluding submodules.
        | 
     4329 wires
     6406 wire bits
       72 public wires
     2149 public wire bits
        8 ports
      101 port bits
     6338 cells
       10   $_ANDNOT_
     2180   $_AND_
     2048   $_DFFE_PP0P_
     2080   $_NAND_
       20   $_NOR_

=== Single_Cycle ===

        +----------Local Count, excluding submodules.
        | 
      294 wires
      607 wire bits
       26 public wires
      339 public wire bits
       10 ports
      134 port bits
      398 cells
        3   $_ANDNOT_
       35   $_AND_
       30   $_DFFE_PP0N_
        2   $_DFFE_PP0P_
      126   $_MUX_
      105   $_NAND_
        1   $_NOR_
        2   $_NOT_
       16   $_OR_
       18   $_XNOR_
       60   $_XOR_
        6 submodules
        1   $paramod$9e6bc8e233a88c507ee6c1d0d66120fe2d49b2c9\Instruction_Memory
        1   $paramod\Data_Memory\WORDS=s32'00000000000000000000000001000000
        1   ALU
        1   Control_Unit
        1   Immediate_Generator
        1   Register_File

=== design hierarchy ===

        +----------Count including submodules.
        | 
    14380 Single_Cycle
     1114 $paramod$9e6bc8e233a88c507ee6c1d0d66120fe2d49b2c9\Instruction_Memory
     6338 $paramod\Data_Memory\WORDS=s32'00000000000000000000000001000000
     1282 ALU
       61 Control_Unit
       61 Immediate_Generator
     5126 Register_File

        +----------Count including submodules.
        | 
    11176 wires
    14886 wire bits
      158 public wires
     3868 public wire bits
       47 ports
      623 port bits
        - memories
        - memory bits
        - processes
    14380 cells
      148   $_ANDNOT_
     4985   $_AND_
       30   $_DFFE_PP0N_
     3042   $_DFFE_PP0P_
      365   $_MUX_
     5206   $_NAND_
       73   $_NOR_
       11   $_NOT_
      154   $_ORNOT_
      249   $_OR_
       34   $_XNOR_
       83   $_XOR_
        6 submodules
        1   $paramod$9e6bc8e233a88c507ee6c1d0d66120fe2d49b2c9\Instruction_Memory
        1   $paramod\Data_Memory\WORDS=s32'00000000000000000000000001000000
        1   ALU
        1   Control_Unit
        1   Immediate_Generator
        1   Register_File

6. Executing JSON backend.

Warnings: 2 unique messages, 3 total
End of script. Logfile hash: b550841a31, time: 12.95s, user: 12.98s, system: 0.00s
Yosys 0.69 (git sha1 9f75ca1f9, Release, Clang /workspace/YoWASP/yosys/wasi-sdk-33.0-x86_64-linux/share/cmake/../..//bin/clang++ 22.1.0)
Time spent: 34% 1x abc (4 sec), 9% 33x opt_expr (1 sec), ...
